TimeStamp,Value,Is_Anomaly,Predicted
1425008573,42,0,44.0725
1425008873,41,0,50.70939
1425009173,41,0,81.40512
1425009473,61,0,39.950367
1425009773,44,0,35.35016
1425010073,27,0,27.713638
1425010373,37,0,41.54571
1425010673,36,0,38.74362
1425010973,49,0,40.859787
1425011273,36,0,25.444733
1425011573,41,0,31.864576
1425011873,32,0,28.622643
1425012173,50,0,67.422714
1425012473,43,0,52.823044
1425012773,50,0,45.38516
1425013073,47,0,24.453096
1425013373,50,0,26.30445
1425013673,45,0,31.192892
1425013973,56,0,48.51421
1425014273,40,0,49.95478
1425014573,32,0,45.247726
1425014873,57,0,28.666618
1425015173,73,1,31.362171
1425015473,49,0,21.657389
1425015773,59,0,56.12364
1425016073,140,1,65.32431
1425016373,56,0,59.383816
1425016673,44,0,33.06472
1425016973,38,0,39.525936
1425017273,37,0,27.618866
1425017573,28,0,42.99863
1425017873,30,0,44.719856
1425018173,32,0,42.912575
1425018473,38,0,29.724861
1425018773,47,0,33.394882
1425019073,31,0,31.523886
1425019373,30,0,51.963814
1425019673,26,0,47.549656
1425019973,20,0,58.242588
1425020273,36,0,59.746346
1425020573,28,0,32.827415
1425020873,23,0,30.970127
1425021173,15,0,59.815273
1425021473,25,0,43.458904
1425021773,20,0,34.112938
1425022073,19,0,29.294142
1425022373,19,0,33.125698
1425022673,18,0,27.59595
1425022973,21,0,45.48289
1425023273,17,0,36.27967
1425023573,11,0,32.72244
1425023873,32,0,21.086588
1425024173,13,0,22.274696
1425024473,13,0,27.048908
1425024773,31,0,27.43634
1425025073,23,0,30.321333
1425025373,19,0,35.536034
1425025673,22,0,21.62684
1425025973,18,0,20.279493
1425026273,23,0,23.432384
1425026573,42,0,29.416405
1425026873,14,0,31.804121
1425027173,14,0,32.829742
1425027473,23,0,19.04106
1425027773,15,0,18.28931
1425028073,15,0,24.699017
1425028373,11,0,22.828165
1425028673,18,0,23.370234
1425028973,11,0,37.132004
1425029273,20,0,15.143021
1425029573,26,0,15.26905
1425029873,14,0,20.831905
1425030173,17,0,19.597483
1425030473,17,0,19.68858
1425030773,18,0,26.509106
1425031073,20,0,14.727424
1425031373,22,0,15.286534
1425031673,19,0,21.520533
1425031973,31,0,17.266935
1425032273,16,0,18.790913
1425032573,17,0,18.57605
1425032873,17,0,12.960232
1425033173,27,0,14.518209
1425033473,32,1,13.747632
1425033773,27,0,15.758645
1425034073,30,0,18.330496
1425034373,21,0,27.150211
1425034673,24,0,14.051129
1425034973,29,0,14.145045
1425035273,30,0,17.930708
1425035573,14,0,18.635471
1425035873,30,0,19.45123
1425036173,10,0,19.991117
1425036473,41,1,14.762168
1425036773,18,0,16.852385
1425037073,25,0,16.083525
1425037373,44,0,17.578835
1425037673,36,0,23.602312
1425037973,16,0,20.086153
1425038273,39,0,19.418797
1425038573,19,0,24.009844
1425038873,34,0,19.58092
1425039173,42,0,19.986609
1425039473,30,0,30.254147
1425039773,24,0,20.160902
1425040073,35,0,20.22199
1425040373,34,0,18.898758
1425040673,23,0,18.161875
1425040973,50,0,17.055286
1425041273,39,0,21.732681
1425041573,32,0,32.831326
1425041873,42,0,22.117634
1425042173,38,0,22.17311
1425042473,34,0,24.953205
1425042773,42,0,25.21217
1425043073,44,0,33.267914
1425043373,53,0,28.736994
1425043673,37,0,23.506163
1425043973,29,0,26.770296
1425044273,28,0,33.74566
1425044573,41,0,32.778522
1425044873,34,0,27.281183
1425045173,37,0,32.34816
1425045473,222,1,38.035175
1425045773,46,0,37.78836
1425046073,32,0,32.051666
1425046373,37,0,36.80187
1425046673,110,0,37.085175
1425046973,65,0,41.191723
1425047273,42,0,39.842186
1425047573,54,0,54.86834
1425047873,66,0,57.41518
1425048173,46,0,40.448288
1425048473,42,0,46.02332
1425048773,38,0,41.343548
1425049073,102,1,28.336624
1425049373,92,0,54.510506
1425049673,62,0,58.23806
1425049973,62,0,53.868416
1425050273,56,0,58.70003
1425050573,86,0,52.594654
1425050873,67,0,51.51058
1425051173,62,0,65.19024
1425051473,56,0,59.838284
1425051773,61,0,67.77029
1425052073,58,0,63.80071
1425052373,52,0,72.34956
1425052673,50,0,58.965225
1425052973,51,0,58.852615
1425053273,47,0,68.27437
1425053573,41,0,70.30145
1425053873,52,0,71.32061
1425054173,37,0,72.859024
1425054473,68,0,59.786198
1425054773,68,0,56.250614
1425055073,109,1,52.23953
1425055373,80,0,58.932503
1425055673,108,0,76.35689
1425055973,65,0,80.66314
1425056273,172,1,64.94394
1425056573,172,1,71.54309
1425056873,271,1,68.36337
1425057173,456,1,89.71029
1425057473,440,1,134.6846
1425057773,477,1,126.21005
1425058073,426,0,175.72702
1425058373,284,0,218.23523
1425058673,159,0,224.17328
1425058973,112,0,220.60077
1425059273,118,0,242.33545
1425059573,70,0,211.2764
1425059873,59,0,180.39964
1425060173,51,0,179.65549
1425060473,63,0,151.20279
1425060773,45,0,204.62018
1425061073,108,0,204.9653
1425061373,68,0,183.32085
1425061673,105,0,196.94618
1425061973,52,0,188.1459
1425062273,95,0,168.9129
1425062573,111,0,156.3423
1425062873,116,0,164.8849
1425063173,155,0,126.91968
1425063473,141,0,232.38298
1425063773,115,0,202.42792
1425064073,137,0,182.1961
1425064373,112,0,184.77492
1425064673,113,0,141.38393
1425064973,136,0,142.12779
1425065273,119,0,221.74937
1425065573,97,0,221.63635
1425065873,102,0,197.04927
1425066173,101,0,168.95969
1425066473,96,0,126.08925
1425066773,87,0,112.545425
1425067073,93,0,119.329666
1425067373,103,0,134.35228
1425067673,96,0,121.8092
1425067973,99,0,124.967316
1425068273,110,0,85.02119
1425068573,90,0,135.73871
1425068873,154,0,149.15163
1425069173,131,0,203.44498
1425069473,130,0,227.91493
1425069773,100,0,141.81023
1425070073,93,0,183.426
1425070373,95,0,121.34134
1425070673,109,0,136.30798
1425070973,92,0,113.14758
1425071273,111,0,113.64194
1425071573,99,0,50.421734
1425071873,122,0,82.596794
1425072173,89,0,86.41019
1425072473,108,0,82.70137
1425072773,106,0,91.71597
1425073073,118,0,93.07208
1425073373,110,0,86.32316
1425073673,138,1,81.89029
1425073973,111,0,84.10333
1425074273,123,0,100.61541
1425074573,120,0,103.58286
1425074873,89,0,108.13374
1425075173,88,0,105.90489
1425075473,147,0,109.95816
1425075773,129,0,119.87259
1425076073,141,0,120.04515
1425076373,129,0,108.23234
1425076673,81,0,121.832405
1425076973,90,0,101.21815
1425077273,90,0,98.6791
1425077573,96,0,99.507965
1425077873,95,0,102.54412
1425078173,85,0,101.31547
1425078473,96,0,101.572815
1425078773,114,0,95.500244
1425079073,60,1,95.53707
1425079373,73,0,91.11715
1425079673,88,0,101.60476
1425079973,106,0,120.09071
1425080273,103,0,102.070526
1425080573,115,0,94.45684
1425080873,90,0,102.65394
1425081173,93,0,87.87423
1425081473,96,0,96.18569
1425081773,106,0,102.99165
1425082073,91,0,110.05779
1425082373,78,0,102.47967
1425082673,86,0,90.55407
1425082973,90,0,87.75664
1425083273,96,0,95.645256
1425083573,74,0,94.75909
1425083873,96,0,94.37393
1425084173,114,0,94.39913
1425084473,99,0,93.963425
1425084773,77,0,90.166695
1425085073,83,0,91.687454
1425085373,80,0,90.79212
1425085673,85,0,93.52424
1425085973,81,0,86.39573
1425086273,89,0,88.81588
1425086573,80,0,83.12175
1425086873,79,0,85.410736
1425087173,76,0,86.477036
1425087473,97,0,85.81144
1425087773,86,0,84.25302
1425088073,96,0,84.92726
1425088373,79,0,85.92249
1425088673,89,0,87.931244
1425088973,86,0,90.22135
1425089273,78,0,81.01791
1425089573,87,0,78.385635
1425089873,87,0,79.72471
1425090173,111,1,82.08143
1425090473,112,0,82.13036
1425090773,101,0,84.984726
1425091073,111,1,84.32936
1425091373,98,0,89.26422
1425091673,76,0,86.06653
1425091973,73,0,90.2273
1425092273,97,0,88.91683
1425092573,114,1,84.620895
1425092873,104,0,86.799805
1425093173,117,1,80.05649
1425093473,105,1,82.30791
1425093773,100,0,81.139145
1425094073,112,1,84.894165
1425094373,131,1,90.45755
1425094673,107,0,92.73672
1425094973,81,0,88.58253
1425095273,100,0,84.97548
1425095573,76,0,82.11051
1425095873,87,0,84.03075
1425096173,96,0,84.44424
1425096473,87,0,84.80358
1425096773,87,0,84.766
1425097073,73,0,80.26892
1425097373,204,1,80.299
1425097673,229,1,85.00921
1425097973,79,0,88.55585
1425098273,70,0,82.2317
1425098573,63,0,93.62666
1425098873,62,0,88.21021
1425099173,66,0,82.77892
1425099473,66,0,82.22801
1425099773,58,0,79.6211
1425100073,63,0,77.643486
1425100373,36,0,71.90971
1425100673,24,1,72.459206
1425100973,19,1,73.43592
1425101273,19,0,60.868076
1425101573,24,0,72.37035
1425101873,19,0,74.569954
1425102173,27,0,58.272915
1425102473,15,1,73.28697
1425102773,23,0,50.93121
1425103073,25,0,57.853035
1425103373,28,0,53.111282
1425103673,20,0,47.310406
1425103973,14,0,42.357315
1425104273,17,0,35.49465
1425104573,57,0,39.998566
1425104873,43,0,48.64643
1425105173,27,0,34.771915
1425105473,30,0,68.47087
1425105773,26,0,41.220577
1425106073,26,0,38.1366
1425106373,17,0,31.588848
1425106673,82,0,33.086086
1425106973,27,0,34.315678
1425107273,22,0,45.51402
1425107573,42,0,34.02897
1425107873,19,0,29.256369
1425108173,15,0,32.126926
1425108473,19,0,16.45519
1425108773,17,0,20.252804
1425109073,21,0,24.84689
1425109373,21,0,28.401964
1425109673,24,0,21.694239
1425109973,15,0,16.81648
1425110273,16,0,31.50609
1425110573,20,0,15.453386
1425110873,27,0,19.674437
1425111173,20,0,29.076046
1425111473,20,0,14.909634
1425111773,7,0,16.435701
1425112073,10,0,23.274794
1425112373,17,0,7.801034
1425112673,17,0,13.356499
1425112973,9,0,16.830887
1425113273,18,0,18.224112
1425113573,12,0,19.09104
1425113873,16,0,16.814528
1425114173,18,0,12.029342
1425114473,10,0,29.377182
1425114773,10,0,20.202017
1425115073,8,0,17.867949
1425115373,11,0,18.536901
1425115673,14,0,10.37678
1425115973,13,0,12.439128
1425116273,18,0,16.523258
1425116573,21,0,14.247739
1425116873,13,0,16.351545
1425117173,13,0,22.54141
1425117473,26,0,22.166124
1425117773,26,0,34.903652
1425118073,19,0,11.888503
1425118373,12,0,25.64443
1425118673,24,0,23.681282
1425118973,14,0,29.71614
1425119273,10,0,38.067734
1425119573,28,0,25.563477
1425119873,9,0,16.097298
1425120173,12,0,14.6513605
1425120473,15,0,18.53424
1425120773,12,0,21.398903
1425121073,28,0,20.387297
1425121373,23,0,21.380568
1425121673,7,0,17.977987
1425121973,14,0,22.161745
1425122273,13,0,17.798244
1425122573,15,0,15.221985
1425122873,11,0,14.847498
1425123173,15,0,15.929125
1425123473,11,0,18.847658
1425123773,14,0,17.175362
1425124073,13,0,20.75411
1425124373,13,0,14.523889
1425124673,21,0,18.098543
1425124973,22,0,22.356054
1425125273,29,0,24.874954
1425125573,10,0,24.629725
1425125873,18,0,23.37358
1425126173,15,0,15.950548
1425126473,9,0,17.596045
1425126773,16,0,19.100431
1425127073,20,0,14.650161
1425127373,17,0,17.009932
1425127673,26,0,17.551624
1425127973,17,0,18.591501
1425128273,26,0,23.659883
1425128573,24,0,21.942604
1425128873,18,0,24.117847
1425129173,13,0,25.199207
1425129473,19,0,22.904284
1425129773,21,0,21.726912
1425130073,20,0,19.923412
1425130373,22,0,19.292583
1425130673,18,0,18.781364
1425130973,19,0,17.165865
1425131273,23,0,23.520384
1425131573,13,0,17.090574
1425131873,18,0,17.989134
1425132173,17,0,23.761127
1425132473,35,1,18.067877
1425132773,20,0,17.997152
1425133073,23,0,28.342861
1425133373,29,0,17.927366
1425133673,40,0,23.323524
1425133973,24,0,30.054949
1425134273,32,0,21.421675
1425134573,26,0,25.464266
1425134873,23,0,30.907997
1425135173,27,0,24.10246
1425135473,36,0,32.140026
1425135773,26,0,29.173986
1425136073,42,0,26.84308
1425136373,28,0,29.52978
1425136673,32,0,30.614159
1425136973,25,0,34.870293
1425137273,21,0,27.205662
1425137573,41,1,21.246342
1425137873,15,0,31.25553
1425138173,55,1,20.003956
1425138473,36,0,26.953238
1425138773,27,0,33.43098
1425139073,37,0,26.209087
1425139373,29,0,33.788708
1425139673,33,0,33.622368
1425139973,44,0,26.501263
1425140273,35,0,35.350143
1425140573,30,0,32.406864
1425140873,37,0,26.558092
1425141173,26,0,39.78557
1425141473,26,0,31.84184
1425141773,48,1,29.426891
1425142073,40,0,38.204327
1425142373,44,0,33.606617
1425142673,42,0,34.817963
1425142973,37,0,37.621597
1425143273,44,0,30.129755
1425143573,53,0,35.80717
1425143873,37,0,42.2064
1425144173,67,0,37.36766
1425144473,33,0,51.071743
1425144773,33,0,43.35465
1425145073,43,0,28.53586
1425145373,44,0,50.36465
1425145673,34,0,38.96412
1425145973,20,0,37.27505
1425146273,37,0,40.687202
1425146573,52,0,30.236803
1425146873,37,0,30.910736
1425147173,33,0,36.857906
1425147473,36,0,34.73386
1425147773,37,0,34.407383
1425148073,29,0,35.430264
1425148373,33,0,32.724323
1425148673,37,0,33.692883
1425148973,32,0,34.61462
1425149273,39,0,36.55062
1425149573,42,0,33.83706
1425149873,52,0,31.139864
1425150173,84,1,34.272923
1425150473,30,0,50.533264
1425150773,25,0,42.359882
1425151073,21,0,33.79187
1425151373,22,0,34.09265
1425151673,32,0,33.45949
1425151973,46,0,37.735245
1425152273,24,0,29.522463
1425152573,19,0,40.27616
1425152873,25,0,31.191889
1425153173,24,0,30.701351
1425153473,42,0,30.292076
1425153773,60,0,44.36786
1425154073,63,1,35.08178
1425154373,35,0,51.92361
1425154673,35,0,37.775063
1425154973,26,0,35.59141
1425155273,22,0,33.400845
1425155573,52,0,28.26745
1425155873,38,0,41.300434
1425156173,37,0,34.63383
1425156473,26,0,32.567852
1425156773,28,0,34.488228
1425157073,51,0,31.172007
1425157373,41,0,33.462452
1425157673,28,0,32.85204
1425157973,55,0,47.57291
1425158273,29,0,40.794655
1425158573,28,0,35.602493
1425158873,20,0,32.07916
1425159173,31,0,29.557116
1425159473,32,0,26.418177
1425159773,40,0,33.809242
1425160073,20,0,33.2062
1425160373,32,0,27.550854
1425160673,33,0,32.402
1425160973,33,0,31.767971
1425161273,40,0,28.612326
1425161573,20,0,47.3862
1425161873,35,0,36.06742
1425162173,40,0,39.80344
1425162473,20,0,33.029167
1425162773,32,0,25.711748
1425163073,29,0,25.252945
1425163373,29,0,27.610735
1425163673,28,0,31.88431
1425163973,30,0,26.331434
1425164273,39,0,29.924547
1425164573,24,0,28.29529
1425164873,22,0,26.37345
1425165173,32,0,28.077217
1425165473,26,0,29.76173
1425165773,31,0,37.95176
1425166073,40,0,29.231476
1425166373,37,0,36.210896
1425166673,36,0,30.121487
1425166973,24,0,26.340742
1425167273,14,0,27.706696
1425167573,26,0,25.147106
1425167873,37,0,27.469011
1425168173,24,0,29.898493
1425168473,26,0,27.900133
1425168773,24,0,25.513493
1425169073,38,0,24.28583
1425169373,18,0,28.06662
1425169673,35,0,24.80357
1425169973,20,0,36.795376
1425170273,34,0,24.458237
1425170573,16,0,26.630226
1425170873,26,0,23.115353
1425171173,18,0,23.164125
1425171473,33,0,26.274422
1425171773,38,0,25.754889
1425172073,36,0,30.927902
1425172373,25,0,33.38689
1425172673,28,0,28.125256
1425172973,21,0,32.478333
1425173273,13,0,23.869488
1425173573,30,0,22.686205
1425173873,25,0,29.806501
1425174173,30,0,22.953316
1425174473,21,0,27.204346
1425174773,19,0,21.472466
1425175073,38,0,24.018309
1425175373,40,0,29.531519
1425175673,33,0,31.675196
1425175973,22,0,32.481335
1425176273,13,0,29.75105
1425176573,16,0,21.892366
1425176873,47,0,22.873255
1425177173,32,0,31.452919
1425177473,35,0,28.601273
1425177773,20,0,32.60426
1425178073,30,0,24.540682
1425178373,17,0,22.977226
1425178673,24,0,26.014296
1425178973,17,0,23.285604
1425179273,16,0,22.053343
1425179573,30,0,17.55499
1425179873,16,0,21.24034
1425180173,9,0,18.295975
1425180473,32,0,18.131718
1425180773,33,0,21.582895
1425181073,35,0,21.696615
1425181373,22,0,31.022884
1425181673,20,0,21.405142
1425181973,14,0,21.247066
1425182273,22,0,19.807604
1425182573,29,0,18.279825
1425182873,17,0,24.172827
1425183173,26,0,21.741966
1425183473,24,0,28.30563
1425183773,31,0,20.67072
1425184073,19,0,24.519957
1425184373,20,0,18.236504
1425184673,27,0,18.5807
1425184973,16,0,16.58292
1425185273,26,0,17.735584
1425185573,51,0,24.392347
1425185873,32,0,28.253828
1425186173,40,0,22.10153
1425186473,34,0,25.181988
1425186773,22,0,30.137682
1425187073,45,0,19.856363
1425187373,23,0,30.617687
1425187673,38,0,19.804966
1425187973,24,0,26.37822
1425188273,19,0,21.543167
1425188573,14,0,19.316006
1425188873,24,0,20.764471
1425189173,22,0,17.678185
1425189473,17,0,25.273708
1425189773,21,0,18.36449
1425190073,23,0,17.302649
1425190373,27,0,19.592745
1425190673,19,0,20.399252
1425190973,19,0,22.714407
1425191273,21,0,21.308922
1425191573,28,0,22.973509
1425191873,14,0,18.869822
1425192173,11,0,19.545265
1425192473,9,0,17.811018
1425192773,20,0,18.439426
1425193073,16,0,14.380305
1425193373,13,0,19.064482
1425193673,11,0,15.642592
1425193973,12,0,17.934946
1425194273,12,0,17.784798
1425194573,31,0,15.00541
1425194873,20,0,25.016283
1425195173,22,0,22.127533
1425195473,12,0,20.325657
1425195773,15,0,17.467642
1425196073,6,0,16.237936
1425196373,14,0,12.508354
1425196673,11,0,16.664204
1425196973,14,0,16.47168
1425197273,71,1,14.745347
1425197573,9,0,27.381422
1425197873,4,0,16.089281
1425198173,15,0,15.559306
1425198473,19,0,14.375863
1425198773,15,0,13.9096
1425199073,15,0,14.978296
1425199373,17,0,10.36631
1425199673,6,0,13.786015
1425199973,18,0,14.034264
1425200273,19,0,15.918562
1425200573,23,0,17.124882
1425200873,20,0,19.448547
1425201173,11,0,12.234173
1425201473,14,0,14.097993
1425201773,8,0,13.655502
1425202073,12,0,12.7248335
1425202373,13,0,19.496943
1425202673,17,0,13.551121
1425202973,10,0,12.880418
1425203273,11,0,12.95038
1425203573,11,0,13.027577
1425203873,19,0,12.092547
1425204173,13,0,13.091751
1425204473,8,0,14.3625145
1425204773,16,0,12.345747
1425205073,14,0,11.483702
1425205373,7,0,12.534439
1425205673,12,0,12.223858
1425205973,22,0,21.201561
1425206273,10,0,14.584963
1425206573,11,0,11.82401
1425206873,24,0,13.350419
1425207173,14,0,14.111148
1425207473,18,0,13.473608
1425207773,18,0,12.675162
1425208073,7,0,12.188673
1425208373,9,0,10.744655
1425208673,8,0,12.898288
1425208973,12,0,16.043617
1425209273,14,0,14.6543
1425209573,20,0,11.379058
1425209873,27,1,11.479661
1425210173,10,0,17.254652
1425210473,13,0,12.349753
1425210773,10,0,13.811811
1425211073,17,0,12.097369
1425211373,30,1,11.749029
1425211673,16,0,19.197514
1425211973,11,0,16.943691
1425212273,13,0,13.066098
1425212573,19,0,14.094766
1425212873,12,0,15.507893
1425213173,12,0,15.998374
1425213473,19,0,13.620926
1425213773,20,0,15.98932
1425214073,24,0,13.290213
1425214373,22,0,14.669682
1425214673,26,0,18.976946
1425214973,19,0,20.141645
1425215273,16,0,20.298576
1425215573,43,1,17.978363
1425215873,21,0,21.815702
1425216173,18,0,17.716455
1425216473,22,0,18.02155
1425216773,25,0,19.751379
1425217073,24,0,20.39162
1425217373,25,0,22.412186
1425217673,36,0,21.010433
1425217973,16,0,25.661459
1425218273,23,0,20.462477
1425218573,35,0,20.29398
1425218873,26,0,24.30114
1425219173,79,1,25.978662
1425219473,22,0,29.021887
1425219773,16,0,28.622288
1425220073,29,0,24.621986
1425220373,16,0,23.474695
1425220673,24,0,26.294666
1425220973,27,0,25.447166
1425221273,12,0,26.358366
1425221573,14,0,27.15027
1425221873,19,0,25.830832
1425222173,21,0,25.95482
1425222473,20,0,28.688347
1425222773,21,0,26.560892
1425223073,22,0,26.04644
1425223373,21,0,24.464926
1425223673,23,0,24.373081
1425223973,21,0,25.484
1425224273,19,0,27.524342
1425224573,51,1,26.155073
1425224873,134,1,30.580206
1425225173,58,0,38.27298
1425225473,43,0,38.400684
1425225773,34,0,38.375546
1425226073,29,0,32.091827
1425226373,52,0,30.786787
1425226673,36,0,32.694923
1425226973,43,0,34.963615
1425227273,31,0,38.451885
1425227573,27,0,36.244255
1425227873,33,0,30.938671
1425228173,24,0,25.611057
1425228473,28,0,32.069286
1425228773,22,0,36.239475
1425229073,39,0,32.54433
1425229373,34,0,34.29857
1425229673,35,0,32.00356
1425229973,30,0,35.295494
1425230273,33,0,36.551792
1425230573,27,0,30.637718
1425230873,17,0,31.59678
1425231173,24,0,29.143013
1425231473,31,0,30.868368
1425231773,53,0,27.99777
1425232073,59,0,33.24238
1425232373,29,0,29.588154
1425232673,82,1,37.882328
1425232973,26,0,50.97126
1425233273,31,0,36.353565
1425233573,22,0,45.50774
1425233873,34,0,25.673904
1425234173,27,0,35.784706
1425234473,33,0,27.43516
1425234773,30,0,29.790485
1425235073,37,0,31.260433
1425235373,31,0,34.090397
1425235673,47,0,34.352394
1425235973,40,0,35.325695
1425236273,34,0,37.59581
1425236573,42,0,38.281555
1425236873,44,0,35.516518
1425237173,34,0,38.976944
1425237473,62,0,33.47474
1425237773,26,0,37.84546
1425238073,29,0,33.19882
1425238373,37,0,35.506935
1425238673,37,0,33.800102
1425238973,26,0,37.59333
1425239273,32,0,32.280884
1425239573,32,0,34.82677
1425239873,36,0,32.761925
1425240173,23,0,32.918903
1425240473,25,0,34.877068
1425240773,21,0,33.222275
1425241073,30,0,31.704632
1425241373,34,0,34.37975
1425241673,20,0,28.896494
1425241973,15,0,28.90075
1425242273,25,0,27.352575
1425242573,44,0,35.464157
1425242873,41,0,31.645979
1425243173,36,0,35.72223
1425243473,45,0,39.368404
1425243773,33,0,36.081398
1425244073,42,0,38.922005
1425244373,44,0,36.80949
1425244673,58,0,38.05166
1425244973,26,0,33.524326
1425245273,39,0,30.17669
1425245573,70,1,30.94521
1425245873,29,0,35.711964
1425246173,21,0,38.97922
1425246473,30,0,35.719048
1425246773,90,1,34.31972
1425247073,108,1,36.69324
1425247373,101,1,42.273666
1425247673,68,0,37.58026
1425247973,36,0,45.628574
1425248273,34,0,38.766075
1425248573,51,0,39.57216
1425248873,37,0,40.48588
1425249173,42,0,44.50912
1425249473,38,0,39.962883
1425249773,42,0,37.864662
1425250073,42,0,37.085434
1425250373,29,0,40.123875
1425250673,43,0,31.80115
1425250973,47,0,36.32974
1425251273,35,0,46.792297
1425251573,37,0,30.80723
1425251873,25,0,32.981102
1425252173,27,0,35.663044
1425252473,33,0,37.004257
1425252773,26,0,32.31128
1425253073,25,0,29.760065
1425253373,50,0,33.8998
1425253673,34,0,33.33414
1425253973,32,0,38.388683
1425254273,38,0,35.21211
1425254573,47,0,33.234486
1425254873,38,0,32.4062
1425255173,33,0,44.076897
1425255473,41,0,42.328228
1425255773,26,0,42.528362
1425256073,31,0,31.320747
1425256373,23,0,37.358902
1425256673,24,0,34.534103
1425256973,31,0,33.936066
1425257273,31,0,32.919975
1425257573,36,0,37.167614
1425257873,32,0,36.27092
1425258173,36,0,32.962105
1425258473,37,0,45.649662
1425258773,30,0,39.597015
1425259073,20,0,35.88836
1425259373,38,0,36.58631
1425259673,29,0,36.392242
1425259973,26,0,30.871643
1425260273,36,0,29.71279
1425260573,31,0,35.264122
1425260873,41,0,34.8553
1425261173,29,0,39.757305
1425261473,31,0,38.48828
1425261773,34,0,40.542492
1425262073,28,0,36.91208
1425262373,36,0,32.438896
1425262673,27,0,37.867455
1425262973,18,0,33.406597
1425263273,48,1,27.184982
1425263573,21,0,36.802837
1425263873,20,0,28.187328
1425264173,20,0,29.123552
1425264473,28,0,25.60487
1425264773,30,0,28.310938
1425265073,33,0,31.610191
1425265373,30,0,34.33584
1425265673,21,0,30.343204
1425265973,30,0,27.837475
1425266273,17,0,29.367289
1425266573,23,0,24.541254
1425266873,57,1,28.772366
1425267173,58,0,34.79692
1425267473,36,0,42.34814
1425267773,50,0,29.209463
1425268073,32,0,34.010746
1425268373,22,0,31.871069
1425268673,33,0,30.789316
1425268973,24,0,33.92016
1425269273,22,0,31.897875
1425269573,33,0,33.543148
1425269873,36,0,29.539017
1425270173,36,0,28.593033
1425270473,25,0,34.973053
1425270773,48,1,24.24917
1425271073,42,0,34.051342
1425271373,23,0,29.532753
1425271673,33,0,25.123842
1425271973,36,0,35.800507
1425272273,40,0,31.331484
1425272573,35,0,38.16339
1425272873,39,0,37.654697
1425273173,41,0,33.892994
1425273473,34,0,33.43062
1425273773,26,0,32.80179
1425274073,26,0,31.822693
1425274373,32,0,31.90112
1425274673,31,0,32.66678
1425274973,26,0,34.404724
1425275273,32,0,29.583277
1425275573,34,0,24.868925
1425275873,17,0,32.620678
1425276173,17,0,25.235455
1425276473,25,0,26.52519
1425276773,25,0,31.79534
1425277073,29,0,26.74735
1425277373,25,0,28.942057
1425277673,19,0,25.945826
1425277973,21,0,27.950514
1425278273,21,0,27.02107
1425278573,20,0,26.04576
1425278873,18,0,32.32922
1425279173,18,0,20.924389
1425279473,39,0,27.694996
1425279773,17,0,30.565613
1425280073,21,0,23.405043
1425280373,15,0,22.568232
1425280673,25,0,21.668724
1425280973,18,0,21.872438
1425281273,22,0,26.771807
1425281573,25,0,28.942478
1425281873,14,0,28.872383
1425282173,27,0,22.544014
1425282473,12,0,28.475086
1425282773,18,0,25.688147
1425283073,15,0,21.913805
1425283373,22,0,22.57438
1425283673,48,0,23.31967
1425283973,34,0,26.966673
1425284273,10,0,24.325178
1425284573,9,0,21.23023
1425284873,18,0,21.356392
1425285173,12,0,23.385672
1425285473,23,0,20.527927
1425285773,40,0,22.26218
1425286073,23,0,25.636892
1425286373,21,0,21.242157
1425286673,19,0,24.738848
1425286973,31,0,21.75856
1425287273,16,0,29.65164
1425287573,11,0,19.78525
1425287873,17,0,19.387873
1425288173,15,0,20.28679
1425288473,23,0,20.663733
1425288773,12,0,22.491997
1425289073,17,0,18.89972
1425289373,15,0,23.68395
1425289673,36,1,15.797915
1425289973,16,0,21.313337
1425290273,21,0,16.16959
1425290573,30,0,17.953115
1425290873,11,0,26.680344
1425291173,20,0,18.429209
1425291473,12,0,22.539715
1425291773,14,0,14.91964
1425292073,38,0,25.673294
1425292373,24,0,24.11249
1425292673,19,0,17.693624
1425292973,30,0,26.113266
1425293273,21,0,18.614946
1425293573,21,0,28.761492
1425293873,27,0,19.217014
1425294173,52,0,28.626778
1425294473,25,0,33.531578
1425294773,33,0,21.077719
1425295073,21,0,24.59551
1425295373,29,0,23.300741
1425295673,29,0,35.6477
1425295973,18,0,22.455917
1425296273,21,0,25.809887
1425296573,43,0,24.030693
1425296873,30,0,22.381796
1425297173,25,0,26.142164
1425297473,31,0,26.228031
1425297773,29,0,25.925287
1425298073,23,0,28.840235
1425298373,32,0,33.003548
1425298673,21,0,27.664427
1425298973,31,0,22.855814
1425299273,35,0,26.391092
1425299573,30,0,25.572855
1425299873,33,0,30.084991
1425300173,26,0,32.154037
1425300473,40,0,30.371525
1425300773,42,0,31.698172
1425301073,33,0,31.393044
1425301373,29,0,33.60994
1425301673,31,0,26.70292
1425301973,45,0,27.992792
1425302273,41,0,38.821156
1425302573,35,0,42.94089
1425302873,34,0,38.3581
1425303173,52,0,32.58713
1425303473,40,0,38.208096
1425303773,46,0,44.476177
1425304073,37,0,38.258743
1425304373,36,0,35.100037
1425304673,59,0,50.71146
1425304973,44,0,42.79375
1425305273,48,0,34.857193
1425305573,72,0,52.483814
1425305873,60,0,53.819687
1425306173,32,0,46.358376
1425306473,37,0,36.552708
1425306773,61,0,42.702415
1425307073,35,0,46.5947
1425307373,37,0,44.96255
1425307673,52,0,47.496544
1425307973,59,0,46.739407
1425308273,56,0,49.917572
1425308573,49,0,43.62174
1425308873,40,0,41.726723
1425309173,22,0,46.11144
1425309473,104,1,43.849777
1425309773,110,1,60.29399
1425310073,96,0,54.597576
1425310373,346,1,68.73198
1425310673,195,0,72.57321
1425310973,149,0,98.65023
1425311273,116,0,104.44407
1425311573,127,0,118.233376
1425311873,105,0,101.17917
1425312173,82,0,81.769455
1425312473,72,0,83.666
1425312773,83,0,88.0787
1425313073,101,0,102.9314
1425313373,76,0,75.089294
1425313673,72,0,104.836395
1425313973,57,0,100.536835
1425314273,51,0,74.3345
1425314573,77,0,69.05033
1425314873,56,0,82.648315
1425315173,68,0,74.77934
1425315473,83,0,83.66575
1425315773,60,0,79.00528
1425316073,91,0,73.33535
1425316373,66,0,94.82803
1425316673,70,0,71.32682
1425316973,70,0,86.051506
1425317273,58,0,63.888084
1425317573,54,0,87.07264
1425317873,65,0,65.86991
1425318173,48,0,113.01456
1425318473,48,0,83.5192
1425318773,37,0,88.01903
1425319073,60,0,107.86584
1425319373,54,0,65.22499
1425319673,60,0,86.06464
1425319973,46,0,62.162453
1425320273,59,0,103.91448
1425320573,66,0,75.83326
1425320873,63,0,75.03509
1425321173,78,0,109.1497
1425321473,61,0,81.496445
1425321773,42,0,86.04016
1425322073,67,0,79.918236
1425322373,63,0,78.618866
1425322673,60,0,68.98579
1425322973,58,0,77.83986
1425323273,47,0,80.308044
1425323573,55,0,79.60698
1425323873,41,0,73.20886
1425324173,51,0,67.70354
1425324473,59,0,91.8231
1425324773,54,0,72.349205
1425325073,41,0,60.412415
1425325373,52,0,55.218307
1425325673,44,0,61.33738
1425325973,93,0,56.127968
1425326273,64,0,72.12499
1425326573,74,0,64.51905
1425326873,37,0,70.45111
1425327173,79,0,57.780235
1425327473,76,0,66.990616
1425327773,58,0,57.975418
1425328073,61,0,65.74381
1425328373,44,0,58.13437
1425328673,52,0,63.910797
1425328973,78,0,53.541462
1425329273,67,0,59.55502
1425329573,55,0,64.648575
1425329873,72,0,51.93805
1425330173,65,0,69.049126
1425330473,52,0,62.76103
1425330773,48,0,56.632484
1425331073,59,0,60.228737
1425331373,59,0,65.35037
1425331673,99,0,60.586872
1425331973,56,0,67.173904
1425332273,48,0,53.22179
1425332573,39,0,53.890186
1425332873,32,0,56.364975
1425333173,36,0,60.061134
1425333473,48,0,52.19178
1425333773,63,0,59.490154
1425334073,79,0,62.744656
1425334373,69,0,53.910778
1425334673,55,0,54.76018
1425334973,42,0,50.237724
1425335273,33,0,53.334465
1425335573,29,0,49.192062
1425335873,34,0,52.819138
1425336173,39,0,43.429386
1425336473,46,0,51.398964
1425336773,40,0,52.1214
1425337073,44,0,47.323612
1425337373,26,0,57.21359
1425337673,37,0,48.57819
1425337973,23,0,54.061726
1425338273,39,0,47.400898
1425338573,34,0,47.779865
1425338873,57,0,45.386494
1425339173,29,0,52.526337
1425339473,129,1,39.602905
1425339773,74,0,57.27462
1425340073,58,0,54.15124
1425340373,59,0,59.649746
1425340673,60,0,59.312206
1425340973,37,0,63.10958
1425341273,68,0,57.235275
1425341573,54,0,54.77113
1425341873,45,0,52.672184
1425342173,35,0,50.78518
1425342473,35,0,51.299824
1425342773,49,0,49.609814
1425343073,31,0,58.31562
1425343373,33,0,50.72057
1425343673,43,0,45.027817
1425343973,38,0,46.785065
1425344273,69,0,37.230675
1425344573,59,0,47.70942
1425344873,42,0,46.901627
1425345173,84,0,43.812088
1425345473,63,0,54.219376
1425345773,62,0,58.38994
1425346073,96,0,51.644043
1425346373,76,0,61.569023
1425346673,64,0,56.35735
1425346973,59,0,51.48171
1425347273,52,0,43.05701
1425347573,43,0,45.456577
1425347873,75,0,47.90002
1425348173,47,0,44.435616
1425348473,74,0,46.12015
1425348773,60,0,62.030064
1425349073,53,0,47.328957
1425349373,42,0,47.595753
1425349673,48,0,41.60169
1425349973,33,0,46.994804
1425350273,46,0,49.529728
1425350573,35,0,34.951122
1425350873,51,0,38.286774
1425351173,43,0,51.732494
1425351473,68,0,42.29922
1425351773,35,0,42.501858
1425352073,39,0,46.801445
1425352373,36,0,46.390423
1425352673,39,0,43.09801
1425352973,28,0,48.039032
1425353273,27,0,37.876503
1425353573,21,0,41.236683
1425353873,43,0,32.878353
1425354173,46,0,42.858524
1425354473,30,0,35.11839
1425354773,33,0,39.564587
1425355073,73,0,36.61749
1425355373,235,1,52.68153
1425355673,113,0,61.34145
1425355973,107,0,49.86983
1425356273,81,0,46.92041
1425356573,60,0,42.696064
1425356873,63,0,52.582626
1425357173,44,0,68.4797
1425357473,53,0,58.57385
1425357773,41,0,62.788227
1425358073,57,0,59.07775
1425358373,66,0,44.864685
1425358673,77,0,58.67653
1425358973,446,1,71.947266
1425359273,226,1,75.49689
1425359573,112,0,71.412994
1425359873,87,0,59.23693
1425360173,86,0,65.46902
1425360473,97,0,61.39833
1425360773,57,0,69.2125
1425361073,56,0,70.79732
1425361373,44,0,65.4984
1425361673,30,0,58.5424
1425361973,31,0,56.65203
1425362273,33,0,50.43532
1425362573,35,0,55.12625
1425362873,75,0,46.21218
1425363173,47,0,50.55045
1425363473,240,1,47.362167
1425363773,92,0,50.565853
1425364073,52,0,46.6086
1425364373,45,0,47.68952
1425364673,34,0,57.894238
1425364973,26,0,58.52382
1425365273,38,0,29.382204
1425365573,13,0,48.53797
1425365873,30,0,37.876785
1425366173,25,0,52.993073
1425366473,26,0,40.15435
1425366773,63,0,44.942535
1425367073,28,0,40.378162
1425367373,32,0,43.455536
1425367673,50,0,54.30383
1425367973,29,0,25.04692
1425368273,18,0,32.946247
1425368573,23,0,25.63718
1425368873,23,0,46.182957
1425369173,46,0,34.143936
1425369473,37,0,58.754814
1425369773,18,0,44.596386
1425370073,46,0,41.942947
1425370373,32,0,32.84881
1425370673,28,0,42.395924
1425370973,30,0,47.408726
1425371273,28,0,32.585346
1425371573,24,0,41.41364
1425371873,11,0,49.762394
1425372173,13,0,30.69668
1425372473,19,0,33.592934
1425372773,23,0,33.117004
1425373073,24,0,42.24679
1425373373,26,0,41.56565
1425373673,17,0,33.308506
1425373973,15,0,33.010727
1425374273,18,0,25.846342
1425374573,23,0,24.180267
1425374873,21,0,29.254345
1425375173,15,0,32.27296
1425375473,11,0,31.764267
1425375773,27,0,28.858564
1425376073,18,0,29.921797
1425376373,20,0,25.905348
1425376673,31,0,21.488125
1425376973,82,0,39.50135
1425377273,13,0,51.05545
1425377573,26,0,31.849195
1425377873,22,0,48.873722
1425378173,13,0,35.31324
1425378473,39,0,27.139864
1425378773,22,0,36.448864
1425379073,23,0,29.987087
1425379373,10,0,46.338367
1425379673,20,0,24.674278
1425379973,25,0,25.801178
1425380273,24,0,36.44077
1425380573,29,0,25.903189
1425380873,20,0,40.13301
1425381173,22,0,27.017353
1425381473,25,0,33.931267
1425381773,33,0,29.832804
1425382073,35,0,42.794422
1425382373,24,0,31.143064
1425382673,21,0,48.719166
1425382973,29,0,29.176664
1425383273,30,0,30.126019
1425383573,28,0,27.56294
1425383873,32,0,31.441517
1425384173,36,0,32.70467
1425384473,40,0,34.01102
1425384773,41,0,42.973484
1425385073,37,0,38.767593
1425385373,26,0,30.543682
1425385673,46,0,36.534607
1425385973,43,0,45.01212
1425386273,57,0,51.479275
1425386573,33,0,52.80058
1425386873,40,0,49.527447
1425387173,28,0,50.759743
1425387473,120,1,42.54663
1425387773,106,1,49.433548
1425388073,76,0,51.724846
1425388373,93,0,58.417908
1425388673,49,0,61.738388
1425388973,40,0,56.760727
1425389273,57,0,55.96482
1425389573,49,0,54.89554
1425389873,62,0,57.548088
1425390173,264,1,64.72198
1425390473,169,0,83.443344
1425390773,97,0,90.43879
1425391073,79,0,84.52784
1425391373,104,0,75.512405
1425391673,69,0,88.38725
1425391973,56,0,86.349884
1425392273,95,0,78.270134
1425392573,68,0,80.59191
1425392873,94,0,89.19217
1425393173,72,0,111.83345
1425393473,91,0,83.205956
1425393773,95,0,92.1917
1425394073,72,0,95.971436
1425394373,81,0,115.58986
1425394673,68,0,65.80768
1425394973,77,0,84.71504
1425395273,80,0,89.66901
1425395573,71,0,92.93194
1425395873,79,0,86.76849
1425396173,68,0,102.940704
1425396473,72,0,87.51967
1425396773,65,0,78.442215
1425397073,79,0,77.649635
1425397373,89,0,84.368935
1425397673,80,0,85.816025
1425397973,75,0,100.112045
1425398273,194,0,80.04259
1425398573,193,0,120.6003
1425398873,162,0,137.87695
1425399173,141,0,127.65068
1425399473,133,0,140.12843
1425399773,107,0,135.38264
1425400073,114,0,138.22522
1425400373,98,0,139.57191
1425400673,108,0,121.63726
1425400973,78,0,157.4606
1425401273,85,0,122.578026
1425401573,72,0,126.25947
1425401873,79,0,103.98315
1425402173,90,0,106.12156
1425402473,67,0,96.74897
1425402773,78,0,117.720116
1425403073,85,0,103.01674
1425403373,68,0,101.6001
1425403673,95,0,95.218834
1425403973,96,0,101.75725
1425404273,107,0,114.57195
1425404573,67,0,106.32963
1425404873,67,0,99.848076
1425405173,70,0,92.40023
1425405473,84,0,81.81098
1425405773,91,0,78.89847
1425406073,66,0,82.6268
1425406373,93,0,86.29886
1425406673,112,0,85.210846
1425406973,101,0,95.165474
1425407273,68,0,93.31322
1425407573,132,0,79.254196
1425407873,99,0,101.667694
1425408173,92,0,97.271545
1425408473,106,0,102.782585
1425408773,111,0,111.56733
1425409073,86,0,95.79668
1425409373,112,0,99.12369
1425409673,87,0,97.65416
1425409973,79,0,101.13771
1425410273,102,0,96.525826
1425410573,89,0,98.819374
1425410873,60,0,95.15888
1425411173,94,0,103.53215
1425411473,120,0,93.210175
1425411773,103,0,114.66892
1425412073,94,0,110.65429
1425412373,69,0,100.64578
1425412673,85,0,76.22804
1425412973,82,0,87.945175
1425413273,82,0,79.78384
1425413573,61,0,88.79024
1425413873,90,0,73.4509
1425414173,77,0,91.96807
1425414473,91,0,77.476494
1425414773,134,0,82.72085
1425415073,76,0,98.07528
1425415373,83,0,80.83869
1425415673,165,1,94.615524
1425415973,105,0,100.88409
1425416273,379,1,93.404106
1425416573,1698,1,101.33967
1425416873,3228,1,148.82149
1425417173,2234,1,209.4373
1425417473,1452,1,184.03752
1425417773,865,0,287.14713
1425418073,1088,1,297.16806
1425418373,1585,1,329.42752
1425418673,1132,0,379.99435
1425418973,643,0,389.12234
1425419273,536,0,573.9669
1425419573,369,0,519.85504
1425419873,294,0,325.0234
1425420173,272,0,298.6557
1425420473,169,0,381.82446
1425420773,151,0,577.0293
1425421073,143,0,427.3263
1425421373,170,0,328.1713
1425421673,147,0,208.29196
1425421973,694,0,55.1762
1425422273,396,0,294.76938
1425422573,203,0,345.04993
1425422873,191,0,274.98895
1425423173,165,0,172.65668
1425423473,120,0,96.42129
1425423773,122,0,3.0388725
1425424073,99,0,131.27396
1425424373,109,0,92.85807
1425424673,146,0,383.1672
1425424973,248,0,324.61325
1425425273,394,0,85.5123
1425425573,416,0,412.10983
1425425873,342,0,202.35606
1425426173,219,0,417.0057
1425426473,293,0,404.32712
1425426773,316,0,388.84756
1425427073,505,0,236.72945
1425427373,292,0,344.97662
1425427673,233,0,496.96906
1425427973,381,0,384.42914
1425428273,343,0,494.0901
1425428573,501,0,229.97536
1425428873,379,0,260.40457
1425429173,312,0,278.7325
1425429473,325,0,371.25876
1425429773,257,0,246.6516
1425430073,233,0,324.03232
1425430373,188,0,260.2808
1425430673,153,0,227.06082
1425430973,198,0,400.2572
1425431273,195,0,275.0881
1425431573,294,0,234.85938
1425431873,343,0,261.57825
1425432173,172,0,338.4604
1425432473,174,0,218.97487
1425432773,103,0,266.40652
1425433073,107,0,220.53625
1425433373,69,0,180.26085
1425433673,66,0,151.9594
1425433973,102,0,164.27669
1425434273,68,0,128.95372
1425434573,74,0,123.68227
1425434873,50,0,146.25372
1425435173,52,0,88.353386
1425435473,51,0,110.55916
1425435773,85,0,98.57713
1425436073,116,0,117.46193
1425436373,60,0,76.03439
1425436673,48,0,120.04458
1425436973,49,0,84.95431
1425437273,54,0,133.71265
1425437573,47,0,102.02242
1425437873,50,0,92.902275
1425438173,47,0,54.073956
1425438473,47,0,78.59513
1425438773,51,0,93.07137
1425439073,60,0,51.45571
1425439373,201,0,112.294556
1425439673,173,0,200.31383
1425439973,453,0,114.47357
1425440273,342,0,212.94897
1425440573,186,0,231.01715
1425440873,130,0,93.65871
1425441173,120,0,160.73727
1425441473,129,0,107.6822
1425441773,181,0,126.746376
1425442073,137,0,125.60791
1425442373,115,0,153.62813
1425442673,73,0,143.49095
1425442973,71,0,86.89519
1425443273,83,0,89.105736
1425443573,47,0,99.176994
1425443873,44,0,116.05908
1425444173,47,0,78.94364
1425444473,33,0,78.87868
1425444773,45,0,69.34745
1425445073,54,0,42.417526
1425445373,44,0,21.08243
1425445673,33,0,40.73146
1425445973,52,0,71.326385
1425446273,58,0,30.1909
1425446573,48,0,29.073269
1425446873,39,0,35.854027
1425447173,34,0,41.424137
1425447473,35,0,32.8093
1425447773,33,0,58.779263
1425448073,31,0,46.498676
1425448373,48,0,28.632587
1425448673,41,0,27.86865
1425448973,17,0,15.661915
1425449273,24,0,10.85928
1425449573,32,0,27.935202
1425449873,29,0,29.590477
1425450173,23,0,59.494373
1425450473,26,0,40.013573
1425450773,33,0,16.966883
1425451073,23,0,8.891156
1425451373,21,0,45.030224
1425451673,15,0,42.46305
1425451973,15,0,36.37933
1425452273,44,0,9.5359955
1425452573,24,0,18.122927
1425452873,19,0,21.675165
1425453173,37,0,-2.5382617
1425453473,26,0,7.153141
1425453773,17,0,29.156933
1425454073,24,0,5.840949
1425454373,19,0,-12.370062
1425454673,21,0,15.033958
1425454973,28,0,29.32857
1425455273,23,0,18.311604
1425455573,14,0,23.2415
1425455873,20,0,23.492882
1425456173,22,0,13.337177
1425456473,91,1,12.639254
1425456773,147,0,40.16428
1425457073,94,0,66.17635
1425457373,48,0,42.70035
1425457673,56,0,46.24112
1425457973,35,0,35.96162
1425458273,22,0,25.719463
1425458573,9,0,26.560118
1425458873,17,0,25.419664
1425459173,17,0,25.65767
1425459473,15,0,30.941345
1425459773,24,0,28.065668
1425460073,15,0,19.454063
1425460373,20,0,20.529633
1425460673,11,0,28.831518
1425460973,12,0,25.472105
1425461273,12,0,21.426638
1425461573,20,0,20.365938
1425461873,14,0,24.91318
1425462173,27,0,41.948517
1425462473,21,0,26.939974
1425462773,34,0,14.239989
1425463073,36,0,16.217258
1425463373,32,0,20.711893
1425463673,19,0,18.224783
1425463973,19,0,31.037235
1425464273,25,0,38.71411
1425464573,18,0,38.669514
1425464873,16,0,32.73636
1425465173,20,0,21.028238
1425465473,30,0,22.230476
1425465773,19,0,40.73059
1425466073,16,0,39.36738
1425466373,25,0,27.628666
1425466673,21,0,27.937605
1425466973,37,0,19.57146
1425467273,33,0,14.962957
1425467573,26,0,35.716724
1425467873,39,0,31.040298
1425468173,29,0,43.98158
1425468473,43,0,28.717115
1425468773,66,0,26.913128
1425469073,15,0,40.614445
1425469373,16,0,37.45759
1425469673,31,0,43.526684
1425469973,32,0,37.285976
1425470273,26,0,32.32568
1425470573,79,0,44.16634
1425470873,33,0,47.8989
1425471173,36,0,51.474594
1425471473,33,0,39.097553
1425471773,29,0,30.511131
1425472073,37,0,34.95513
1425472373,45,0,29.99833
1425472673,34,0,36.71335
1425472973,21,0,36.829136
1425473273,18,0,34.3498
1425473573,34,0,38.074844
1425473873,39,0,37.271713
1425474173,77,0,39.5698
1425474473,48,0,39.893566
1425474773,35,0,41.732876
1425475073,33,0,52.321606
1425475373,19,0,41.503178
1425475673,42,0,40.765495
1425475973,37,0,38.2638
1425476273,45,0,37.87484
1425476573,45,0,49.685966
1425476873,48,0,42.3802
1425477173,48,0,48.4048
1425477473,39,0,40.855537
1425477773,56,0,42.971405
1425478073,60,0,53.71736
1425478373,77,0,46.048786
1425478673,42,0,57.410328
1425478973,46,0,46.750637
1425479273,47,0,46.676273
1425479573,52,0,54.4124
1425479873,44,0,53.72167
1425480173,43,0,48.308254
1425480473,54,0,56.09426
1425480773,36,0,47.22158
1425481073,119,1,50.25356
1425481373,130,0,79.94001
1425481673,149,1,60.14807
1425481973,86,0,89.722015
1425482273,79,0,85.76426
1425482573,70,0,64.81163
1425482873,67,0,55.1626
1425483173,77,0,53.086727
1425483473,57,0,59.49292
1425483773,56,0,70.342026
1425484073,74,0,82.93029
1425484373,67,0,69.538864
1425484673,59,0,68.81861
1425484973,54,0,66.757355
1425485273,57,0,62.93605
1425485573,61,0,62.341877
1425485873,71,0,71.84804
1425486173,40,0,73.90116
1425486473,72,0,68.33449
1425486773,38,0,70.39071
1425487073,62,0,66.03959
1425487373,51,0,61.11337
1425487673,50,0,62.887043
1425487973,65,0,61.282085
1425488273,64,0,61.02758
1425488573,59,0,63.456554
1425488873,62,0,60.193237
1425489173,58,0,58.907055
1425489473,56,0,58.563747
1425489773,57,0,64.39602
1425490073,58,0,55.419636
1425490373,53,0,53.189972
1425490673,101,1,54.96897
1425490973,61,0,68.21685
1425491273,50,0,63.025455
1425491573,42,0,54.47111
1425491873,66,0,54.902332
1425492173,62,0,58.748676
1425492473,80,0,56.620937
1425492773,71,0,59.805965
1425493073,67,0,78.34033
1425493373,81,0,62.240597
1425493673,70,0,72.93326
1425493973,66,0,61.971443
1425494273,75,0,61.29984
1425494573,68,0,58.677883
1425494873,47,0,61.7157
1425495173,49,0,56.370018
1425495473,54,0,60.60752
1425495773,1458,1,58.91559
1425496073,46,0,156.93137
1425496373,72,0,65.26097
1425496673,69,0,60.598625
1425496973,47,0,48.921684
1425497273,59,0,40.83343
1425497573,68,0,56.875668
1425497873,139,1,44.387375
1425498173,93,0,57.09118
1425498473,83,0,84.30406
1425498773,49,0,63.418888
1425499073,132,1,43.604355
1425499373,183,1,39.881493
1425499673,2300,1,62.01714
1425499973,118,0,299.7514
1425500273,94,0,109.491356
1425500573,78,0,65.31597
1425500873,73,0,70.74228
1425501173,44,0,43.560223
1425501473,56,0,14.68713
1425501773,74,0,51.552444
1425502073,65,0,79.57782
1425502373,93,0,53.409695
1425502673,89,0,83.12191
1425502973,85,0,31.963829
1425503273,125,0,68.33362
1425503573,98,0,153.63412
1425503873,112,0,64.597595
1425504173,110,0,20.328037
1425504473,67,0,47.09536
1425504773,103,0,59.657562
1425505073,93,0,45.384956
1425505373,113,0,71.30083
1425505673,81,0,97.36479
1425505973,97,0,25.622599
1425506273,167,0,26.644796
1425506573,243,0,65.84084
1425506873,215,0,147.8879
1425507173,87,0,75.34855
1425507473,93,0,131.17531
1425507773,156,0,209.58313
1425508073,147,0,79.3982
1425508373,101,0,222.11037
1425508673,64,0,17.722431
1425508973,58,0,61.86766
1425509273,59,0,127.37874
1425509573,76,0,49.984196
1425509873,68,0,132.8256
1425510173,60,0,57.81242
1425510473,65,0,162.0814
1425510773,76,0,44.96102
1425511073,93,0,92.708855
1425511373,45,0,51.71243
1425511673,46,0,87.24426
1425511973,48,0,71.27098
1425512273,48,0,144.74065
1425512573,59,0,86.81132
1425512873,57,0,34.04174
1425513173,196,0,156.20259
1425513473,158,0,65.08137
1425513773,105,0,160.14746
1425514073,108,0,89.42543
1425514373,78,0,98.75455
1425514673,68,0,86.19422
1425514973,52,0,84.96696
1425515273,74,0,78.27694
1425515573,108,0,73.83402
1425515873,87,0,94.15627
1425516173,65,0,97.44777
1425516473,78,0,67.88682
1425516773,72,0,95.22747
1425517073,193,1,70.280754
1425517373,65,0,151.70549
1425517673,42,0,84.82943
1425517973,63,0,68.864075
1425518273,88,0,66.48624
1425518573,65,0,64.977486
1425518873,96,0,90.047646
1425519173,72,0,65.72081
1425519473,67,0,60.207703
1425519773,50,0,66.157425
1425520073,71,0,50.7876
1425520373,59,0,41.394936
1425520673,60,0,52.57457
1425520973,49,0,84.29803
1425521273,63,0,62.838512
1425521573,53,0,50.521095
1425521873,64,0,65.23657
1425522173,43,0,53.276188
1425522473,67,0,54.05423
1425522773,27,0,63.016182
1425523073,47,0,50.5949
1425523373,53,0,58.31265
1425523673,42,0,48.047585
1425523973,31,0,50.880203
1425524273,50,0,46.17909
1425524573,46,0,49.70398
1425524873,36,0,46.16755
1425525173,45,0,46.902237
1425525473,32,0,40.923798
1425525773,34,0,50.2749
1425526073,51,0,42.56247
1425526373,29,0,34.44827
1425526673,36,0,36.808178
1425526973,28,0,45.473103
1425527273,29,0,33.033524
1425527573,23,0,31.773293
1425527873,39,0,40.76106
1425528173,19,0,46.504524
1425528473,27,0,44.839485
1425528773,26,0,38.20306
1425529073,26,0,35.002693
1425529373,50,0,36.236305
1425529673,52,0,49.54588
1425529973,36,0,44.763496
1425530273,25,0,35.067535
1425530573,26,0,35.28571
1425530873,29,0,35.177177
1425531173,41,0,34.25591
1425531473,26,0,37.04734
1425531773,32,0,34.64541
1425532073,39,0,28.786436
1425532373,72,0,33.62483
1425532673,34,0,50.32608
1425532973,26,0,32.17304
1425533273,28,0,31.167622
1425533573,25,0,31.36961
1425533873,26,0,34.793926
1425534173,25,0,29.959543
1425534473,38,0,28.53451
1425534773,24,0,33.015762
1425535073,16,1,32.318214
1425535373,12,0,32.01996
1425535673,11,0,24.066721
1425535973,21,0,32.823254
1425536273,18,0,27.425772
1425536573,13,0,23.649092
1425536873,39,0,27.45499
1425537173,19,0,29.173838
1425537473,31,0,22.812296
1425537773,14,0,23.597742
1425538073,13,0,20.38624
1425538373,15,0,18.675774
1425538673,19,0,21.938354
1425538973,16,0,20.565676
1425539273,9,0,18.074778
1425539573,19,0,16.727053
1425539873,19,0,17.624737
1425540173,16,0,18.984379
1425540473,25,0,22.107271
1425540773,15,0,20.855654
1425541073,12,0,18.583212
1425541373,9,0,20.159676
1425541673,6,0,17.118114
1425541973,10,0,13.057211
1425542273,16,0,18.34509
1425542573,12,0,17.621218
1425542873,29,0,15.789512
1425543173,18,0,17.433031
1425543473,14,0,19.245724
1425543773,8,0,17.003136
1425544073,13,0,16.291042
1425544373,12,0,15.591002
1425544673,11,0,14.771939
1425544973,8,0,11.469498
1425545273,7,0,10.267624
1425545573,7,0,13.0057955
1425545873,14,0,13.899665
1425546173,14,0,18.326075
1425546473,13,0,15.365072
1425546773,10,0,10.64658
1425547073,12,0,11.453578
1425547373,12,0,10.1185055
1425547673,19,0,15.971217
1425547973,18,0,15.464495
1425548273,18,0,20.394234
1425548573,10,0,16.429918
1425548873,16,0,16.35812
1425549173,11,0,15.645787
1425549473,17,0,16.957506
1425549773,12,0,16.117075
1425550073,15,0,15.017433
1425550373,13,0,16.50192
1425550673,15,0,14.949971
1425550973,12,0,14.590786
1425551273,23,0,17.197872
1425551573,16,0,18.735636
1425551873,8,0,15.916848
1425552173,13,0,13.929962
1425552473,10,0,14.291345
1425552773,18,0,14.017528
1425553073,22,0,19.000875
1425553373,37,1,19.060041
1425553673,19,0,21.398445
1425553973,19,0,19.942463
1425554273,11,0,15.978439
1425554573,11,0,15.582289
1425554873,26,0,16.118214
1425555173,24,0,19.23461
1425555473,19,0,17.565964
1425555773,42,1,18.299032
1425556073,25,0,21.351192
1425556373,29,0,23.13382
1425556673,37,0,20.61854
1425556973,33,0,24.802156
1425557273,24,0,26.637993
1425557573,19,0,24.131348
1425557873,24,0,18.610878
1425558173,23,0,21.608799
1425558473,52,0,22.040222
1425558773,21,0,31.298897
1425559073,23,0,22.502514
1425559373,20,0,20.269112
1425559673,35,0,24.63295
1425559973,68,1,26.006329
1425560273,108,1,34.09197
1425560573,105,0,41.11241
1425560873,138,0,65.5131
1425561173,113,0,73.961815
1425561473,98,0,82.17275
1425561773,93,0,60.9078
1425562073,95,0,88.412994
1425562373,44,0,59.854416
1425562673,20,0,67.61394
1425562973,30,0,54.988346
1425563273,22,0,53.117462
1425563573,24,0,40.81345
1425563873,39,0,65.57424
1425564173,135,0,60.930153
1425564473,43,0,89.34516
1425564773,49,0,51.127197
1425565073,38,0,53.697372
1425565373,27,0,66.13596
1425565673,58,0,46.6211
1425565973,46,0,68.53252
1425566273,31,0,49.659855
1425566573,36,0,39.31968
1425566873,29,0,72.02754
1425567173,49,0,49.59706
1425567473,51,0,59.89655
1425567773,57,0,74.911514
1425568073,26,0,47.71587
1425568373,47,0,42.441334
1425568673,48,0,58.695347
1425568973,50,0,63.53589
1425569273,57,0,63.43892
1425569573,52,0,63.09674
1425569873,50,0,45.331005
1425570173,98,0,60.953613
1425570473,99,0,61.515316
1425570773,54,0,75.82275
1425571073,84,0,63.747288
1425571373,71,0,60.326744
1425571673,134,0,78.156105
1425571973,84,0,108.728065
1425572273,84,0,90.53268
1425572573,55,0,83.85861
1425572873,85,0,76.94747
1425573173,55,0,67.42347
1425573473,53,0,77.06105
1425573773,60,0,57.70172
1425574073,64,0,71.63903
1425574373,52,0,70.87135
1425574673,67,0,81.081535
1425574973,47,0,71.24371
1425575273,42,0,76.80793
1425575573,54,0,69.89556
1425575873,67,0,60.69604
1425576173,53,0,62.41613
1425576473,73,0,69.53624
1425576773,56,0,75.209366
1425577073,60,0,62.781258
1425577373,51,0,63.106937
1425577673,62,0,56.689274
1425577973,69,0,57.948265
1425578273,82,0,70.90017
1425578573,50,0,72.091606
1425578873,55,0,65.21919
1425579173,51,0,65.422424
1425579473,49,0,63.100845
1425579773,47,0,52.418293
1425580073,82,0,57.764168
1425580373,47,0,62.06281
1425580673,42,0,64.52544
1425580973,50,0,61.543274
1425581273,73,0,57.417046
1425581573,84,0,65.42282
1425581873,71,0,99.42068
1425582173,94,0,71.484924
1425582473,55,0,88.116425
1425582773,56,0,69.53544
1425583073,63,0,65.04368
1425583373,76,0,67.08186
1425583673,65,0,85.50091
1425583973,34,0,65.59695
1425584273,43,0,67.154785
1425584573,41,0,47.723774
1425584873,43,0,64.69516
1425585173,47,0,55.15863
1425585473,58,0,60.777294
1425585773,50,0,71.97429
1425586073,40,0,50.75406
1425586373,40,0,51.792034
1425586673,47,0,46.586773
1425586973,54,0,52.08678
1425587273,48,0,73.20105
1425587573,77,1,49.250603
1425587873,56,0,57.140232
1425588173,53,0,49.66345
1425588473,63,0,48.48664
1425588773,97,1,49.4409
1425589073,75,0,74.91296
1425589373,58,0,82.05698
1425589673,66,0,55.116783
1425589973,49,0,55.645058
1425590273,52,0,51.197044
1425590573,44,0,54.942375
1425590873,99,1,51.98785
1425591173,50,0,68.42092
1425591473,150,1,60.24824
1425591773,70,0,77.68923
1425592073,72,0,66.80641
1425592373,67,0,61.976818
1425592673,55,0,71.24548
1425592973,34,0,57.791256
1425593273,45,0,58.135044
1425593573,44,0,45.84071
1425593873,33,0,52.069145
1425594173,27,0,47.336033
1425594473,37,0,47.10626
1425594773,39,0,45.073997
1425595073,53,0,44.90451
1425595373,41,0,37.355423
1425595673,38,0,38.766365
1425595973,36,0,43.486717
1425596273,65,0,42.44527
1425596573,71,0,49.03957
1425596873,51,0,59.20312
1425597173,54,0,47.506588
1425597473,33,0,46.01491
1425597773,52,0,40.465065
1425598073,63,0,45.42252
1425598373,37,0,48.295364
1425598673,27,0,52.110893
1425598973,60,0,40.19477
1425599273,60,0,40.315697
1425599573,66,0,65.86617
1425599873,118,1,50.57499
1425600173,232,1,64.057014
1425600473,308,1,89.14269
1425600773,388,1,107.06852
1425601073,368,1,113.11491
1425601373,253,0,146.13832
1425601673,225,0,132.85988
1425601973,135,0,119.22414
1425602273,153,0,83.2082
1425602573,192,1,69.48861
1425602873,143,0,81.442345
1425603173,110,0,66.60756
1425603473,106,0,79.59758
1425603773,91,0,82.30792
1425604073,76,0,89.86429
1425604373,94,0,93.562294
1425604673,73,0,61.986443
1425604973,67,0,51.19609
1425605273,52,0,55.458263
1425605573,62,0,47.16223
1425605873,56,0,60.664864
1425606173,51,0,49.48642
1425606473,53,0,33.231205
1425606773,77,0,32.573746
1425607073,50,0,42.72307
1425607373,38,0,36.51188
1425607673,47,0,40.25935
1425607973,55,0,40.28372
1425608273,69,0,53.47116
1425608573,56,0,66.61384
1425608873,65,0,87.724594
1425609173,25,0,78.12075
1425609473,28,0,52.90651
1425609773,34,0,45.045467
1425610073,40,0,50.3308
1425610373,38,0,48.953033
1425610673,38,0,63.46507
1425610973,53,0,58.44557
1425611273,91,0,91.378815
1425611573,42,0,71.725555
1425611873,38,0,47.808086
1425612173,40,0,39.660976
1425612473,40,0,54.27841
1425612773,33,0,44.61632
1425613073,45,0,45.79069
1425613373,30,0,40.426556
1425613673,27,0,22.714684
1425613973,13,0,18.47031
1425614273,61,0,29.074219
1425614573,23,0,47.41363
1425614873,27,0,47.744022
1425615173,34,0,27.470648
1425615473,37,0,25.176428
1425615773,24,0,27.327883
1425616073,29,0,44.863228
1425616373,23,0,35.623943
1425616673,15,0,28.189154
1425616973,17,0,24.510529
1425617273,21,0,23.86555
1425617573,25,0,23.911806
1425617873,47,0,29.581333
1425618173,30,0,33.425323
1425618473,23,0,32.01712
1425618773,30,0,28.49039
1425619073,23,0,29.64637
1425619373,36,0,28.098799
1425619673,22,0,34.41504
1425619973,25,0,23.50805
1425620273,24,0,27.8768
1425620573,26,0,24.842373
1425620873,33,0,23.212128
1425621173,19,0,26.234882
1425621473,24,0,25.844666
1425621773,19,0,21.258295
1425622073,28,0,26.14143
1425622373,24,0,43.159664
1425622673,14,0,25.091578
1425622973,17,0,20.85984
1425623273,21,0,21.099876
1425623573,19,0,22.838001
1425623873,11,0,22.660675
1425624173,23,0,13.453145
1425624473,17,0,18.365845
1425624773,23,0,16.229729
1425625073,46,0,19.7158
1425625373,14,0,36.071304
1425625673,10,0,22.74338
1425625973,24,0,16.51327
1425626273,18,0,19.884974
1425626573,9,0,18.81821
1425626873,32,0,21.419281
1425627173,14,0,18.98255
1425627473,9,0,19.303854
1425627773,8,0,16.445644
1425628073,18,0,13.591292
1425628373,8,0,11.614229
1425628673,25,0,21.51302
1425628973,28,0,15.810661
1425629273,53,1,20.042578
1425629573,58,0,30.650854
1425629873,29,0,38.238697
1425630173,22,0,25.141075
1425630473,20,0,26.11215
1425630773,19,0,27.216629
1425631073,15,0,24.366531
1425631373,17,0,19.417997
1425631673,16,0,21.023573
1425631973,9,0,22.815496
1425632273,18,0,18.723425
1425632573,25,0,17.833815
1425632873,23,0,24.486143
1425633173,10,0,25.150253
1425633473,11,0,15.511949
1425633773,4,0,18.108002
1425634073,18,0,15.339594
1425634373,11,0,19.488253
1425634673,16,0,22.953667
1425634973,7,0,14.886746
1425635273,9,0,17.093904
1425635573,24,0,13.952436
1425635873,25,0,19.187683
1425636173,15,0,22.870684
1425636473,18,0,21.608139
1425636773,18,0,17.465702
1425637073,15,0,12.517103
1425637373,16,0,17.791027
1425637673,16,0,21.870361
1425637973,9,0,22.454823
1425638273,18,0,19.564295
1425638573,23,0,18.435966
1425638873,10,0,19.713083
1425639173,20,0,16.246178
1425639473,30,0,23.349268
1425639773,23,0,24.421633
1425640073,16,0,25.555456
1425640373,21,0,17.563942
1425640673,19,0,22.408361
1425640973,9,0,19.1497
1425641273,39,0,16.193552
1425641573,16,0,28.188488
1425641873,18,0,23.280596
1425642173,26,0,16.802237
1425642473,25,0,21.854773
1425642773,29,0,21.959337
1425643073,39,0,25.520407
1425643373,15,0,30.882998
1425643673,24,0,24.573072
1425643973,39,0,20.1956
1425644273,24,0,25.229141
1425644573,74,1,25.556795
1425644873,28,0,36.50137
1425645173,25,0,26.333897
1425645473,35,0,23.935698
1425645773,26,0,25.156069
1425646073,29,0,24.268997
1425646373,31,0,25.837425
1425646673,27,0,26.343866
1425646973,42,0,27.53813
1425647273,39,0,33.00684
1425647573,29,0,32.395863
1425647873,24,0,33.7201
1425648173,22,0,31.139172
1425648473,45,0,27.680334
1425648773,40,0,35.601562
1425649073,59,0,29.230453
1425649373,53,0,40.81357
1425649673,59,0,45.60933
1425649973,33,0,45.374767
1425650273,146,1,41.867935
1425650573,488,1,49.74757
1425650873,284,1,80.24243
1425651173,232,0,109.43951
1425651473,240,0,118.044556
1425651773,231,0,115.80983
1425652073,254,0,129.41354
1425652373,162,0,188.54262
1425652673,162,0,105.2641
1425652973,140,0,110.10577
1425653273,108,0,124.02579
1425653573,117,0,118.680504
1425653873,148,0,110.10528
1425654173,131,0,116.27083
1425654473,122,0,96.1807
1425654773,93,0,116.33601
1425655073,106,0,117.52982
1425655373,106,0,94.2441
1425655673,109,0,96.5957
1425655973,65,0,116.44741
1425656273,81,0,109.94033
1425656573,76,0,111.759514
1425656873,63,0,87.736244
1425657173,66,0,98.66576
1425657473,69,0,100.69058
1425657773,71,0,131.59824
1425658073,58,0,137.8961
1425658373,64,0,99.09983
1425658673,77,0,76.24663
1425658973,86,0,84.545525
1425659273,101,0,131.03517
1425659573,63,0,119.23936
1425659873,65,0,117.45964
1425660173,72,0,62.557827
1425660473,65,0,88.599335
1425660773,77,0,61.712685
1425661073,75,0,104.90981
1425661373,68,0,108.90483
1425661673,51,0,120.16198
1425661973,42,0,81.23147
1425662273,82,0,90.61982
1425662573,92,0,79.93801
1425662873,68,0,110.83279
1425663173,85,0,85.660614
1425663473,64,0,86.423706
1425663773,48,0,75.00121
1425664073,74,0,64.32686
1425664373,46,0,99.90045
1425664673,59,0,87.99346
1425664973,43,0,92.38782
1425665273,37,0,100.6394
1425665573,132,0,68.24721
1425665873,114,0,106.941925
1425666173,69,0,114.41288
1425666473,105,0,85.12292
1425666773,87,0,94.45607
1425667073,68,0,85.78988
1425667373,89,0,63.721462
1425667673,90,0,75.918945
1425667973,71,0,95.40169
1425668273,59,0,92.53962
1425668573,72,0,68.57072
1425668873,73,0,69.07176
1425669173,74,0,82.763855
1425669473,69,0,86.47105
1425669773,37,0,73.340416
1425670073,66,0,61.836258
1425670373,68,0,59.64729
1425670673,52,0,67.6579
1425670973,1549,1,62.359543
1425671273,571,1,146.30562
1425671573,345,0,159.13576
1425671873,308,1,100.151146
1425672173,205,0,95.84183
1425672473,190,0,102.31081
1425672773,171,0,111.00789
1425673073,132,0,95.4525
1425673373,134,0,87.24574
1425673673,132,0,121.280655
1425673973,147,0,73.47315
1425674273,140,0,80.271065
1425674573,120,0,111.974045
1425674873,129,0,140.08624
1425675173,135,0,85.785385
1425675473,117,0,86.997505
1425675773,91,0,99.96048
1425676073,118,0,119.861755
1425676373,89,0,113.36537
1425676673,95,0,69.82593
1425676973,93,0,68.06205
1425677273,87,0,61.835102
1425677573,111,0,72.4241
1425677873,88,0,76.8166
1425678173,97,0,71.103264
1425678473,86,0,88.75109
1425678773,86,0,101.81024
1425679073,79,0,150.47272
1425679373,63,0,105.55618
1425679673,76,0,88.55822
1425679973,77,0,87.56921
1425680273,64,0,77.040405
1425680573,56,0,69.43725
1425680873,60,0,69.77918
1425681173,57,0,76.29115
1425681473,75,0,89.823784
1425681773,72,0,80.557625
1425682073,118,0,65.48568
1425682373,88,0,81.83081
1425682673,100,0,110.14363
1425682973,67,0,85.57951
1425683273,60,0,74.156586
1425683573,71,0,76.220726
1425683873,68,0,70.483925
1425684173,64,0,64.63725
1425684473,69,0,70.7652
1425684773,49,0,82.64556
1425685073,56,0,85.64138
1425685373,66,0,74.26703
1425685673,49,0,63.97644
1425685973,67,0,80.80455
1425686273,68,0,78.1533
1425686573,38,0,79.056465
1425686873,54,0,64.012955
1425687173,44,0,56.09245
1425687473,40,0,51.050945
1425687773,49,0,53.672325
1425688073,58,0,60.07711
1425688373,69,0,59.090775
1425688673,84,0,71.207756
1425688973,101,0,61.90603
1425689273,61,0,96.81767
1425689573,37,0,68.418976
1425689873,57,0,56.88398
1425690173,43,0,58.759483
1425690473,40,0,59.36434
1425690773,37,0,53.67103
1425691073,52,0,46.99069
1425691373,34,0,54.131596
1425691673,37,0,48.370346
1425691973,31,0,47.74549
1425692273,26,0,43.182983
1425692573,42,0,40.27587
1425692873,39,0,40.84861
1425693173,35,0,39.46697
1425693473,34,0,45.766293
1425693773,33,0,46.083954
1425694073,33,0,42.64312
1425694373,43,0,34.709084
1425694673,41,0,37.69321
1425694973,28,0,35.03926
1425695273,49,0,37.609
1425695573,32,0,37.893116
1425695873,24,0,43.616146
1425696173,28,0,36.1475
1425696473,27,0,28.85321
1425696773,29,0,40.555336
1425697073,74,0,50.25094
1425697373,30,0,66.59127
1425697673,28,0,51.500797
1425697973,34,0,29.92284
1425698273,25,0,28.117878
1425698573,17,0,26.53445
1425698873,37,0,32.69253
1425699173,38,0,29.505806
1425699473,35,0,35.636135
1425699773,20,0,39.48884
1425700073,39,0,21.639212
1425700373,36,0,23.998793
1425700673,46,0,29.369148
1425700973,41,0,31.673552
1425701273,19,0,32.517567
1425701573,34,0,24.213894
1425701873,38,0,22.756859
1425702173,35,0,25.264688
1425702473,51,0,33.822334
1425702773,32,0,37.14051
1425703073,28,0,30.968023
1425703373,33,0,23.092373
1425703673,21,0,25.755173
1425703973,27,0,25.786407
1425704273,48,0,33.203247
1425704573,42,0,34.27511
1425704873,34,0,36.257153
1425705173,36,0,28.682255
1425705473,40,0,27.321167
1425705773,24,0,33.70638
1425706073,38,0,33.89159
1425706373,47,0,31.96475
1425706673,24,0,31.837088
1425706973,22,0,26.103228
1425707273,22,0,26.173628
1425707573,37,0,25.549988
1425707873,30,0,36.417473
1425708173,20,0,31.989433
1425708473,29,0,25.162472
1425708773,28,0,23.57814
1425709073,23,0,29.066797
1425709373,30,0,24.700483
1425709673,26,0,30.753727
1425709973,49,1,25.648207
1425710273,31,0,36.784126
1425710573,18,0,25.630213
1425710873,19,0,23.77891
1425711173,18,0,22.537268
1425711473,28,0,23.985973
1425711773,14,0,27.006104
1425712073,14,0,22.601294
1425712373,24,0,21.523048
1425712673,15,0,21.40193
1425712973,22,0,20.884474
1425713273,16,0,19.915901
1425713573,17,0,20.575047
1425713873,29,0,18.601545
1425714173,23,0,20.92051
1425714473,19,0,21.029469
1425714773,24,0,20.121954
1425715073,22,0,22.318478
1425715373,13,0,20.419416
1425715673,38,0,18.416494
1425715973,52,1,24.180859
1425716273,34,0,34.251095
1425716573,17,0,33.805145
1425716873,22,0,20.55565
1425717173,16,0,21.998219
1425717473,26,0,20.803385
1425717773,17,0,28.537281
1425718073,21,0,20.248463
1425718373,34,1,18.744738
1425718673,26,0,30.80034
1425718973,24,0,22.9154
1425719273,17,0,23.718819
1425719573,23,0,20.193993
1425719873,16,0,21.708729
1425720173,18,0,19.251762
1425720473,26,0,18.453823
1425720773,18,0,20.830214
1425721073,24,0,21.622412
1425721373,25,0,22.21452
1425721673,19,0,21.379818
1425721973,25,0,20.538622
1425722273,27,0,20.041145
1425722573,85,1,20.482157
1425722873,32,0,34.786865
1425723173,29,0,26.569347
1425723473,23,0,26.419552
1425723773,21,0,25.701378
1425724073,17,0,21.871458
1425724373,18,0,21.945536
1425724673,13,0,19.63166
1425724973,11,0,23.537832
1425725273,18,0,18.368881
1425725573,31,1,18.612833
1425725873,30,0,23.123793
1425726173,53,1,24.928108
1425726473,19,0,29.406645
1425726773,14,0,26.445808
1425727073,27,0,20.791588
1425727373,16,0,23.30699
1425727673,25,0,22.997694
1425727973,32,0,27.093504
1425728273,21,0,20.448788
1425728573,19,0,25.705008
1425728873,21,0,21.575209
1425729173,13,0,22.229334
1425729473,20,0,21.92384
1425729773,16,0,21.514238
1425730073,16,0,20.648808
1425730373,12,0,20.248518
1425730673,13,0,19.13762
1425730973,24,0,20.200949
1425731273,33,0,23.43462
1425731573,32,0,24.270668
1425731873,25,0,24.053354
1425732173,30,0,22.898542
1425732473,22,0,21.717037
1425732773,19,0,25.572227
1425733073,27,0,26.029343
1425733373,25,0,24.535564
1425733673,19,0,24.238815
1425733973,30,0,21.741835
1425734273,29,0,26.174213
1425734573,26,0,22.185854
1425734873,26,0,22.333448
1425735173,31,0,26.836369
1425735473,37,0,23.71799
1425735773,22,0,29.929354
1425736073,33,0,26.742357
1425736373,21,0,30.66886
1425736673,32,0,24.201727
1425736973,27,0,26.00053
1425737273,29,0,27.595179
1425737573,29,0,24.450235
1425737873,31,0,28.209572
1425738173,22,0,29.348173
1425738473,47,0,26.567312
1425738773,37,0,34.262745
1425739073,44,0,30.188063
1425739373,1064,1,35.128166
1425739673,31,0,109.3938
1425739973,30,0,52.257133
1425740273,48,0,31.398111
1425740573,38,0,37.877407
1425740873,36,0,26.618986
1425741173,28,0,45.665047
1425741473,37,0,35.748108
1425741773,35,0,41.56301
1425742073,32,0,27.607601
1425742373,36,0,29.607105
1425742673,34,0,34.78321
1425742973,30,0,33.53541
1425743273,44,0,28.2101
1425743573,30,0,34.327503
1425743873,58,0,31.278055
1425744173,34,0,42.135708
1425744473,31,0,38.579712
1425744773,19,0,35.513084
1425745073,26,0,30.344461
1425745373,34,0,37.015377
1425745673,46,0,39.503723
1425745973,37,0,39.603973
1425746273,28,0,35.99901
1425746573,43,0,31.933065
1425746873,37,0,36.853405
1425747173,32,0,33.06966
1425747473,46,0,39.175083
1425747773,37,0,40.73514
1425748073,22,0,33.967464
1425748373,31,0,31.739151
1425748673,42,0,33.49746
1425748973,28,0,32.341824
1425749273,40,0,37.28366
1425749573,123,1,39.995605
1425749873,49,0,37.437607
1425750173,41,0,40.92279
1425750473,54,0,50.618587
1425750773,52,0,38.5236
1425751073,60,0,38.380703
1425751373,49,0,42.443836
1425751673,33,0,38.048496
1425751973,63,0,36.59396
1425752273,50,0,53.887905
1425752573,44,0,43.60186
1425752873,122,0,48.328876
1425753173,59,0,54.89607
1425753473,51,0,38.85714
1425753773,57,0,43.94212
1425754073,50,0,44.90968
1425754373,75,0,48.258476
1425754673,107,0,68.64359
1425754973,65,0,68.07995
1425755273,58,0,53.676365
1425755573,60,0,50.171585
1425755873,60,0,42.819458
1425756173,65,0,47.61501
1425756473,53,0,64.276085
1425756773,69,0,50.747272
1425757073,49,0,53.463825
1425757373,61,0,50.469795
1425757673,55,0,50.59232
1425757973,86,1,52.855022
1425758273,104,0,69.24739
1425758573,80,0,83.82666
1425758873,67,0,60.524086
1425759173,51,0,53.19087
1425759473,62,0,53.50253
1425759773,44,0,56.30028
1425760073,31,0,56.53447
1425760373,34,0,53.079983
1425760673,35,0,42.792854
1425760973,35,0,46.85418
1425761273,29,0,47.437256
1425761573,28,0,39.43835
1425761873,46,0,38.920433
1425762173,36,0,53.362606
1425762473,48,0,36.886696
1425762773,75,0,39.831047
1425763073,31,0,55.193497
1425763373,29,0,40.71719
1425763673,33,0,43.403305
1425763973,73,0,40.912968
1425764273,43,0,47.01186
1425764573,27,0,43.118576
1425764873,37,0,39.36016
1425765173,26,0,35.906548
1425765473,57,0,41.06821
1425765773,30,0,58.057415
1425766073,25,0,46.288673
1425766373,29,0,41.35667
1425766673,35,0,35.877674
1425766973,39,0,26.567106
1425767273,36,0,59.402454
1425767573,38,0,35.758335
1425767873,211,1,43.122242
1425768173,73,0,90.00108
1425768473,68,0,58.100437
1425768773,58,0,41.53033
1425769073,58,0,44.478935
1425769373,59,0,46.546337
1425769673,53,0,61.884148
1425769973,32,0,38.254574
1425770273,37,0,36.741917
1425770573,31,0,38.49061
1425770873,40,0,31.79977
1425771173,34,0,41.475754
1425771473,27,0,40.541683
1425771773,27,0,36.07423
1425772073,42,0,30.188507
1425772373,19,0,40.05582
1425772673,39,0,27.537142
1425772973,40,0,41.31315
1425773273,31,0,32.879826
1425773573,49,0,30.226519
1425773873,34,0,35.90868
1425774173,34,0,29.306261
1425774473,33,0,30.335064
1425774773,39,0,30.216343
1425775073,37,0,35.158714
1425775373,40,0,31.613974
1425775673,31,0,34.392254
1425775973,27,0,23.959103
1425776273,45,0,31.665462
1425776573,34,0,37.341156
1425776873,40,0,39.9609
1425777173,20,0,40.684284
1425777473,28,0,31.224882
1425777773,29,0,30.768616
1425778073,43,0,31.860937
1425778373,30,0,40.61681
1425778673,21,0,40.58719
1425778973,41,0,30.629335
1425779273,30,0,33.362587
1425779573,41,0,27.512358
1425779873,32,0,33.85683
1425780173,25,0,34.0426
1425780473,21,0,27.959116
1425780773,29,0,26.546043
1425781073,23,0,27.819605
1425781373,35,0,27.092379
1425781673,33,0,27.326471
1425781973,22,0,30.069685
1425782273,31,0,28.558878
1425782573,26,0,29.512943
1425782873,120,1,28.492792
1425783173,56,0,45.15777
1425783473,42,0,49.20533
1425783773,49,0,35.28677
1425784073,36,0,36.878456
1425784373,33,0,29.758558
1425784673,38,0,31.18657
1425784973,31,0,29.306608
1425785273,34,0,30.244713
1425785573,32,0,31.27957
1425785873,47,1,24.986107
1425786173,32,0,38.58783
1425786473,23,0,37.597046
1425786773,24,0,30.059679
1425787073,28,0,26.041365
1425787373,34,0,26.874273
1425787673,32,0,34.54144
1425787973,28,0,33.38886
1425788273,22,0,30.753489
1425788573,28,0,25.299253
1425788873,47,1,29.246698
1425789173,22,0,27.778294
1425789473,15,0,26.303656
1425789773,21,0,23.508951
1425790073,26,0,22.5999
1425790373,14,0,24.921268
1425790673,32,0,27.53689
1425790973,22,0,29.51654
1425791273,28,0,27.156395
1425791573,18,0,24.637735
1425791873,41,0,22.355898
1425792173,27,0,26.91505
1425792473,32,0,29.59806
1425792773,20,0,25.431704
1425793073,18,0,24.23775
1425793373,18,0,24.797764
1425793673,19,0,21.886488
1425793973,21,0,22.857435
1425794273,22,0,24.491676
1425794573,40,0,25.074505
1425794873,47,0,25.843506
1425795173,60,1,32.33851
1425795473,29,0,38.410606
1425795773,25,0,28.525898
1425796073,22,0,25.063356
1425796373,22,0,22.320747
1425796673,35,0,22.004738
1425796973,13,0,27.695286
1425797273,21,0,22.428175
1425797573,21,0,22.226114
1425797873,24,0,21.191889
1425798173,22,0,26.637074
1425798473,14,0,26.447832
1425798773,17,0,21.45559
1425799073,14,0,21.756393
1425799373,14,0,20.022385
1425799673,16,0,20.663197
1425799973,16,0,17.185268
1425800273,14,0,20.38422
1425800573,19,0,19.618456
1425800873,17,0,22.466642
1425801173,15,0,18.451777
1425801473,17,0,16.190939
1425801773,13,0,20.709332
1425802073,43,1,19.213545
1425802373,40,0,24.53958
1425802673,17,0,27.471273
1425802973,21,0,19.820469
1425803273,13,0,21.187477
1425803573,12,0,19.253393
1425803873,12,0,16.278072
1425804173,12,0,13.452058
1425804473,15,0,15.386882
1425804773,13,0,18.964762
1425805073,20,0,14.6979475
1425805373,14,0,25.07358
1425805673,12,0,16.822323
1425805973,11,0,19.579557
1425806273,17,0,12.51289
1425806573,13,0,14.613775
1425806873,11,0,15.300849
1425807173,12,0,11.8642645
1425807473,10,0,15.98543
1425807773,11,0,16.599043
1425808073,18,0,18.252356
1425808373,19,0,13.551296
1425808673,13,0,16.750666
1425808973,32,0,13.947928
1425809273,28,0,20.829798
1425809573,15,0,26.271048
1425809873,17,0,18.483475
1425810173,15,0,17.581787
1425810473,20,0,15.306765
1425810773,15,0,19.535034
1425811073,13,0,18.733118
1425811373,19,0,12.938424
1425811673,8,0,17.437754
1425811973,10,0,14.921257
1425812273,29,1,11.373795
1425812573,44,1,19.542673
1425812873,23,0,22.4854
1425813173,20,0,20.906563
1425813473,11,0,17.615488
1425813773,14,0,18.053062
1425814073,17,0,16.792496
1425814373,15,0,15.520795
1425814673,22,0,16.433155
1425814973,8,0,16.206177
1425815273,17,0,13.992754
1425815573,17,0,15.282283
1425815873,17,0,18.43033
1425816173,17,0,16.95954
1425816473,16,0,18.509285
1425816773,18,0,16.942616
1425817073,23,0,15.451128
1425817373,15,0,18.83892
1425817673,14,0,15.972586
1425817973,14,0,16.741909
1425818273,11,0,14.24304
1425818573,8,0,12.528215
1425818873,16,0,11.87901
1425819173,27,0,14.473931
1425819473,39,0,20.583504
1425819773,41,0,26.418514
1425820073,23,0,22.144293
1425820373,33,0,19.851643
1425820673,17,0,24.224434
1425820973,13,0,20.37507
1425821273,29,0,17.382128
1425821573,15,0,22.013731
1425821873,25,0,18.164894
1425822173,23,0,20.138374
1425822473,25,0,21.04589
1425822773,22,0,26.281189
1425823073,30,0,44.096447
1425823373,15,0,38.701565
1425823673,29,0,45.920063
1425823973,39,0,24.560152
1425824273,24,0,29.055262
1425824573,31,0,21.780476
1425824873,25,0,35.262463
1425825173,23,0,29.531387
1425825473,24,0,33.23265
1425825773,34,0,27.884178
1425826073,21,0,31.339964
1425826373,29,0,28.871563
1425826673,43,0,32.723362
1425826973,51,0,31.46349
1425827273,38,0,31.51172
1425827573,34,0,30.847464
1425827873,40,0,27.864424
1425828173,29,0,29.980453
1425828473,37,0,37.957302
1425828773,34,0,27.586836
1425829073,23,0,31.271507
1425829373,26,0,30.577623
1425829673,33,0,30.577888
1425829973,36,0,28.75277
1425830273,42,0,38.845016
1425830573,22,0,39.470833
1425830873,30,0,38.236492
1425831173,32,0,31.778982
1425831473,28,0,32.80249
1425831773,23,0,30.500652
1425832073,176,1,32.80598
1425832373,56,0,43.001675
1425832673,34,0,38.228622
1425832973,42,0,35.33485
1425833273,30,0,34.790794
1425833573,45,0,28.254683
1425833873,40,0,31.446575
1425834173,40,0,31.252743
1425834473,53,0,33.291485
1425834773,32,0,41.822727
1425835073,38,0,32.480263
1425835373,30,0,39.89424
1425835673,52,0,31.262575
1425835973,33,0,37.88618
1425836273,29,0,32.029144
1425836573,25,0,33.61204
1425836873,30,0,27.935703
1425837173,31,0,36.614666
1425837473,46,0,30.600098
1425837773,30,0,34.270164
1425838073,32,0,36.956493
1425838373,39,0,32.16821
1425838673,131,1,34.691296
1425838973,72,0,35.35393
1425839273,58,0,38.247097
1425839573,55,0,49.779854
1425839873,55,0,41.873024
1425840173,44,0,39.5788
1425840473,37,0,37.67262
1425840773,130,1,31.36441
1425841073,88,0,38.839424
1425841373,53,0,44.115932
1425841673,36,0,41.895893
1425841973,37,0,36.206703
1425842273,27,0,39.0849
1425842573,54,0,37.4246
1425842873,44,0,38.979675
1425843173,35,0,40.050957
1425843473,32,0,38.889084
1425843773,21,0,31.338964
1425844073,45,0,30.09683
1425844373,48,0,32.91583
1425844673,41,0,42.600792
1425844973,36,0,40.427425
1425845273,32,0,38.14771
1425845573,29,0,42.78351
1425845873,28,0,35.771908
1425846173,43,0,34.17316
1425846473,39,0,31.27891
1425846773,33,0,33.898746
1425847073,36,0,41.271645
1425847373,31,0,33.915775
1425847673,30,0,33.05017
1425847973,27,0,32.997086
1425848273,46,0,38.158806
1425848573,36,0,41.60326
1425848873,42,0,36.58018
1425849173,46,0,38.98145
1425849473,52,0,38.629986
1425849773,51,0,37.12342
1425850073,66,1,34.289883
1425850373,30,0,35.563675
1425850673,28,0,33.72947
1425850973,17,0,40.2634
1425851273,22,0,41.66227
1425851573,17,0,32.330322
1425851873,48,0,31.533161
1425852173,27,0,30.562832
1425852473,33,0,34.819035
1425852773,23,0,33.886032
1425853073,28,0,32.982758
1425853373,21,0,29.324127
1425853673,24,0,35.04673
1425853973,15,0,32.889843
1425854273,27,0,31.959965
1425854573,21,0,25.199549
1425854873,24,0,24.28875
1425855173,16,0,26.385098
1425855473,44,0,28.5165
1425855773,32,0,30.400654
1425856073,26,0,31.602217
1425856373,19,0,25.708593
1425856673,50,1,25.770666
1425856973,23,0,32.094517
1425857273,22,0,26.315271
1425857573,41,0,27.031065
1425857873,29,0,27.542904
1425858173,29,0,23.047026
1425858473,21,0,22.423246
1425858773,51,0,26.961302
1425859073,40,0,30.799986
1425859373,114,1,29.013187
1425859673,73,0,34.29393
1425859973,46,0,43.95005
1425860273,45,0,36.80938
1425860573,36,0,38.79477
1425860873,68,1,33.720264
1425861173,45,0,33.341103
1425861473,46,0,31.384895
1425861773,35,0,30.196215
1425862073,48,0,28.418941
1425862373,38,0,28.051783
1425862673,35,0,35.59434
1425862973,21,0,32.154686
1425863273,30,0,31.58732
1425863573,36,0,26.957972
1425863873,31,0,26.519487
1425864173,34,0,28.063372
1425864473,64,1,28.214748
1425864773,53,0,32.141945
1425865073,39,0,31.751795
1425865373,110,1,26.245565
1425865673,96,1,34.71033
1425865973,66,1,37.896065
1425866273,55,0,37.22644
1425866573,42,0,36.860134
1425866873,46,0,37.28472
1425867173,41,0,32.45439
1425867473,26,0,34.665665
1425867773,41,0,30.572504
1425868073,25,0,38.15917
1425868373,38,0,35.407806
1425868673,39,0,35.57009
1425868973,32,0,40.314266
1425869273,28,0,40.07102
1425869573,29,0,44.39821
1425869873,38,0,37.321716
1425870173,39,0,33.824562
1425870473,23,0,47.341915
1425870773,44,0,27.335619
1425871073,34,0,31.756016
1425871373,20,0,31.847773
1425871673,31,0,31.192884
1425871973,55,0,30.784414
1425872273,57,0,43.754997
1425872573,45,0,35.595306
1425872873,28,0,34.4097
1425873173,37,0,31.300905
1425873473,38,0,31.02339
1425873773,37,0,32.700863
1425874073,24,0,30.558546
1425874373,35,0,27.655798
1425874673,44,0,30.366186
1425874973,41,0,26.675161
1425875273,26,0,29.476543
1425875573,25,0,41.717148
1425875873,22,0,35.30568
1425876173,21,0,32.233467
1425876473,26,0,25.708359
1425876773,31,0,26.996595
1425877073,46,0,32.53163
1425877373,34,0,27.123873
1425877673,35,0,27.176184
1425877973,28,0,23.86224
1425878273,23,0,27.72623
1425878573,31,0,25.592216
1425878873,34,0,28.400415
1425879173,275,1,28.093256
1425879473,138,0,34.706524
1425879773,43,0,45.11778
1425880073,52,0,39.98264
1425880373,44,0,40.73104
1425880673,28,0,40.74243
1425880973,26,0,39.92107
1425881273,28,0,28.610909
1425881573,25,0,31.56249
1425881873,27,0,29.95802
1425882173,19,0,28.729607
1425882473,49,0,28.083626
1425882773,40,0,38.995506
1425883073,49,0,32.611282
1425883373,33,0,34.03429
1425883673,21,0,31.679522
1425883973,36,0,26.31131
1425884273,63,0,41.163864
1425884573,86,1,32.52023
1425884873,91,1,32.564255
1425885173,79,0,51.80743
1425885473,66,0,49.460495
1425885773,55,0,37.814693
1425886073,42,0,49.05288
1425886373,45,0,43.00305
1425886673,47,0,33.3619
1425886973,42,0,27.896711
1425887273,47,0,31.556307
1425887573,43,0,33.739944
1425887873,61,0,46.309227
1425888173,64,0,47.97013
1425888473,64,1,34.281124
1425888773,64,0,32.88231
1425889073,52,0,39.066406
1425889373,57,0,51.434166
1425889673,36,0,38.67903
1425889973,42,0,35.369926
1425890273,62,1,33.75328
1425890573,35,0,34.11765
1425890873,63,1,30.563251
1425891173,44,0,34.508953
1425891473,41,0,36.423195
1425891773,29,0,34.882717
1425892073,36,0,32.58261
1425892373,25,0,30.956057
1425892673,32,0,32.83131
1425892973,36,0,28.45261
1425893273,36,0,37.012295
1425893573,24,0,33.674774
1425893873,33,0,36.358326
1425894173,20,0,32.06325
1425894473,43,0,30.839134
1425894773,24,0,29.657772
1425895073,42,0,36.787167
1425895373,86,1,35.488724
1425895673,32,0,40.046623
1425895973,35,0,34.031536
1425896273,26,0,28.748154
1425896573,46,0,32.89494
1425896873,42,0,34.775738
1425897173,34,0,35.309334
1425897473,38,0,32.21114
1425897773,41,0,35.133003
1425898073,40,0,33.15875
1425898373,42,0,37.16214
1425898673,59,0,37.111996
1425898973,57,0,36.759624
1425899273,50,0,39.860886
1425899573,64,0,36.517517
1425899873,52,0,35.291264
1425900173,42,0,40.07751
1425900473,37,0,40.66008
1425900773,52,0,36.680016
1425901073,55,0,39.59662
1425901373,102,1,35.361053
1425901673,117,1,40.60367
1425901973,113,1,44.095387
1425902273,111,1,55.37997
1425902573,149,1,47.300194
1425902873,103,0,59.201416
1425903173,99,1,49.320248
1425903473,97,1,50.24832
1425903773,108,1,55.64156
1425904073,106,1,54.918186
1425904373,78,0,61.061905
1425904673,118,1,54.246056
1425904973,117,1,63.08858
1425905273,93,0,63.476307
1425905573,70,0,71.04319
1425905873,91,0,59.956604
1425906173,72,0,60.136066
1425906473,66,0,53.066948
1425906773,69,0,52.846436
1425907073,71,0,51.52903
1425907373,62,0,46.208652
1425907673,74,0,63.04794
1425907973,86,0,67.274994
1425908273,85,0,63.28593
1425908573,93,0,64.7613
1425908873,109,0,82.820526
1425909173,113,0,74.828804
1425909473,96,0,73.49889
1425909773,84,0,56.755013
1425910073,62,0,67.779755
1425910373,114,1,58.08585
1425910673,79,0,63.024284
1425910973,98,0,64.07941
1425911273,92,0,67.91336
1425911573,69,0,74.50167
1425911873,93,0,63.99491
1425912173,93,0,67.38416
1425912473,82,0,76.28906
1425912773,84,0,92.75542
1425913073,109,0,72.69394
1425913373,137,0,68.35415
1425913673,180,1,87.03427
1425913973,197,0,105.20487
1425914273,124,0,104.3748
1425914573,141,0,105.28748
1425914873,123,0,105.052444
1425915173,112,0,115.0392
1425915473,248,1,104.65541
1425915773,169,0,116.23859
1425916073,147,0,127.50147
1425916373,154,0,110.45286
1425916673,1592,1,117.68526
1425916973,1464,1,168.82544
1425917273,1422,1,218.96243
1425917573,797,1,225.25438
1425917873,567,0,263.66513
1425918173,443,0,252.89069
1425918473,399,0,277.3138
1425918773,479,0,319.3121
1425919073,529,0,300.43655
1425919373,425,0,363.40802
1425919673,424,0,273.7923
1425919973,600,0,266.2429
1425920273,458,0,328.69885
1425920573,343,0,354.90167
1425920873,551,0,352.08386
1425921173,979,1,334.34073
1425921473,1148,1,367.9679
1425921773,1100,1,423.1629
1425922073,981,1,382.53198
1425922373,1087,1,491.53278
1425922673,822,0,420.224
1425922973,649,0,586.7533
1425923273,561,0,502.27466
1425923573,780,0,578.04956
1425923873,591,0,536.9122
1425924173,466,0,513.17126
1425924473,523,0,411.15118
1425924773,654,0,297.2628
1425925073,846,0,425.70892
1425925373,754,0,527.7719
1425925673,613,0,555.98663
1425925973,996,0,534.1884
1425926273,1018,0,647.675
1425926573,1088,0,684.20465
1425926873,856,0,704.31964
1425927173,685,0,776.5151
1425927473,516,0,852.6993
1425927773,430,0,680.1113
1425928073,542,0,648.596
1425928373,496,0,718.0751
1425928673,537,0,658.43353
1425928973,575,0,597.99713
1425929273,603,0,456.85663
1425929573,417,0,495.66684
1425929873,344,0,495.37915
1425930173,397,0,371.8212
1425930473,374,0,429.55673
1425930773,341,0,455.77786
1425931073,323,0,578.5576
1425931373,418,0,570.1359
1425931673,533,0,465.98926
1425931973,461,0,752.526
1425932273,506,0,687.745
1425932573,473,0,773.11066
1425932873,499,0,530.9685
1425933173,418,0,494.95905
1425933473,423,0,603.516
1425933773,449,0,405.07693
1425934073,380,0,553.0585
1425934373,433,0,386.21765
1425934673,418,0,638.2417
1425934973,362,0,786.4064
1425935273,374,0,598.391
1425935573,396,0,342.31058
1425935873,340,0,397.01636
1425936173,354,0,365.16928
1425936473,616,0,522.88025
1425936773,265,0,623.1588
1425937073,245,0,698.0672
1425937373,388,0,450.2519
1425937673,314,0,391.3625
1425937973,341,0,496.14105
1425938273,349,0,390.7214
1425938573,334,0,421.71597
1425938873,307,0,313.08722
1425939173,362,0,229.7401
1425939473,294,0,284.15625
1425939773,342,0,267.3455
1425940073,309,0,409.74908
1425940373,258,0,473.8173
1425940673,287,0,298.84766
1425940973,294,0,265.19626
1425941273,373,0,342.45428
1425941573,317,0,461.9807
1425941873,300,0,446.44528
1425942173,316,0,284.24112
1425942473,346,0,368.99222
1425942773,352,0,221.18356
1425943073,297,0,267.62878
1425943373,296,0,290.16003
1425943673,286,0,347.66245
1425943973,263,0,355.30276
1425944273,283,0,325.8557
1425944573,293,0,300.3513
1425944873,354,0,298.0805
1425945173,281,0,308.51517
1425945473,290,0,365.51672
1425945773,223,0,377.37122
1425946073,231,0,334.0559
1425946373,271,0,300.58875
1425946673,316,0,427.4264
1425946973,302,0,347.754
1425947273,375,0,249.37294
1425947573,273,0,319.9875
1425947873,269,0,375.97073
1425948173,247,0,377.16934
1425948473,278,0,339.89417
1425948773,296,0,283.6224
1425949073,269,0,335.08737
1425949373,249,0,260.93335
1425949673,290,0,296.79123
1425949973,260,0,276.60303
1425950273,278,0,304.03427
1425950573,309,0,298.34857
1425950873,246,0,359.80814
1425951173,252,0,307.99826
1425951473,242,0,347.62375
1425951773,204,0,274.49454
1425952073,240,0,223.6785
1425952373,318,0,292.2567
1425952673,500,0,266.0279
1425952973,426,0,458.4483
1425953273,369,0,708.3867
1425953573,409,0,393.49182
1425953873,370,0,327.9826
1425954173,292,0,362.6037
1425954473,333,0,415.69788
1425954773,299,0,404.9814
1425955073,318,0,366.6115
1425955373,315,0,275.50452
1425955673,296,0,307.40958
1425955973,271,0,325.21463
1425956273,288,0,291.041
1425956573,274,0,288.53604
1425956873,269,0,481.20914
1425957173,259,0,364.12704
1425957473,278,0,326.4895
1425957773,273,0,329.07422
1425958073,319,0,362.031
1425958373,295,0,317.30655
1425958673,271,0,323.48514
1425958973,188,0,332.2665
1425959273,181,0,312.27142
1425959573,175,0,243.61717
1425959873,171,0,245.22679
1425960173,157,0,279.13168
1425960473,146,0,277.85812
1425960773,173,0,396.4094
1425961073,165,0,240.3966
1425961373,307,0,257.36548
1425961673,380,0,367.63028
1425961973,315,0,649.402
1425962273,342,0,503.2781
1425962573,296,0,353.7248
1425962873,267,0,291.13058
1425963173,298,0,209.5487
1425963473,294,0,289.33398
1425963773,255,0,311.21194
1425964073,241,0,290.09244
1425964373,213,0,246.251
1425964673,242,0,250.65889
1425964973,203,0,352.34692
1425965273,214,0,228.72072
1425965573,180,0,469.8526
1425965873,142,0,638.28754
1425966173,187,0,518.7403
1425966473,204,0,267.86908
1425966773,199,0,217.96063
1425967073,224,0,258.2351
1425967373,189,0,221.79747
1425967673,174,0,283.6256
1425967973,179,0,284.1418
1425968273,175,0,224.63795
1425968573,141,0,237.17355
1425968873,180,0,257.0144
1425969173,157,0,269.51932
1425969473,145,0,385.264
1425969773,140,0,230.33812
1425970073,148,0,155.25113
1425970373,157,0,161.17015
1425970673,138,0,176.7781
1425970973,102,0,186.0162
1425971273,139,0,227.40805
1425971573,134,0,152.67397
1425971873,130,0,228.99074
1425972173,85,0,124.16851
1425972473,85,0,271.36
1425972773,68,0,134.42006
1425973073,96,0,158.95078
1425973373,72,0,162.57106
1425973673,71,0,205.56085
1425973973,86,0,151.23843
1425974273,92,0,157.89624
1425974573,70,0,174.31853
1425974873,71,0,141.59044
1425975173,50,0,101.44446
1425975473,66,0,76.676796
1425975773,75,0,153.48622
1425976073,49,0,125.948074
1425976373,56,0,110.60952
1425976673,49,0,143.19528
1425976973,58,0,68.384735
1425977273,58,0,133.4073
1425977573,123,0,107.684494
1425977873,79,0,155.37834
1425978173,94,0,178.98877
1425978473,58,0,73.19339
1425978773,57,0,100.574165
1425979073,38,0,124.29597
1425979373,54,0,150.4716
1425979673,61,0,95.37738
1425979973,41,0,64.35745
1425980273,51,0,113.041374
1425980573,67,0,58.228943
1425980873,67,0,113.28041
1425981173,51,0,104.91628
1425981473,89,0,129.70836
1425981773,71,0,113.72033
1425982073,63,0,77.45913
1425982373,65,0,101.53049
1425982673,63,0,100.0152
1425982973,53,0,117.27299
1425983273,57,0,126.49016
1425983573,73,0,129.03178
1425983873,67,0,141.47464
1425984173,80,0,76.361084
1425984473,65,0,93.82848
1425984773,64,0,129.30092
1425985073,82,0,87.08227
1425985373,72,0,122.481346
1425985673,73,0,150.99547
1425985973,59,0,132.8738
1425986273,81,0,120.57464
1425986573,65,0,103.30493
1425986873,80,0,176.71272
1425987173,81,0,75.31717
1425987473,68,0,113.05835
1425987773,69,0,137.63751
1425988073,113,0,143.97202
1425988373,99,0,151.65886
1425988673,82,0,149.96149
1425988973,90,0,176.27475
1425989273,96,0,133.43175
1425989573,88,0,114.56916
1425989873,106,0,103.03684
1425990173,95,0,74.80241
1425990473,74,0,153.72974
1425990773,80,0,193.6371
1425991073,87,0,163.07982
1425991373,69,0,171.21861
1425991673,81,0,234.50713
1425991973,101,0,157.56319
1425992273,98,0,339.71796
1425992573,120,0,134.90314
1425992873,90,0,158.2197
1425993173,118,0,169.77858
1425993473,81,0,173.09988
1425993773,104,0,84.15292
1425994073,96,0,169.80043
1425994373,97,0,182.2755
1425994673,114,0,176.45807
1425994973,101,0,144.5679
1425995273,97,0,89.09822
1425995573,89,0,224.44998
1425995873,118,0,226.01614
1425996173,115,0,182.51524
1425996473,102,0,143.20868
1425996773,114,0,122.46047
1425997073,142,0,152.92992
1425997373,110,0,146.99382
1425997673,121,0,126.868576
1425997973,115,0,200.13356
1425998273,140,0,179.70004
1425998573,303,0,166.3769
1425998873,99,0,200.08795
1425999173,131,0,130.20465
1425999473,147,0,161.63391
1425999773,213,0,201.25526
1426000073,152,0,143.55385
1426000373,285,0,157.39247
1426000673,1835,1,147.32236
1426000973,254,0,491.73886
1426001273,197,0,450.45132
1426001573,226,0,427.7238
1426001873,177,0,469.85666
1426002173,181,0,268.8862
1426002473,188,0,371.45682
1426002773,168,0,250.24136
1426003073,168,0,254.92567
1426003373,132,0,214.78268
1426003673,157,0,184.95253
1426003973,157,0,204.36414
1426004273,140,0,188.23634
1426004573,146,0,299.24426
1426004873,158,0,218.39307
1426005173,129,0,200.37672
1426005473,173,0,170.23557
1426005773,133,0,375.05005
1426006073,171,0,352.19095
1426006373,213,0,399.27402
1426006673,188,0,357.69394
1426006973,139,0,274.97583
1426007273,146,0,192.13014
1426007573,151,0,163.22937
1426007873,220,0,192.01138
1426008173,174,0,262.82684
1426008473,126,0,186.84975
1426008773,175,0,192.40794
1426009073,122,0,161.3205
1426009373,147,0,178.74536
1426009673,190,0,176.4382
1426009973,172,0,332.42487
1426010273,207,0,141.87485
1426010573,194,0,322.1137
1426010873,147,0,277.46805
1426011173,121,0,147.96199
1426011473,117,0,155.58311
1426011773,125,0,151.91302
1426012073,175,0,169.72345
1426012373,179,0,156.89644
1426012673,189,0,164.74426
1426012973,146,0,144.56198
1426013273,112,0,153.81888
1426013573,115,0,142.7772
1426013873,99,0,147.19612
1426014173,100,0,247.02345
1426014473,110,0,160.68437
1426014773,114,0,129.8613
1426015073,97,0,114.137115
1426015373,88,0,136.58539
1426015673,102,0,139.65256
1426015973,122,0,142.58755
1426016273,106,0,152.6327
1426016573,101,0,107.41348
1426016873,75,0,120.74238
1426017173,87,0,95.257706
1426017473,96,0,120.79144
1426017773,123,0,103.57813
1426018073,111,0,136.52759
1426018373,114,0,126.44808
1426018673,108,0,118.913536
1426018973,90,0,180.61794
1426019273,88,0,112.850746
1426019573,95,0,108.9006
1426019873,81,0,123.018814
1426020173,72,0,99.00689
1426020473,108,0,114.85815
1426020773,99,0,103.22588
1426021073,107,0,111.19527
1426021373,158,0,80.88536
1426021673,557,1,124.10495
1426021973,248,0,228.84995
1426022273,196,0,250.48102
1426022573,134,0,110.5509
1426022873,122,0,139.26237
1426023173,122,0,116.853
1426023473,99,0,135.65042
1426023773,92,0,135.83086
1426024073,87,0,124.41102
1426024373,90,0,128.41382
1426024673,94,0,122.48355
1426024973,88,0,115.14197
1426025273,95,0,117.78369
1426025573,101,0,106.5063
1426025873,95,0,77.80544
1426026173,93,0,97.17533
1426026473,80,0,119.93767
1426026773,70,0,105.28502
1426027073,65,0,112.241806
1426027373,100,0,81.15973
1426027673,86,0,110.1173
1426027973,74,0,109.65891
1426028273,77,0,118.61087
1426028573,90,0,111.07557
1426028873,69,0,116.53441
1426029173,78,0,85.85104
1426029473,81,0,96.49077
1426029773,89,0,86.39935
1426030073,70,0,113.52301
1426030373,46,0,101.64854
1426030673,70,0,94.4437
1426030973,55,0,79.17801
1426031273,50,0,114.934555
1426031573,61,0,82.52641
1426031873,112,0,89.17322
1426032173,78,0,114.138145
1426032473,78,0,107.825836
1426032773,93,0,91.28139
1426033073,74,0,85.55372
1426033373,46,0,93.64315
1426033673,68,0,93.704796
1426033973,57,0,84.190865
1426034273,74,0,85.37613
1426034573,50,0,83.20722
1426034873,88,0,77.89735
1426035173,96,0,66.67183
1426035473,62,0,91.966545
1426035773,65,0,88.436935
1426036073,74,0,80.325035
1426036373,82,0,67.00851
1426036673,71,0,77.0605
1426036973,67,0,79.15468
1426037273,102,0,83.1313
1426037573,97,0,81.45562
1426037873,102,0,81.22996
1426038173,69,0,66.919846
1426038473,49,0,82.66639
1426038773,64,0,72.4355
1426039073,119,0,91.01106
1426039373,99,0,81.29925
1426039673,85,0,80.50506
1426039973,72,0,69.73197
1426040273,76,0,64.13985
1426040573,54,0,74.49497
1426040873,94,0,83.64913
1426041173,90,0,82.515434
1426041473,81,0,84.26083
1426041773,55,0,76.716484
1426042073,56,0,75.65704
1426042373,44,0,67.2318
1426042673,55,0,68.918915
1426042973,68,0,75.84049
1426043273,49,0,65.67402
1426043573,106,0,77.178154
1426043873,58,0,70.46633
1426044173,60,0,103.93179
1426044473,97,0,77.18517
1426044773,51,0,64.55784
1426045073,51,0,89.857925
1426045373,48,0,71.68621
1426045673,52,0,66.0566
1426045973,39,0,56.024406
1426046273,50,0,61.873894
1426046573,60,0,74.862465
1426046873,49,0,56.450447
1426047173,44,0,67.876236
1426047473,47,0,68.40188
1426047773,38,0,60.690178
1426048073,36,0,54.018738
1426048373,46,0,59.63189
1426048673,28,0,60.736507
1426048973,46,0,56.87415
1426049273,47,0,65.06123
1426049573,31,0,53.300568
1426049873,42,0,65.39272
1426050173,34,0,72.07388
1426050473,33,0,60.883327
1426050773,27,0,49.907585
1426051073,22,0,52.013573
1426051373,34,0,58.90102
1426051673,39,0,71.344055
1426051973,33,0,54.586033
1426052273,30,0,58.021797
1426052573,21,0,54.938393
1426052873,21,0,65.236
1426053173,27,0,62.17521
1426053473,32,0,51.567436
1426053773,38,0,64.68703
1426054073,33,0,59.07396
1426054373,26,0,51.763744
1426054673,25,0,58.34767
1426054973,32,0,60.123592
1426055273,26,0,56.70285
1426055573,19,0,45.372368
1426055873,20,0,51.29538
1426056173,22,0,50.98496
1426056473,18,0,47.38243
1426056773,16,0,41.560734
1426057073,13,0,42.78223
1426057373,0,0,47.542812
1426057673,0,0,43.056572
1426057973,0,0,37.62921
1426058273,0,0,37.75203
1426058573,0,0,51.26936
1426058873,0,0,38.77314
1426059173,0,0,41.37158
1426059473,0,0,40.371105
1426059773,0,0,37.01502
1426060073,0,0,31.271801
1426060373,0,0,31.4506
1426060673,0,0,29.83349
1426060973,0,0,22.250517
1426061273,0,0,31.216803
1426061573,0,0,32.211273
1426061873,0,0,38.855698
1426062173,0,0,36.77907
1426062473,0,0,27.407469
1426062773,0,0,32.11258
1426063073,0,0,38.22362
1426063373,0,0,17.501383
1426063673,0,0,10.096165
1426063973,0,0,21.661158
1426064273,0,0,30.02582
1426064573,0,0,22.531923
1426064873,0,0,35.29516
1426065173,12,0,16.425245
1426065473,21,0,33.375557
1426065773,35,0,23.019857
1426066073,24,0,37.681866
1426066373,23,0,24.460342
1426066673,27,0,36.548008
1426066973,30,0,23.833302
1426067273,31,0,28.145494
1426067573,49,0,25.05439
1426067873,56,0,22.962914
1426068173,48,0,24.538818
1426068473,88,0,21.946245
1426068773,74,0,95.91273
1426069073,50,0,57.2944
1426069373,50,0,32.10401
1426069673,58,0,43.61258
1426069973,60,0,46.47492
1426070273,56,0,25.664742
1426070573,63,0,43.300285
1426070873,40,0,47.253666
1426071173,46,0,35.278267
1426071473,61,0,37.91794
1426071773,47,0,43.138824
1426072073,47,0,41.7977
1426072373,53,0,41.262188
1426072673,51,0,55.92706
1426072973,80,0,15.165497
1426073273,69,0,39.40442
1426073573,129,1,43.97706
1426073873,134,0,104.826935
1426074173,268,0,92.38677
1426074473,108,0,151.52122
1426074773,74,0,106.29216
1426075073,90,0,86.18016
1426075373,84,0,83.31216
1426075673,113,0,76.482506
1426075973,65,0,98.77888
1426076273,52,0,77.859795
1426076573,54,0,47.909164
1426076873,73,0,59.38274
1426077173,71,0,112.173584
1426077473,76,0,80.60779
1426077773,74,0,90.749756
1426078073,69,0,100.82698
1426078373,52,0,66.98823
1426078673,95,0,52.68357
1426078973,75,0,130.09608
1426079273,71,0,101.858
1426079573,78,0,92.75331
1426079873,98,0,66.29954
1426080173,90,0,69.32033
1426080473,77,0,71.88976
1426080773,88,0,78.81597
1426081073,120,0,108.84565
1426081373,99,0,87.996666
1426081673,109,0,77.61042
1426081973,104,0,77.93613
1426082273,132,1,78.692406
1426082573,96,0,89.6856
1426082873,137,0,85.7799
1426083173,129,0,99.72518
1426083473,113,0,90.9128
1426083773,116,0,69.659775
1426084073,105,0,106.268524
1426084373,103,0,99.499855
1426084673,115,0,113.02978
1426084973,110,0,100.24352
1426085273,117,0,95.9623
1426085573,108,0,92.832596
1426085873,95,0,99.78422
1426086173,88,0,88.239265
1426086473,120,0,92.30154
1426086773,118,0,92.3839
1426087073,120,0,87.41876
1426087373,87,0,82.466934
1426087673,105,0,99.06388
1426087973,105,0,103.84976
1426088273,122,0,112.26969
1426088573,139,0,115.04709
1426088873,98,0,128.99925
1426089173,130,0,134.18286
1426089473,111,0,96.83559
1426089773,97,0,115.63739
1426090073,95,0,129.39725
1426090373,94,0,91.55674
1426090673,109,0,77.55723
1426090973,79,0,109.46668
1426091273,100,0,96.88084
1426091573,84,0,103.12374
1426091873,93,0,95.45459
1426092173,112,0,91.014755
1426092473,100,0,125.33036
1426092773,123,0,87.878044
1426093073,172,0,125.57999
1426093373,186,1,114.56118
1426093673,139,0,153.27654
1426093973,135,0,129.3426
1426094273,145,0,115.70369
1426094573,119,0,114.81466
1426094873,150,0,115.68947
1426095173,113,0,139.98772
1426095473,95,0,123.42464
1426095773,113,0,104.006454
1426096073,114,0,97.360344
1426096373,108,0,105.23174
1426096673,100,0,117.63919
1426096973,106,0,125.95834
1426097273,120,0,105.58784
1426097573,185,0,102.507416
1426097873,256,0,171.80495
1426098173,210,0,175.3569
1426098473,108,0,170.61067
1426098773,112,0,150.42314
1426099073,123,0,143.50432
1426099373,121,0,121.959816
1426099673,134,0,133.59462
1426099973,90,0,132.48634
1426100273,106,0,129.29643
1426100573,105,0,118.92581
1426100873,109,0,116.64563
1426101173,112,0,118.40362
1426101473,98,0,132.07976
1426101773,122,0,101.505035
1426102073,88,0,132.46466
1426102373,97,0,100.040855
1426102673,131,0,107.466545
1426102973,99,0,120.11008
1426103273,125,0,107.22058
1426103573,97,0,129.02962
1426103873,142,0,120.10559
1426104173,92,0,132.83037
1426104473,91,0,123.21293
1426104773,78,0,111.52909
1426105073,91,0,100.701195
1426105373,68,0,98.20876
1426105673,81,0,90.549126
1426105973,88,0,83.16767
1426106273,74,0,88.12941
1426106573,61,0,71.40567
1426106873,69,0,81.6681
1426107173,57,0,86.71906
1426107473,63,0,89.63219
1426107773,63,0,83.54214
1426108073,84,0,84.29993
1426108373,56,0,75.87647
1426108673,66,0,80.367424
1426108973,66,0,82.95009
1426109273,63,0,79.84164
1426109573,74,0,66.43886
1426109873,79,0,78.33229
1426110173,49,0,82.22355
1426110473,57,0,67.571754
1426110773,33,0,68.041084
1426111073,61,0,63.469315
1426111373,39,0,56.322845
1426111673,35,0,73.141525
1426111973,35,0,78.59643
1426112273,53,0,54.45987
1426112573,54,0,50.60337
1426112873,54,0,57.055832
1426113173,47,0,103.52379
1426113473,54,0,58.786026
1426113773,69,0,49.521465
1426114073,61,0,69.24154
1426114373,59,0,51.119286
1426114673,58,0,62.83478
1426114973,53,0,58.71784
1426115273,50,0,46.345215
1426115573,41,0,46.104454
1426115873,44,0,45.448555
1426116173,37,0,56.9748
1426116473,48,0,58.766193
1426116773,36,0,54.397846
1426117073,41,0,58.287663
1426117373,48,0,39.086655
1426117673,55,0,26.849428
1426117973,31,0,44.066
1426118273,48,0,55.24512
1426118573,61,0,53.329838
1426118873,66,0,37.985756
1426119173,40,0,49.836708
1426119473,54,0,39.674473
1426119773,70,0,32.261414
1426120073,72,0,53.874607
1426120373,34,0,53.609783
1426120673,54,0,60.23546
1426120973,37,0,37.68933
1426121273,29,0,33.25594
1426121573,77,0,35.29009
1426121873,84,0,50.48801
1426122173,56,0,35.495052
1426122473,57,0,62.517365
1426122773,61,0,47.859108
1426123073,53,0,41.333652
1426123373,52,0,36.439156
1426123673,51,0,50.915882
1426123973,81,0,42.835064
1426124273,59,0,46.96253
1426124573,44,0,41.92936
1426124873,45,0,40.109344
1426125173,43,0,53.264442
1426125473,50,0,47.08249
1426125773,41,0,45.408157
1426126073,51,0,51.279526
1426126373,43,0,42.193924
1426126673,52,0,37.28107
1426126973,42,0,44.897697
1426127273,46,0,54.8563
1426127573,34,0,41.10667
1426127873,45,0,48.015526
1426128173,45,0,34.561634
1426128473,36,0,34.34645
1426128773,26,0,32.659416
1426129073,47,0,45.81845
1426129373,42,0,48.359367
1426129673,45,0,40.033184
1426129973,40,0,40.469475
1426130273,34,0,30.495956
1426130573,43,0,36.752377
1426130873,29,0,43.528133
1426131173,37,0,37.8826
1426131473,37,0,38.487335
1426131773,35,0,37.133274
1426132073,40,0,33.44305
1426132373,34,0,32.387173
1426132673,41,0,35.796036
1426132973,25,0,40.20751
1426133273,28,0,35.807957
1426133573,28,0,36.869656
1426133873,30,0,39.487995
1426134173,24,0,36.095753
1426134473,29,0,35.435127
1426134773,13,0,32.43452
1426135073,22,0,34.458164
1426135373,23,0,27.845373
1426135673,22,0,30.439074
1426135973,25,0,25.602152
1426136273,21,0,34.085686
1426136573,18,0,34.075638
1426136873,36,0,24.451172
1426137173,30,0,22.537876
1426137473,22,0,28.125467
1426137773,16,0,28.619778
1426138073,0,0,18.195896
1426138373,0,0,32.555443
1426138673,1,0,30.500824
1426138973,13,0,15.395894
1426139273,25,0,17.295177
1426139573,29,0,18.786478
1426139873,16,0,24.69757
1426140173,25,0,23.313713
1426140473,12,0,24.082127
1426140773,17,0,27.590796
1426141073,20,0,21.57554
1426141373,20,0,19.32267
1426141673,23,0,21.903992
1426141973,25,0,13.303808
1426142273,21,0,21.452318
1426142573,17,0,22.265638
1426142873,17,0,19.076183
1426143173,22,0,15.723304
1426143473,28,0,18.51356
1426143773,20,0,10.740465
1426144073,23,0,16.390581
1426144373,19,0,18.03743
1426144673,19,0,30.558743
1426144973,15,0,17.644722
1426145273,11,0,20.978798
1426145573,26,0,20.926655
1426145873,20,0,31.225748
1426146173,15,0,14.001151
1426146473,5,0,17.05063
1426146773,20,0,15.629406
1426147073,19,0,23.203592
1426147373,21,0,24.902615
1426147673,14,0,22.837574
1426147973,23,0,31.842237
1426148273,10,0,32.20561
1426148573,17,0,27.642216
1426148873,10,0,21.508064
1426149173,16,0,22.868599
1426149473,17,0,23.026972
1426149773,20,0,18.174816
1426150073,13,0,27.339079
1426150373,7,0,13.404816
1426150673,21,0,21.35641
1426150973,11,0,23.429834
1426151273,23,0,34.656666
1426151573,10,0,37.158035
1426151873,19,0,21.932785
1426152173,0,0,33.98434
1426152473,2,0,34.923386
1426152773,16,0,35.042927
1426153073,17,0,15.489952
1426153373,23,0,34.66987
1426153673,26,0,41.160175
1426153973,18,0,16.38706
1426154273,37,0,23.993334
1426154573,28,0,34.30137
1426154873,23,0,50.4293
1426155173,20,0,36.982338
1426155473,11,0,47.30542
1426155773,11,0,21.841713
1426156073,21,0,24.006924
1426156373,18,0,31.370947
1426156673,25,0,26.87138
1426156973,22,0,28.383587
1426157273,67,0,35.81336
1426157573,21,0,49.097435
1426157873,15,0,55.81187
1426158173,57,0,53.483543
1426158473,29,0,55.228737
1426158773,17,0,25.504972
1426159073,16,0,19.223503
1426159373,13,0,35.18462
1426159673,16,0,21.796577
1426159973,20,0,32.594414
1426160273,21,0,30.331018
1426160573,22,0,24.477896
1426160873,29,0,23.849567
1426161173,35,0,18.129469
1426161473,33,0,36.086826
1426161773,29,0,28.962704
1426162073,28,0,34.594856
1426162373,30,0,25.539679
1426162673,30,0,18.967491
1426162973,49,0,25.140936
1426163273,27,0,32.569107
1426163573,16,0,31.283352
1426163873,29,0,23.555437
1426164173,26,0,27.82577
1426164473,40,0,22.971064
1426164773,33,0,25.22045
1426165073,56,0,33.552814
1426165373,58,0,47.242126
1426165673,42,0,53.128963
1426165973,42,0,41.22705
1426166273,36,0,33.506115
1426166573,56,0,36.103096
1426166873,46,0,45.100815
1426167173,49,0,33.590748
1426167473,43,0,47.591885
1426167773,52,0,29.174269
1426168073,51,0,34.69264
1426168373,28,0,47.612957
1426168673,73,0,39.316593
1426168973,59,0,53.17339
1426169273,36,0,46.091263
1426169573,49,0,32.37021
1426169873,100,1,36.802086
1426170173,105,0,109.92841
1426170473,68,0,88.122116
1426170773,55,0,63.759377
1426171073,46,0,68.70646
1426171373,48,0,47.740906
1426171673,52,0,52.513107
1426171973,56,0,45.419662
1426172273,38,0,53.578697
1426172573,46,0,47.291985
1426172873,50,0,44.277004
1426173173,38,0,38.963264
1426173473,55,0,39.400265
1426173773,34,0,48.466488
1426174073,44,0,52.23414
1426174373,45,0,49.57077
1426174673,49,0,40.19964
1426174973,33,0,45.250877
1426175273,57,0,40.93479
1426175573,56,0,43.23258
1426175873,57,0,53.25772
1426176173,29,0,46.632347
1426176473,34,0,37.678253
1426176773,32,0,37.79812
1426177073,35,0,34.41285
1426177373,47,0,34.652737
1426177673,30,0,39.81246
1426177973,40,0,40.50894
1426178273,26,0,34.18246
1426178573,38,0,30.220148
1426178873,50,0,43.550472
1426179173,47,0,62.53575
1426179473,54,0,48.173656
1426179773,55,0,56.68521
1426180073,41,0,44.07379
1426180373,38,0,40.158382
1426180673,36,0,31.929052
1426180973,44,0,32.78233
1426181273,51,0,37.933167
1426181573,31,0,36.894234
1426181873,37,0,35.157295
1426182173,33,0,34.112293
1426182473,468,1,31.733574
1426182773,188,1,65.42752
1426183073,115,0,72.23821
1426183373,82,0,64.785446
1426183673,91,0,61.68099
1426183973,81,0,63.127502
1426184273,153,1,56.217865
1426184573,91,0,73.87178
1426184873,89,0,59.82598
1426185173,88,0,55.6094
1426185473,75,0,55.89531
1426185773,97,1,54.106384
1426186073,69,0,63.5032
1426186373,88,0,53.266735
1426186673,90,0,58.740326
1426186973,52,0,65.79729
1426187273,49,0,54.07592
1426187573,70,0,44.39491
1426187873,66,0,54.50651
1426188173,80,0,56.990795
1426188473,73,0,55.674393
1426188773,73,0,46.789436
1426189073,116,1,47.749775
1426189373,93,0,53.073547
1426189673,63,0,69.220665
1426189973,49,0,50.5029
1426190273,70,0,51.945
1426190573,59,0,47.614113
1426190873,56,0,51.092804
1426191173,47,0,39.45585
1426191473,50,0,50.664104
1426191773,53,0,44.80501
1426192073,50,0,51.621048
1426192373,72,0,47.282185
1426192673,96,1,47.950893
1426192973,76,0,50.19893
1426193273,55,0,53.01073
1426193573,43,0,56.97727
1426193873,66,0,46.55171
1426194173,40,0,42.70799
1426194473,62,0,41.417065
1426194773,61,0,39.378468
1426195073,97,1,45.953697
1426195373,104,1,43.919632
1426195673,91,1,52.03424
1426195973,116,1,49.15228
1426196273,83,0,71.56268
1426196573,55,0,79.26361
1426196873,71,0,60.4309
1426197173,57,0,38.963497
1426197473,64,0,43.60231
1426197773,45,0,53.136898
1426198073,53,0,41.193024
1426198373,65,1,41.67758
1426198673,54,0,43.735523
1426198973,53,0,42.728634
1426199273,44,0,45.909786
1426199573,75,1,38.887226
1426199873,191,1,42.765415
1426200173,66,0,65.56035
1426200473,75,0,65.01654
1426200773,87,1,54.00657
1426201073,54,0,60.002514
1426201373,91,0,46.54272
1426201673,64,0,48.969765
1426201973,64,0,42.286552
1426202273,43,0,47.14002
1426202573,56,0,39.111404
1426202873,45,0,43.015163
1426203173,66,0,47.508842
1426203473,46,0,47.999065
1426203773,32,0,38.681885
1426204073,53,0,38.389908
1426204373,52,0,42.361057
1426204673,39,0,38.02195
1426204973,42,0,41.61131
1426205273,48,0,33.154053
1426205573,71,1,35.297813
1426205873,54,0,48.3234
1426206173,55,0,36.032955
1426206473,37,0,41.384415
1426206773,46,0,36.79501
1426207073,33,0,39.540726
1426207373,39,0,35.91803
1426207673,59,1,27.05212
1426207973,49,0,29.940329
1426208273,60,0,35.13395
1426208573,52,0,31.487011
1426208873,33,0,36.26643
1426209173,37,0,31.442894
1426209473,50,0,34.714756
1426209773,54,0,39.20475
1426210073,42,0,45.594276
1426210373,50,0,34.044575
1426210673,127,1,35.19796
1426210973,89,0,70.697296
1426211273,82,0,49.230606
1426211573,45,0,49.710487
1426211873,73,0,42.55365
1426212173,49,0,46.553154
1426212473,46,0,47.08609
1426212773,41,0,35.847534
1426213073,56,1,29.181099
1426213373,69,0,47.6816
1426213673,46,0,36.504665
1426213973,39,0,38.342976
1426214273,37,0,36.666885
1426214573,42,0,29.297
1426214873,41,0,30.564672
1426215173,22,0,28.414701
1426215473,34,0,34.888493
1426215773,23,0,34.931202
1426216073,25,0,36.28164
1426216373,24,0,25.788342
1426216673,79,1,27.453192
1426216973,43,0,39.54709
1426217273,46,0,32.132885
1426217573,46,0,32.460426
1426217873,27,0,26.996378
1426218173,34,0,31.812935
1426218473,23,0,26.633368
1426218773,19,0,27.818296
1426219073,35,0,30.49312
1426219373,46,0,29.725906
1426219673,30,0,30.568466
1426219973,28,0,30.05705
1426220273,68,1,31.703632
1426220573,26,0,29.330835
1426220873,18,0,34.017082
1426221173,44,0,32.03463
1426221473,69,1,35.818634
1426221773,48,0,37.561985
1426222073,33,0,39.202293
1426222373,67,0,38.170208
1426222673,41,0,49.45666
1426222973,34,0,40.776287
1426223273,35,0,36.707527
1426223573,49,0,36.603436
1426223873,38,0,36.612476
1426224173,40,0,36.34268
1426224473,33,0,34.932747
1426224773,29,0,34.03288
1426225073,32,0,36.367935
1426225373,26,0,38.92779
1426225673,31,0,38.137802
1426225973,70,0,55.272175
1426226273,28,0,36.67312
1426226573,29,0,33.925045
1426226873,23,0,43.92936
1426227173,28,0,40.1277
1426227473,27,0,41.048515
1426227773,28,0,38.2853
1426228073,26,0,34.96222
1426228373,24,0,35.027225
1426228673,19,0,36.27542
1426228973,22,0,37.65737
1426229273,17,0,41.43741
1426229573,34,0,39.563694
1426229873,27,0,35.59695
1426230173,23,0,31.013052
1426230473,27,0,37.534584
1426230773,10,1,41.87075
1426231073,18,0,38.190125
1426231373,20,0,36.41407
1426231673,57,0,36.622417
1426231973,29,0,36.243164
1426232273,16,0,38.89992
1426232573,19,0,37.46982
1426232873,21,0,41.492645
1426233173,24,0,35.374886
1426233473,13,0,32.114975
1426233773,25,0,37.12956
1426234073,21,0,37.986805
1426234373,19,0,36.91119
1426234673,18,0,40.216213
1426234973,16,0,36.79488
1426235273,25,0,33.6816
1426235573,21,0,33.717915
1426235873,19,0,34.347927
1426236173,9,0,37.134586
1426236473,17,0,30.544374
1426236773,19,0,39.25598
1426237073,16,0,33.16035
1426237373,14,0,29.492064
1426237673,13,0,30.709505
1426237973,15,0,31.319351
1426238273,13,0,56.16388
1426238573,27,0,33.839066
1426238873,27,0,31.23047
1426239173,24,0,27.841589
1426239473,20,0,26.138638
1426239773,20,0,34.499863
1426240073,23,0,38.104485
1426240373,19,0,35.98545
1426240673,20,0,28.046602
1426240973,39,0,27.963167
1426241273,25,0,32.089134
1426241573,54,0,33.280155
1426241873,27,0,40.859417
1426242173,25,0,34.42269
1426242473,20,0,30.673283
1426242773,30,0,26.93178
1426243073,33,0,28.214033
1426243373,36,0,36.641342
1426243673,32,0,34.85662
1426243973,24,0,42.535385
1426244273,34,0,33.440258
1426244573,26,0,35.83951
1426244873,26,0,39.139202
1426245173,32,0,37.320496
1426245473,29,0,37.885654
1426245773,63,0,32.519207
1426246073,34,0,28.838581
1426246373,32,0,34.191822
1426246673,48,0,33.619358
1426246973,35,0,48.573254
1426247273,31,0,37.83331
1426247573,45,0,35.849632
1426247873,44,0,34.292667
1426248173,48,0,39.461544
1426248473,30,0,38.88961
1426248773,53,0,36.38506
1426249073,28,0,46.58044
1426249373,36,0,34.75931
1426249673,55,0,35.33977
1426249973,41,0,35.873917
1426250273,36,0,38.35614
1426250573,27,0,33.52177
1426250873,27,0,40.690422
1426251173,40,0,36.00346
1426251473,42,0,39.01904
1426251773,37,0,36.613472
1426252073,36,0,38.740524
1426252373,37,0,42.46999
1426252673,35,0,36.640244
1426252973,33,0,38.015556
1426253273,37,0,43.154545
1426253573,41,0,36.296936
1426253873,56,0,35.982796
1426254173,85,0,44.72389
1426254473,62,0,47.05689
1426254773,46,0,49.01406
1426255073,62,0,46.5287
1426255373,39,0,54.665733
1426255673,52,0,49.023663
1426255973,47,0,49.87052
1426256273,32,0,44.065536
1426256573,39,0,38.989082
1426256873,54,0,34.04706
1426257173,45,0,47.127182
1426257473,61,0,42.58465
1426257773,66,0,53.740093
1426258073,59,0,42.52742
1426258373,41,0,49.88102
1426258673,76,1,43.557434
1426258973,48,0,54.328293
1426259273,58,0,49.031483
1426259573,26,0,46.624763
1426259873,33,0,42.560673
1426260173,38,0,40.468655
1426260473,37,0,42.362965
1426260773,57,0,37.609657
1426261073,40,0,41.807995
1426261373,40,0,48.77535
1426261673,49,0,45.827335
1426261973,77,0,44.30713
1426262273,84,0,51.8454
1426262573,52,0,72.44305
1426262873,63,0,54.732975
1426263173,48,0,49.072613
1426263473,44,0,51.86277
1426263773,57,0,48.631413
1426264073,66,0,44.738636
1426264373,39,0,45.871906
1426264673,51,0,45.42987
1426264973,42,0,51.155228
1426265273,63,0,54.403606
1426265573,49,0,47.436146
1426265873,68,0,51.273182
1426266173,45,0,60.669624
1426266473,48,0,50.16544
1426266773,57,0,53.859478
1426267073,46,0,51.850933
1426267373,55,0,50.820675
1426267673,57,0,43.502926
1426267973,39,0,55.348827
1426268273,55,0,47.748672
1426268573,51,0,49.708736
1426268873,57,0,43.645866
1426269173,64,0,47.953564
1426269473,93,1,47.19715
1426269773,82,0,69.17777
1426270073,64,0,65.88556
1426270373,62,0,50.3938
1426270673,47,0,53.264374
1426270973,43,0,61.322083
1426271273,52,0,51.550743
1426271573,42,0,45.653915
1426271873,56,0,50.205
1426272173,26,0,54.080376
1426272473,24,0,48.670918
1426272773,35,0,48.738056
1426273073,50,0,49.756626
1426273373,37,0,45.868774
1426273673,52,0,41.438934
1426273973,39,0,49.87339
1426274273,58,0,47.19678
1426274573,47,0,62.7702
1426274873,47,0,51.460957
1426275173,48,0,48.18315
1426275473,52,0,43.050377
1426275773,52,0,47.19137
1426276073,58,0,54.071327
1426276373,81,0,47.38245
1426276673,90,0,72.09603
1426276973,39,0,58.37474
1426277273,39,0,44.246716
1426277573,35,0,50.34912
1426277873,30,0,49.008717
1426278173,43,0,43.811607
1426278473,49,0,38.89476
1426278773,25,0,51.26488
1426279073,24,0,43.81772
1426279373,28,0,41.39646
1426279673,34,0,47.6528
1426279973,91,0,43.7403
1426280273,86,0,85.13883
1426280573,100,0,58.369404
1426280873,63,0,70.93816
1426281173,30,0,60.525414
1426281473,31,0,49.159367
1426281773,43,0,44.856815
1426282073,40,0,42.6648
1426282373,34,0,46.31017
1426282673,51,0,42.973263
1426282973,33,0,45.219666
1426283273,21,0,47.11463
1426283573,67,0,46.058945
1426283873,133,0,62.308434
1426284173,76,0,81.15692
1426284473,99,0,59.222015
1426284773,76,0,72.48108
1426285073,43,0,79.05398
1426285373,43,0,61.71707
1426285673,60,0,52.90857
1426285973,43,0,50.670082
1426286273,47,0,49.322777
1426286573,45,0,48.6766
1426286873,48,0,49.465206
1426287173,44,0,52.18983
1426287473,51,0,48.091694
1426287773,49,0,49.590908
1426288073,39,0,49.378403
1426288373,34,0,48.962257
1426288673,23,0,35.776443
1426288973,35,0,41.21826
1426289273,39,0,41.007587
1426289573,37,0,39.963917
1426289873,47,0,42.797634
1426290173,56,0,41.76849
1426290473,58,0,45.30701
1426290773,86,0,45.962513
1426291073,66,0,70.75265
1426291373,41,0,65.06828
1426291673,77,0,47.644447
1426291973,51,0,54.53686
1426292273,41,0,48.345913
1426292573,46,0,44.46911
1426292873,54,0,42.064568
1426293173,53,0,40.164906
1426293473,34,0,45.692463
1426293773,53,0,38.41792
1426294073,72,0,50.091885
1426294373,55,0,58.10628
1426294673,39,0,52.826958
1426294973,36,0,43.992283
1426295273,38,0,42.725605
1426295573,51,0,44.635475
1426295873,31,0,44.824142
1426296173,15,0,50.164932
1426296473,45,0,36.168304
1426296773,42,0,37.44268
1426297073,2365,1,38.432228
1426297373,1088,1,79.21553
1426297673,710,1,99.23639
1426297973,451,1,88.10552
1426298273,369,1,109.697845
1426298573,232,1,71.8523
1426298873,189,0,90.140785
1426299173,149,0,70.92221
1426299473,126,0,64.180115
1426299773,106,0,46.202972
1426300073,88,0,37.621212
1426300373,489,1,61.34639
1426300673,357,1,98.20454
1426300973,61,0,140.51683
1426301273,70,0,90.43788
1426301573,62,0,65.52417
1426301873,55,0,52.066574
1426302173,37,0,44.381844
1426302473,61,0,50.427097
1426302773,60,0,62.54693
1426303073,39,0,56.85167
1426303373,21,0,65.75467
1426303673,39,0,51.880264
1426303973,50,0,45.20405
1426304273,29,0,49.682404
1426304573,34,0,68.217766
1426304873,42,0,44.78257
1426305173,26,0,40.56287
1426305473,45,0,34.708725
1426305773,30,0,39.554085
1426306073,35,0,49.654472
1426306373,35,0,50.80436
1426306673,22,0,35.330616
1426306973,28,0,50.28178
1426307273,21,0,32.50575
1426307573,18,0,41.507095
1426307873,25,0,26.586006
1426308173,39,0,47.254177
1426308473,22,0,34.65535
1426308773,27,0,34.39877
1426309073,43,0,23.531878
1426309373,36,0,14.4379225
1426309673,28,0,22.03774
1426309973,23,0,22.318254
1426310273,14,0,17.401653
1426310573,24,0,15.990037
1426310873,24,0,12.449534
1426311173,29,0,42.23789
1426311473,20,0,30.499166
1426311773,15,0,31.51529
1426312073,24,0,35.190895
1426312373,22,0,22.988068
1426312673,29,0,12.445078
1426312973,26,0,21.05861
1426313273,58,0,15.285731
1426313573,50,0,32.282898
1426313873,52,0,41.28078
1426314173,78,0,42.16317
1426314473,66,0,41.463837
1426314773,22,0,43.164185
1426315073,15,0,32.11578
1426315373,21,0,30.457098
1426315673,20,0,41.05338
1426315973,24,0,37.214584
1426316273,21,0,26.533617
1426316573,17,0,33.09473
1426316873,31,0,38.74277
1426317173,33,0,42.66751
1426317473,36,0,33.8312
1426317773,18,0,53.203403
1426318073,28,0,42.04197
1426318373,40,0,28.16616
1426318673,30,0,31.398394
1426318973,19,0,31.789867
1426319273,34,0,40.68158
1426319573,50,0,37.42375
1426319873,39,0,37.091393
1426320173,36,0,27.360895
1426320473,26,0,41.866463
1426320773,40,0,35.47098
1426321073,39,0,44.10283
1426321373,22,0,37.24612
1426321673,26,0,41.52578
1426321973,31,0,37.67493
1426322273,30,0,28.588968
1426322573,29,0,39.096405
1426322873,1241,1,41.03895
1426323173,1843,1,139.69731
1426323473,458,1,149.36594
1426323773,2361,1,126.00702
1426324073,482,1,195.9598
1426324373,29,0,160.45573
1426324673,24,0,74.40807
1426324973,28,0,47.81355
1426325273,25,0,31.50799
1426325573,28,0,30.980055
1426325873,41,0,53.80216
1426326173,43,0,52.682346
1426326473,38,0,63.73995
1426326773,52,0,50.592415
1426327073,49,0,96.748474
1426327373,46,0,110.08631
1426327673,47,0,46.172302
1426327973,71,0,56.30244
1426328273,23,0,33.465485
1426328573,27,0,61.625397
1426328873,32,0,71.74929
1426329173,21,0,55.65353
1426329473,30,0,63.759815
1426329773,21,0,62.012314
1426330073,24,0,61.68429
1426330373,31,0,59.804214
1426330673,40,0,37.21728
1426330973,26,0,48.764874
1426331273,15,0,46.217434
1426331573,23,0,69.116554
1426331873,20,0,63.029877
1426332173,35,0,53.905727
1426332473,37,0,37.180923
1426332773,47,0,32.523357
1426333073,53,0,42.970093
1426333373,57,0,75.734856
1426333673,53,0,106.838264
1426333973,22,0,69.92843
1426334273,30,0,71.814476
1426334573,25,0,48.833607
1426334873,34,0,56.092995
1426335173,28,0,38.849308
1426335473,25,0,49.028973
1426335773,26,0,66.12146
1426336073,32,0,40.62817
1426336373,39,0,83.2
1426336673,26,0,35.77448
1426336973,35,0,59.060986
1426337273,36,0,71.10025
1426337573,25,0,64.976456
1426337873,31,0,45.752308
1426338173,44,0,40.875484
1426338473,72,0,52.88005
1426338773,43,0,55.104473
1426339073,40,0,62.478786
1426339373,24,0,63.990284
1426339673,31,0,35.74202
1426339973,35,0,62.510715
1426340273,23,0,47.89165
1426340573,20,0,69.28644
1426340873,38,0,70.638374
1426341173,43,0,60.028656
1426341473,39,0,89.266975
1426341773,42,0,92.07572
1426342073,48,0,57.16637
1426342373,41,0,56.52179
1426342673,57,0,72.57275
1426342973,34,0,72.22081
1426343273,55,0,54.324776
1426343573,48,0,57.92017
1426343873,51,0,76.55158
1426344173,50,0,68.799385
1426344473,35,0,70.64527
1426344773,35,0,78.638336
1426345073,56,0,78.185715
1426345373,22,0,59.47878
1426345673,42,0,55.017704
1426345973,30,0,70.252365
1426346273,58,0,70.643616
1426346573,36,0,85.16417
1426346873,38,0,54.35897
1426347173,29,0,68.867744
1426347473,28,0,54.934635
1426347773,34,0,58.535725
1426348073,62,0,66.0415
1426348373,56,0,79.53782
1426348673,59,0,65.73194
1426348973,48,0,74.24132
1426349273,39,0,41.701477
1426349573,35,0,81.670395
1426349873,50,0,103.09204
1426350173,40,0,60.38477
1426350473,62,0,56.57127
1426350773,41,0,52.87131
1426351073,40,0,66.23865
1426351373,34,0,70.452736
1426351673,49,0,60.285873
1426351973,31,0,59.018875
1426352273,42,0,57.690548
1426352573,43,0,48.618496
1426352873,35,0,59.072315
1426353173,29,0,44.04718
1426353473,26,0,58.600437
1426353773,22,0,56.481804
1426354073,41,0,35.25088
1426354373,36,0,30.75932
1426354673,39,0,35.441902
1426354973,51,0,49.29553
1426355273,54,0,56.837574
1426355573,37,0,61.885086
1426355873,30,0,27.40377
1426356173,87,0,44.337837
1426356473,87,0,43.74865
1426356773,72,0,45.82289
1426357073,47,0,69.163086
1426357373,94,0,49.653484
1426357673,104,0,28.29071
1426357973,45,0,51.51178
1426358273,62,0,38.016636
1426358573,73,0,41.711754
1426358873,72,0,50.32273
1426359173,43,0,57.38297
1426359473,60,0,36.82171
1426359773,23,0,38.868534
1426360073,50,0,45.14715
1426360373,29,0,46.911285
1426360673,29,0,37.08271
1426360973,23,0,32.66462
1426361273,43,0,23.764093
1426361573,78,0,40.089317
1426361873,161,1,48.85863
1426362173,123,0,48.549614
1426362473,164,1,48.17098
1426362773,159,0,41.849995
1426363073,135,1,42.495403
1426363373,75,0,53.208755
1426363673,41,0,48.352875
1426363973,39,0,38.11915
1426364273,62,0,21.354229
1426364573,40,0,47.448074
1426364873,35,0,34.592316
1426365173,74,0,18.832632
1426365473,111,1,17.695175
1426365773,99,0,17.240356
1426366073,53,0,40.860985
1426366373,35,0,56.400867
1426366673,46,0,37.570072
1426366973,29,0,39.889164
1426367273,21,0,46.286793
1426367573,36,0,32.05606
1426367873,32,0,59.75615
1426368173,30,0,68.55796
1426368473,49,0,31.485542
1426368773,75,0,31.962847
1426369073,27,0,37.143898
1426369373,27,0,30.288113
1426369673,41,0,35.96202
1426369973,37,0,48.416428
1426370273,44,0,19.071356
1426370573,28,0,33.53971
1426370873,28,0,34.22489
1426371173,30,0,28.741816
1426371473,26,0,28.398182
1426371773,85,0,28.677765
1426372073,54,0,19.413515
1426372373,51,0,25.386795
1426372673,62,0,28.19008
1426372973,114,1,25.16777
1426373273,85,0,35.522396
1426373573,49,0,25.69576
1426373873,94,0,33.527836
1426374173,75,0,38.000057
1426374473,59,0,31.652073
1426374773,60,0,31.507555
1426375073,59,0,36.513973
1426375373,29,0,32.17973
1426375673,41,0,33.936916
1426375973,49,0,42.043003
1426376273,57,0,43.896706
1426376573,52,0,44.645683
1426376873,33,0,33.202923
1426377173,25,0,39.35316
1426377473,40,0,37.996006
1426377773,34,0,37.79336
1426378073,38,0,33.328915
1426378373,26,0,42.913963
1426378673,25,0,35.898853
1426378973,15,0,42.67626
1426379273,42,0,40.833828
1426379573,48,0,40.04211
1426379873,28,0,58.79485
1426380173,29,0,56.934704
1426380473,22,0,26.576422
1426380773,39,0,47.539623
1426381073,51,0,42.740974
1426381373,39,0,34.743446
1426381673,28,0,51.396492
1426381973,54,0,49.92516
1426382273,33,0,33.516808
1426382573,29,0,51.63507
1426382873,20,0,41.110374
1426383173,35,0,46.31343
1426383473,25,0,38.096466
1426383773,31,0,43.590614
1426384073,27,0,38.97539
1426384373,36,0,53.47066
1426384673,19,0,39.403046
1426384973,29,0,43.63571
1426385273,31,0,34.794235
1426385573,31,0,33.197803
1426385873,16,0,42.20872
1426386173,25,0,49.42936
1426386473,63,0,34.141605
1426386773,48,0,35.65724
1426387073,27,0,49.43421
1426387373,21,0,39.507164
1426387673,35,0,36.643642
1426387973,13,0,41.276253
1426388273,43,0,43.92493
1426388573,24,0,45.660217
1426388873,23,0,38.086254
1426389173,28,0,45.88841
1426389473,18,0,38.526516
1426389773,24,0,43.6545
1426390073,21,0,38.222668
1426390373,22,0,33.60766
1426390673,23,0,37.599327
1426390973,23,0,31.734064
1426391273,11,0,37.27882
1426391573,16,0,34.099792
1426391873,8,0,25.001678
1426392173,11,0,37.841736
1426392473,14,0,27.456959
1426392773,23,0,33.790974
1426393073,11,0,37.910336
1426393373,16,0,34.898117
1426393673,14,0,21.648695
1426393973,13,0,31.139662
1426394273,16,0,22.54638
1426394573,14,0,25.392958
1426394873,21,0,28.495993
1426395173,26,0,19.42253
1426395473,38,0,28.457903
1426395773,30,0,32.02867
1426396073,29,0,29.026346
1426396373,19,0,26.871193
1426396673,26,0,28.779892
1426396973,18,0,27.687153
1426397273,28,0,29.576477
1426397573,11,0,27.282576
1426397873,10,1,29.752214
1426398173,13,0,25.510386
1426398473,7,0,28.15603
1426398773,20,0,34.641655
1426399073,41,0,24.707428
1426399373,12,0,32.221127
1426399673,13,0,26.463655
1426399973,24,0,22.80461
1426400273,9,0,25.742714
1426400573,7,0,19.787565
1426400873,20,0,17.927906
1426401173,46,0,26.67605
1426401473,48,1,26.604275
1426401773,44,0,63.189983
1426402073,53,0,58.35695
1426402373,45,0,59.972134
1426402673,23,0,27.22087
1426402973,7,0,28.458635
1426403273,7,0,31.19951
1426403573,10,0,23.483227
1426403873,15,0,20.202166
1426404173,12,0,21.027525
1426404473,8,0,22.209486
1426404773,19,0,21.13256
1426405073,22,0,20.574127
1426405373,43,0,23.886292
1426405673,56,0,21.453455
1426405973,31,0,83.86339
1426406273,25,0,28.629192
1426406573,9,0,25.796293
1426406873,13,0,27.730963
1426407173,11,0,30.15215
1426407473,19,0,24.930628
1426407773,9,0,27.3817
1426408073,18,0,25.558802
1426408373,7,0,20.966496
1426408673,19,0,24.844128
1426408973,12,0,30.719553
1426409273,5,0,24.142216
1426409573,7,0,25.524261
1426409873,24,0,22.895813
1426410173,19,0,26.439543
1426410473,9,0,20.981901
1426410773,12,0,22.006489
1426411073,10,0,16.889156
1426411373,18,0,24.940645
1426411673,16,0,18.568768
1426411973,5,0,20.270838
1426412273,18,0,22.332113
1426412573,21,0,19.022892
1426412873,11,0,21.060265
1426413173,20,0,19.82878
1426413473,31,0,24.281652
1426413773,12,0,24.608425
1426414073,18,0,25.401472
1426414373,11,0,16.58179
1426414673,12,0,19.612837
1426414973,11,0,13.987235
1426415273,17,0,16.234838
1426415573,11,0,21.87509
1426415873,10,0,18.274488
1426416173,19,0,16.756294
1426416473,18,0,26.909214
1426416773,9,0,20.166584
1426417073,32,0,25.318113
1426417373,18,0,27.179586
1426417673,20,0,28.94143
1426417973,17,0,18.524761
1426418273,49,0,27.697378
1426418573,14,0,45.199387
1426418873,17,0,26.94695
1426419173,19,0,18.18701
1426419473,23,0,23.53681
1426419773,20,0,23.058949
1426420073,48,1,20.637478
1426420373,29,0,38.165184
1426420673,28,0,25.227861
1426420973,30,0,28.11344
1426421273,26,0,24.37707
1426421573,46,1,24.999615
1426421873,43,0,31.745556
1426422173,73,1,30.290365
1426422473,45,0,71.60651
1426422773,75,0,55.15356
1426423073,139,1,44.17761
1426423373,64,0,73.97104
1426423673,58,0,55.30333
1426423973,45,0,31.643446
1426424273,35,0,34.14072
1426424573,38,0,36.11475
1426424873,25,0,31.197088
1426425173,42,0,26.181522
1426425473,36,0,34.70553
1426425773,27,0,25.709938
1426426073,31,0,34.54739
1426426373,45,0,31.915045
1426426673,43,0,55.93825
1426426973,48,1,31.731657
1426427273,47,0,28.609259
1426427573,27,0,31.223171
1426427873,61,1,33.280746
1426428173,67,1,32.265453
1426428473,52,0,36.09352
1426428773,40,0,35.940838
1426429073,85,1,34.669598
1426429373,58,0,37.84721
1426429673,45,0,39.79915
1426429973,68,1,34.54985
1426430273,96,1,34.763992
1426430573,21,0,49.332985
1426430873,25,0,32.755215
1426431173,28,0,30.77126
1426431473,51,1,31.458677
1426431773,40,0,39.06734
1426432073,36,0,32.14397
1426432373,41,0,36.635147
1426432673,44,0,31.666374
1426432973,49,1,33.44489
1426433273,46,0,31.357552
1426433573,74,0,56.214718
1426433873,69,0,77.16666
1426434173,88,1,41.825813
1426434473,48,0,57.759216
1426434773,88,1,35.779984
1426435073,51,0,63.888138
1426435373,44,0,37.74947
1426435673,31,0,64.402565
1426435973,2887,1,34.34003
1426436273,674,1,118.30174
1426436573,520,1,162.0945
1426436873,380,0,150.43593
1426437173,268,0,157.98885
1426437473,275,1,82.391754
1426437773,245,0,128.02321
1426438073,307,0,160.28503
1426438373,261,0,166.36383
1426438673,302,0,141.13861
1426438973,290,1,125.494354
1426439273,186,0,177.80362
1426439573,135,0,192.9673
1426439873,136,0,120.64878
1426440173,132,0,73.36504
1426440473,179,0,123.34365
1426440773,153,0,167.3614
1426441073,216,0,118.8712
1426441373,123,0,149.41788
1426441673,104,0,158.36133
1426441973,68,0,67.28784
1426442273,86,0,129.89944
1426442573,96,0,220.64758
1426442873,84,0,109.09977
1426443173,72,0,154.08229
1426443473,115,0,75.537674
1426443773,124,0,50.877136
1426444073,126,0,64.62046
1426444373,115,0,85.288025
1426444673,77,0,71.13523
1426444973,102,0,65.36397
1426445273,86,0,114.17872
1426445573,104,0,104.35407
1426445873,76,0,66.61828
1426446173,59,0,78.370865
1426446473,58,0,69.07925
1426446773,42,0,97.59199
1426447073,65,0,61.378242
1426447373,55,0,62.4138
1426447673,51,0,52.67276
1426447973,48,0,78.42795
1426448273,86,0,71.41725
1426448573,44,0,158.77351
1426448873,34,0,66.17523
1426449173,43,0,90.15227
1426449473,70,0,119.12049
1426449773,42,0,94.01324
1426450073,66,0,76.49645
1426450373,108,0,56.818604
1426450673,37,0,198.11162
1426450973,37,0,77.84027
1426451273,44,0,138.36134
1426451573,66,0,65.537796
1426451873,41,0,63.8134
1426452173,40,0,66.77429
1426452473,42,0,56.859737
1426452773,46,0,48.460342
1426453073,65,0,63.482162
1426453373,47,0,59.708355
1426453673,38,0,57.29024
1426453973,43,0,60.496758
1426454273,58,0,63.542164
1426454573,74,0,47.806267
1426454873,39,0,60.585125
1426455173,68,0,64.371994
1426455473,143,0,63.12967
1426455773,85,0,52.54145
1426456073,95,0,56.59478
1426456373,74,0,48.54244
1426456673,136,1,60.65548
1426456973,80,0,63.269135
1426457273,93,0,53.019684
1426457573,53,0,42.04344
1426457873,119,1,48.92856
1426458173,71,0,46.977863
1426458473,59,0,68.22496
1426458773,77,0,61.961758
1426459073,56,0,58.925682
1426459373,86,0,55.055717
1426459673,86,0,43.83938
1426459973,84,0,49.122673
1426460273,49,0,59.688004
1426460573,41,0,60.20765
1426460873,38,0,58.411095
1426461173,44,0,36.261757
1426461473,49,0,49.37036
1426461773,53,0,47.657116
1426462073,49,0,54.277718
1426462373,40,0,46.75386
1426462673,26,0,49.999252
1426462973,62,0,42.944073
1426463273,69,0,39.493576
1426463573,59,0,51.426147
1426463873,49,0,54.2192
1426464173,71,0,62.997948
1426464473,54,0,63.927162
1426464773,51,0,55.318935
1426465073,63,0,44.434303
1426465373,34,0,43.832905
1426465673,43,0,60.66552
1426465973,52,0,51.23934
1426466273,70,0,52.994976
1426466573,36,0,34.885456
1426466873,54,0,45.758327
1426467173,81,0,46.18177
1426467473,79,0,57.024982
1426467773,416,1,52.561657
1426468073,652,1,139.26913
1426468373,957,1,168.19476
1426468673,884,1,270.7847
1426468973,913,1,245.82361
1426469273,892,1,239.45967
1426469573,694,0,286.10193
1426469873,384,0,259.23764
1426470173,394,0,263.42703
1426470473,521,0,254.35437
1426470773,476,0,272.53345
1426471073,494,0,286.3804
1426471373,465,0,263.61154
1426471673,434,0,312.2998
1426471973,548,0,266.19693
1426472273,1219,1,317.49084
1426472573,1438,1,325.0254
1426472873,2019,1,397.48773
1426473173,1921,1,436.29874
1426473473,1672,1,376.9033
1426473773,1443,1,456.10095
1426474073,2481,1,427.2359
1426474373,6393,1,467.15622
1426474673,8107,1,558.28955
1426474973,5249,1,700.5033
1426475273,1596,0,740.12067
1426475573,551,0,865.1168
1426475873,283,0,713.9939
1426476173,196,0,485.63403
1426476473,197,0,786.3035
1426476773,111,0,695.4461
1426477073,151,0,577.8455
1426477373,120,0,101.88313
1426477673,101,0,211.48953
1426477973,153,0,418.85626
1426478273,136,0,318.9859
1426478573,137,0,390.68765
1426478873,109,0,522.78503
1426479173,70,0,167.01573
1426479473,97,0,117.401695
1426479773,75,0,223.39758
1426480073,181,0,262.84674
1426480373,147,0,233.72577
1426480673,142,0,208.98701
1426480973,135,0,145.27065
1426481273,126,0,106.45422
1426481573,143,0,257.76178
1426481873,109,0,41.51913
1426482173,103,0,46.96482
1426482473,124,0,73.701996
1426482773,92,0,36.47994
1426483073,98,0,4.9593287
1426483373,132,0,88.475044
1426483673,113,0,135.20717
1426483973,92,0,136.57124
1426484273,74,0,127.27952
1426484573,68,0,76.49495
1426484873,96,0,119.94372
1426485173,93,0,318.93515
1426485473,125,0,258.83582
1426485773,92,0,197.68266
1426486073,75,0,312.44513
1426486373,74,0,88.91223
1426486673,54,0,-49.700726
1426486973,94,0,-17.836647
1426487273,51,0,137.09535
1426487573,52,0,98.92825
1426487873,38,0,83.90369
1426488173,82,0,6.960563
1426488473,62,0,63.885197
1426488773,41,0,0.7605382
1426489073,40,0,130.56049
1426489373,62,0,65.954704
1426489673,37,0,-11.075526
1426489973,31,0,28.562057
1426490273,46,0,19.342655
1426490573,36,0,81.45092
1426490873,33,0,51.39594
1426491173,48,0,133.17296
1426491473,10,0,76.27178
1426491773,17,0,-14.96968
1426492073,36,0,-15.684856
1426492373,29,0,-1.2669387
1426492673,28,0,23.936066
1426492973,29,0,108.532814
1426493273,23,0,80.72454
1426493573,27,0,20.66488
1426493873,16,0,-50.666702
1426494173,18,0,-86.08713
1426494473,16,0,54.535896
1426494773,34,0,133.26294
1426495073,37,0,79.06691
1426495373,52,0,-51.68736
1426495673,33,0,-76.82761
1426495973,33,0,-6.690443
1426496273,43,0,23.071978
1426496573,26,0,52.8561
1426496873,41,0,33.139847
1426497173,23,0,67.64468
1426497473,29,0,13.052173
1426497773,24,0,12.358874
1426498073,50,0,-27.738554
1426498373,34,0,132.05782
1426498673,43,0,191.99661
1426498973,52,0,110.094055
1426499273,65,0,18.250334
1426499573,12,0,191.29579
1426499873,54,0,544.49084
1426500173,59,0,742.08026
1426500473,43,0,561.07043
1426500773,52,0,272.33038
1426501073,37,0,249.48149
1426501373,36,0,12.901616
1426501673,25,0,1.2324244
1426501973,25,0,140.30577
1426502273,56,0,76.758865
1426502573,43,0,76.296265
1426502873,48,0,109.43872
1426503173,53,0,318.0186
1426503473,35,0,4.5097013
1426503773,43,0,86.604225
1426504073,48,0,8.920941
1426504373,26,0,330.01575
1426504673,57,0,314.13165
1426504973,29,0,326.74445
1426505273,41,0,320.67926
1426505573,45,0,323.58057
1426505873,50,0,430.3823
1426506173,40,0,350.47656
1426506473,54,0,78.2673
1426506773,36,0,131.48164
1426507073,49,0,184.22978
1426507373,44,0,200.99219
1426507673,56,0,224.95186
1426507973,42,0,275.16324
1426508273,40,0,176.8402
1426508573,60,0,226.21132
1426508873,38,0,213.6779
1426509173,37,0,246.54005
1426509473,29,0,216.82253
1426509773,46,0,139.47174
1426510073,42,0,160.52248
1426510373,34,0,107.10097
1426510673,77,0,197.60669
1426510973,42,0,252.60417
1426511273,68,0,217.83261
1426511573,59,0,243.68105
1426511873,37,0,334.23026
1426512173,70,0,405.558
1426512473,42,0,268.99026
1426512773,33,0,281.704
1426513073,51,0,172.91
1426513373,62,0,230.7096
1426513673,41,0,266.41095
1426513973,42,0,163.21733
1426514273,69,0,209.47525
1426514573,74,0,114.68413
1426514873,45,0,92.512535
1426515173,53,0,55.95504
1426515473,67,0,97.68765
1426515773,56,0,54.932304
1426516073,38,0,110.72252
1426516373,45,0,220.33058
1426516673,59,0,141.16594
1426516973,41,0,84.86474
1426517273,43,0,104.32391
1426517573,65,0,222.69434
1426517873,74,0,154.02705
1426518173,70,0,168.33273
1426518473,55,0,337.41843
1426518773,57,0,109.74148
1426519073,46,0,175.98857
1426519373,44,0,129.48486
1426519673,55,0,255.37332
1426519973,56,0,188.86179
1426520273,44,0,194.84416
1426520573,41,0,126.43626
1426520873,65,0,132.53935
1426521173,60,0,100.20931
1426521473,311,0,161.44821
1426521773,243,0,142.55367
1426522073,89,0,175.06946
1426522373,53,0,141.0019
1426522673,69,0,235.25238
1426522973,53,0,102.583534
1426523273,66,0,117.153915
1426523573,60,0,151.04855
1426523873,46,0,151.79599
1426524173,36,0,265.42618
1426524473,36,0,160.4143
1426524773,58,0,193.63239
1426525073,83,0,135.057
1426525373,69,0,234.01169
1426525673,61,0,155.21698
1426525973,73,0,123.38699
1426526273,72,0,99.36448
1426526573,73,0,157.34944
1426526873,76,0,126.55764
1426527173,49,0,216.4404
1426527473,105,0,127.54195
1426527773,28,0,88.04749
1426528073,78,0,111.19343
1426528373,66,0,70.22949
1426528673,68,0,242.98598
1426528973,88,0,212.1597
1426529273,161,0,438.29208
1426529573,80,0,504.53247
1426529873,45,0,276.83356
1426530173,193,0,270.17767
1426530473,245,0,392.04507
1426530773,69,0,370.4605
1426531073,54,0,391.42255
1426531373,55,0,123.733345
1426531673,81,0,152.13055
1426531973,71,0,58.86915
1426532273,69,0,95.47232
1426532573,101,0,131.73967
1426532873,52,0,124.260025
1426533173,77,0,15.542217
1426533473,67,0,-17.287992
1426533773,63,0,39.74331
1426534073,104,0,158.18922
1426534373,116,0,34.56705
1426534673,42,0,122.2744
1426534973,36,0,117.45359
1426535273,63,0,4.7397404
1426535573,84,0,-10.453427
1426535873,92,0,50.990562
1426536173,86,0,74.46492
1426536473,103,0,92.2884
1426536773,53,0,-11.980225
1426537073,39,0,-5.1534963
1426537373,56,0,23.911474
1426537673,65,0,69.56588
1426537973,47,0,113.66143
1426538273,64,0,53.971813
1426538573,27,0,25.700802
1426538873,107,0,37.622116
1426539173,111,0,4.5035686
1426539473,322,0,115.646965
1426539773,58,0,95.80465
1426540073,46,0,77.311775
1426540373,54,0,36.06814
1426540673,41,0,71.051025
1426540973,44,0,62.539124
1426541273,51,0,85.85086
1426541573,50,0,116.38439
1426541873,38,0,54.67528
1426542173,51,0,37.178463
1426542473,71,0,-15.264177
1426542773,65,0,90.95759
1426543073,109,0,73.93192
1426543373,46,0,81.06124
1426543673,61,0,95.23718
1426543973,70,0,81.26345
1426544273,74,0,74.87095
1426544573,69,0,81.871925
1426544873,96,0,104.07451
1426545173,43,0,77.84396
1426545473,44,0,71.03636
1426545773,55,0,83.57663
1426546073,44,0,74.92406
1426546373,39,0,60.685402
1426546673,64,0,88.421555
1426546973,54,0,81.531586
1426547273,28,0,64.31244
1426547573,36,0,60.340134
1426547873,29,0,55.231075
1426548173,54,0,55.910206
1426548473,46,0,68.47075
1426548773,34,0,55.940937
1426549073,32,0,66.41082
1426549373,74,0,52.16685
1426549673,45,0,52.622635
1426549973,31,0,46.085655
1426550273,66,0,59.91085
1426550573,46,0,59.488224
1426550873,45,0,56.45311
1426551173,49,0,44.794586
1426551473,61,0,51.609905
1426551773,55,0,57.541843
1426552073,39,0,55.383205
1426552373,54,0,54.312008
1426552673,194,1,63.00972
1426552973,200,0,141.4837
1426553273,39,0,120.7201
1426553573,41,0,58.402065
1426553873,32,0,55.93698
1426554173,44,0,60.028667
1426554473,29,0,64.45312
1426554773,83,0,51.987946
1426555073,30,0,128.2687
1426555373,43,0,50.30335
1426555673,51,0,67.78666
1426555973,57,0,58.42798
1426556273,136,0,130.84303
1426556573,109,0,173.27863
1426556873,80,0,131.20888
1426557173,80,0,133.31046
1426557473,62,0,149.26524
1426557773,76,0,112.66362
1426558073,68,0,151.9886
1426558373,64,0,55.19384
1426558673,76,0,65.78375
1426558973,49,0,79.90713
1426559273,78,0,63.24854
1426559573,41,0,93.517914
1426559873,49,0,62.70612
1426560173,64,0,120.74217
1426560473,41,0,41.855423
1426560773,44,0,47.385517
1426561073,38,0,46.850006
1426561373,39,0,47.550583
1426561673,51,0,45.266365
1426561973,35,0,51.870937
1426562273,44,0,35.96204
1426562573,246,1,39.0655
1426562873,690,1,126.47935
1426563173,203,0,165.82765
1426563473,154,0,143.7522
1426563773,123,0,158.61131
1426564073,108,1,55.325485
1426564373,97,0,56.484264
1426564673,205,0,162.71869
1426564973,184,0,155.05812
1426565273,112,0,128.82935
1426565573,76,0,123.406715
1426565873,72,0,58.128716
1426566173,57,0,69.36362
1426566473,58,0,93.70737
1426566773,48,0,53.24224
1426567073,54,0,65.036095
1426567373,41,0,64.31143
1426567673,51,0,42.860474
1426567973,77,1,37.23821
1426568273,55,0,79.300995
1426568573,72,0,109.665764
1426568873,67,0,126.731384
1426569173,39,0,40.523724
1426569473,49,0,85.29035
1426569773,37,0,113.26142
1426570073,40,0,46.065914
1426570373,50,0,49.938313
1426570673,34,0,42.136654
1426570973,32,0,35.166275
1426571273,21,0,24.56866
1426571573,29,0,38.226074
1426571873,47,0,37.10343
1426572173,47,0,43.69441
1426572473,44,0,39.13867
1426572773,30,0,36.42948
1426573073,28,0,40.982475
1426573373,29,0,34.999138
1426573673,40,0,45.817894
1426573973,26,0,47.015522
1426574273,26,0,49.46878
1426574573,20,0,37.68303
1426574873,26,0,21.519522
1426575173,20,0,28.569416
1426575473,21,0,38.37324
1426575773,20,0,40.03035
1426576073,20,0,36.36208
1426576373,21,0,20.845062
1426576673,22,0,22.423811
1426576973,37,0,29.339676
1426577273,26,0,35.233772
1426577573,21,0,49.87019
1426577873,15,0,71.243866
1426578173,28,0,27.503351
1426578473,34,0,51.225166
1426578773,20,0,95.00318
1426579073,117,0,39.081276
1426579373,70,0,56.32099
1426579673,42,0,52.010876
1426579973,43,0,27.262772
1426580273,31,0,30.303186
1426580573,39,0,35.311844
1426580873,47,0,39.24076
1426581173,38,0,33.018898
1426581473,29,0,13.310652
1426581773,22,0,24.64055
1426582073,17,0,27.009789
1426582373,29,0,28.599495
1426582673,31,0,39.674263
1426582973,36,0,59.395184
1426583273,40,0,37.122192
1426583573,40,0,23.728582
1426583873,48,0,40.43423
1426584173,36,0,47.5239
1426584473,33,0,48.951366
1426584773,51,0,32.940907
1426585073,36,0,54.907684
1426585373,29,0,58.79617
1426585673,40,0,29.586899
1426585973,57,0,37.651947
1426586273,63,0,65.400764
1426586573,51,0,46.107838
1426586873,59,0,32.751324
1426587173,51,0,39.987247
1426587473,67,0,34.89431
1426587773,56,0,55.335484
1426588073,31,0,39.685966
1426588373,39,0,60.21382
1426588673,46,0,68.54018
1426588973,58,0,41.24536
1426589273,43,0,59.33187
1426589573,41,0,33.208603
1426589873,41,0,47.107616
1426590173,68,0,48.82279
1426590473,65,0,47.916603
1426590773,36,0,64.806366
1426591073,41,0,42.234444
1426591373,37,0,40.128902
1426591673,77,0,44.44107
1426591973,37,0,50.709644
1426592273,69,0,52.18323
1426592573,45,0,47.867252
1426592873,45,0,38.797653
1426593173,52,0,28.972643
1426593473,64,0,53.501106
1426593773,38,0,56.666218
1426594073,43,0,53.60455
1426594373,47,0,46.113068
1426594673,105,0,57.718132
1426594973,54,0,69.3867
1426595273,54,0,81.39978
1426595573,51,0,52.461517
1426595873,86,0,63.512257
1426596173,84,0,81.00444
1426596473,53,0,63.84866
1426596773,47,0,52.98149
1426597073,64,0,68.8103
1426597373,68,0,60.9528
1426597673,61,0,58.66601
1426597973,107,1,50.94681
1426598273,102,0,74.13207
1426598573,84,0,64.15986
1426598873,92,0,82.18551
1426599173,82,0,99.17687
1426599473,104,0,86.12954
1426599773,80,0,110.91004
1426600073,87,0,62.879738
1426600373,101,0,59.152916
1426600673,91,0,84.74876
1426600973,72,0,122.12058
1426601273,89,0,97.36291
1426601573,88,0,97.65347
1426601873,88,0,119.96406
1426602173,59,0,89.570526
1426602473,102,0,85.06307
1426602773,120,0,93.83394
1426603073,88,0,95.86755
1426603373,80,0,85.52246
1426603673,77,0,76.016685
1426603973,139,1,64.46508
1426604273,166,0,108.75843
1426604573,79,0,106.25908
1426604873,72,0,86.23145
1426605173,79,0,90.87401
1426605473,110,0,67.1968
1426605773,116,0,83.73102
1426606073,135,0,104.432106
1426606373,115,0,101.168625
1426606673,82,0,107.19553
1426606973,114,0,67.88908
1426607273,111,0,84.719864
1426607573,83,0,95.64202
1426607873,86,0,111.4312
1426608173,81,0,78.89155
1426608473,74,0,94.080444
1426608773,81,0,84.01324
1426609073,84,0,75.081345
1426609373,169,1,67.616516
1426609673,95,0,104.41168
1426609973,71,0,94.8604
1426610273,58,0,94.7806
1426610573,86,0,73.40589
1426610873,93,0,93.45417
1426611173,99,0,107.7614
1426611473,76,0,91.956894
1426611773,92,0,81.66829
1426612073,66,0,92.98349
1426612373,90,0,93.45977
1426612673,97,0,85.64784
1426612973,91,0,103.32996
1426613273,164,0,98.48177
1426613573,375,1,111.99629
1426613873,137,0,122.75554
1426614173,121,0,133.05315
1426614473,125,0,111.62897
1426614773,113,0,87.57923
1426615073,113,0,103.93084
1426615373,91,0,111.099915
1426615673,168,1,79.82113
1426615973,134,0,101.87111
1426616273,79,0,104.89635
1426616573,95,0,83.24749
1426616873,100,0,106.39919
1426617173,97,0,95.46023
1426617473,86,0,129.16258
1426617773,110,0,108.77887
1426618073,87,0,113.67183
1426618373,70,0,94.69803
1426618673,1665,1,69.78316
1426618973,186,0,130.16374
1426619273,135,0,141.6266
1426619573,101,0,119.98631
1426619873,69,0,85.83996
1426620173,91,0,80.40605
1426620473,87,0,123.73441
1426620773,79,0,82.433174
1426621073,63,0,69.283035
1426621373,181,1,63.351364
1426621673,267,1,86.82066
1426621973,160,0,136.0002
1426622273,174,0,122.56072
1426622573,115,0,112.73518
1426622873,136,0,85.22285
1426623173,125,0,106.033195
1426623473,121,0,131.87045
1426623773,702,1,93.509766
1426624073,315,0,173.95267
1426624373,191,0,146.67288
1426624673,196,0,128.11885
1426624973,174,0,134.83923
1426625273,174,0,116.4993
1426625573,178,0,111.10446
1426625873,235,0,128.44601
1426626173,130,0,127.484924
1426626473,137,0,122.78587
1426626773,142,0,112.929245
1426627073,127,0,104.793564
1426627373,120,0,99.710724
1426627673,121,0,160.30261
1426627973,95,0,83.98975
1426628273,96,0,108.99038
1426628573,93,0,109.612755
1426628873,102,0,128.54329
1426629173,80,0,76.15714
1426629473,101,0,115.33185
1426629773,74,0,106.14968
1426630073,95,0,105.649376
1426630373,86,0,97.217445
1426630673,76,0,68.90732
1426630973,55,0,67.24685
1426631273,112,0,86.7755
1426631573,103,0,77.972244
1426631873,99,0,109.877686
1426632173,102,0,75.394585
1426632473,87,0,70.03237
1426632773,84,0,76.96588
1426633073,93,0,79.46236
1426633373,90,0,92.86067
1426633673,104,0,131.83696
1426633973,62,0,72.700165
1426634273,64,0,68.0311
1426634573,80,0,63.908535
1426634873,79,0,95.055565
1426635173,53,0,76.218895
1426635473,84,0,85.8839
1426635773,73,0,82.71362
1426636073,57,0,71.24886
1426636373,64,0,75.062164
1426636673,87,0,72.43925
1426636973,52,0,100.05161
1426637273,59,0,92.85586
1426637573,52,0,60.778477
1426637873,42,0,65.05362
1426638173,45,0,62.74509
1426638473,58,0,63.51136
1426638773,87,0,69.19138
1426639073,58,0,64.16748
1426639373,55,0,54.969948
1426639673,73,0,59.89966
1426639973,48,0,53.47624
1426640273,97,0,60.070442
1426640573,61,0,67.29713
1426640873,43,0,73.19183
1426641173,58,0,58.560303
1426641473,44,0,57.251717
1426641773,53,0,60.443058
1426642073,60,0,63.835133
1426642373,64,0,68.48071
1426642673,50,0,48.4594
1426642973,51,0,41.196884
1426643273,31,0,58.825676
1426643573,38,0,46.298096
1426643873,61,0,56.456573
1426644173,57,0,56.36066
1426644473,89,0,79.336876
1426644773,61,0,51.579685
1426645073,53,0,57.825806
1426645373,43,0,53.08084
1426645673,45,0,58.007565
1426645973,75,0,60.95203
1426646273,148,1,53.81604
1426646573,66,0,61.277863
1426646873,52,0,53.341007
1426647173,33,0,82.51064
1426647473,65,0,45.876904
1426647773,51,0,63.272137
1426648073,62,0,59.477543
1426648373,63,0,47.55792
1426648673,43,0,62.35802
1426648973,57,0,47.73433
1426649273,52,0,53.114197
1426649573,67,0,59.85793
1426649873,50,0,57.99102
1426650173,39,0,56.99254
1426650473,50,0,66.60799
1426650773,25,0,50.836132
1426651073,30,0,66.64373
1426651373,33,0,49.94882
1426651673,32,0,57.644054
1426651973,29,0,65.07584
1426652273,31,0,55.744053
1426652573,32,0,65.78365
1426652873,27,0,47.400787
1426653173,38,0,54.13269
1426653473,35,0,60.672554
1426653773,32,0,50.347527
1426654073,26,0,48.690823
1426654373,29,0,52.928513
1426654673,41,0,57.68578
1426654973,22,0,53.472065
1426655273,41,0,57.156067
1426655573,28,0,49.277653
1426655873,21,0,58.7676
1426656173,25,0,44.938835
1426656473,22,0,51.96745
1426656773,20,0,63.441376
1426657073,19,0,53.41735
1426657373,15,0,45.507908
1426657673,21,0,45.85839
1426657973,14,1,53.185047
1426658273,15,0,45.602467
1426658573,11,0,38.790993
1426658873,22,0,51.93702
1426659173,19,0,46.669743
1426659473,17,0,42.018646
1426659773,18,0,44.114532
1426660073,8,0,47.385914
1426660373,58,0,47.591213
1426660673,24,0,47.720585
1426660973,16,0,44.8136
1426661273,16,0,40.39728
1426661573,16,0,35.69092
1426661873,16,0,40.86571
1426662173,22,0,47.210255
1426662473,18,0,36.844345
1426662773,23,0,43.229248
1426663073,24,0,47.85999
1426663373,22,0,55.823334
1426663673,18,0,44.5598
1426663973,14,0,48.796543
1426664273,20,0,49.347313
1426664573,17,0,48.800014
1426664873,31,0,43.58203
1426665173,19,0,32.495655
1426665473,19,0,50.665253
1426665773,16,0,44.856762
1426666073,19,0,44.147827
1426666373,17,0,39.713055
1426666673,16,0,36.186108
1426666973,9,0,30.891302
1426667273,20,0,34.34223
1426667573,13,0,35.23021
1426667873,16,0,34.99739
1426668173,20,0,40.08209
1426668473,8,0,54.560383
1426668773,14,0,49.184113
1426669073,21,0,36.848927
1426669373,13,0,48.217506
1426669673,8,0,46.57082
1426669973,15,0,34.799984
1426670273,9,0,48.203747
1426670573,13,0,54.772278
1426670873,13,0,45.38327
1426671173,13,0,43.219387
1426671473,4,0,48.144188
1426671773,13,0,51.20789
1426672073,9,0,38.505547
1426672373,25,0,34.803722
1426672673,19,0,48.953075
1426672973,28,0,49.646828
1426673273,18,0,55.214592
1426673573,11,0,90.38267
1426673873,24,0,58.227703
1426674173,23,0,59.030025
1426674473,20,0,60.45076
1426674773,27,0,64.28833
1426675073,22,0,61.2692
1426675373,43,0,47.71113
1426675673,20,0,58.574677
1426675973,23,0,72.48665
1426676273,48,0,65.988335
1426676573,25,0,69.53374
1426676873,24,0,47.988132
1426677173,16,0,62.880035
1426677473,16,0,46.03011
1426677773,12,0,52.97845
1426678073,37,0,47.202904
1426678373,40,0,60.051456
1426678673,21,0,62.473476
1426678973,45,0,39.69249
1426679273,33,0,46.523323
1426679573,29,0,63.2485
1426679873,49,0,52.683937
1426680173,44,0,63.429462
1426680473,47,0,59.781452
1426680773,34,0,61.188137
1426681073,35,0,63.511215
1426681373,40,0,87.76927
1426681673,58,0,67.94349
1426681973,44,0,75.04569
1426682273,55,0,77.956406
1426682573,49,0,74.95811
1426682873,54,0,68.036194
1426683173,54,0,81.01448
1426683473,48,0,64.94716
1426683773,55,0,84.85463
1426684073,46,0,72.45243
1426684373,44,0,62.318146
1426684673,48,0,79.25394
1426684973,39,0,71.270874
1426685273,35,0,65.99222
1426685573,41,0,66.179634
1426685873,55,0,73.22583
1426686173,43,0,76.81337
1426686473,54,0,69.22486
1426686773,44,0,55.84576
1426687073,56,0,70.52332
1426687373,59,0,70.63519
1426687673,61,0,69.07836
1426687973,45,0,55.82299
1426688273,48,0,47.606422
1426688573,56,0,76.934296
1426688873,39,0,64.02519
1426689173,70,0,66.19336
1426689473,63,0,72.67533
1426689773,70,0,58.716373
1426690073,39,0,66.16157
1426690373,45,0,62.258984
1426690673,57,0,61.533092
1426690973,65,0,57.135616
1426691273,61,0,62.154343
1426691573,70,0,65.02021
1426691873,42,0,55.403954
1426692173,46,0,54.406044
1426692473,55,0,43.48881
1426692773,65,0,63.351875
1426693073,69,0,68.55394
1426693373,62,0,67.27187
1426693673,67,0,71.77005
1426693973,59,0,70.15658
1426694273,73,0,64.74263
1426694573,107,0,80.75771
1426694873,55,0,71.95648
1426695173,69,0,68.11293
1426695473,65,0,62.580902
1426695773,61,0,68.8087
1426696073,66,0,92.25222
1426696373,47,0,70.36579
1426696673,82,0,71.994576
1426696973,72,0,62.926903
1426697273,62,0,65.72957
1426697573,102,0,72.87421
1426697873,109,0,69.667694
1426698173,89,0,72.852684
1426698473,46,0,76.954254
1426698773,61,0,62.024273
1426699073,60,0,67.321396
1426699373,56,0,53.68581
1426699673,42,0,73.47818
1426699973,49,0,59.5112
1426700273,66,0,63.694252
1426700573,51,0,62.06704
1426700873,50,0,62.64047
1426701173,49,0,57.132553
1426701473,64,0,63.552765
1426701773,66,0,63.748505
1426702073,64,0,63.52496
1426702373,54,0,71.6836
1426702673,56,0,66.6339
1426702973,38,0,54.219498
1426703273,56,0,59.641655
1426703573,59,0,67.60493
1426703873,68,0,56.814114
1426704173,58,0,62.64328
1426704473,68,0,60.587402
1426704773,57,0,55.27833
1426705073,66,0,56.025658
1426705373,62,0,58.734623
1426705673,68,0,66.208374
1426705973,67,0,55.927044
1426706273,199,1,63.247505
1426706573,131,0,64.80442
1426706873,88,0,64.718636
1426707173,72,0,60.812054
1426707473,72,0,63.629368
1426707773,82,0,57.78957
1426708073,59,0,61.66746
1426708373,76,0,67.001305
1426708673,67,0,68.83136
1426708973,68,0,61.485126
1426709273,72,0,54.30379
1426709573,84,0,61.342014
1426709873,79,0,73.13017
1426710173,96,0,75.94636
1426710473,60,0,81.53001
1426710773,55,0,60.092518
1426711073,76,0,64.21401
1426711373,93,0,63.492794
1426711673,67,0,68.55286
1426711973,57,0,65.3121
1426712273,65,0,62.942944
1426712573,65,0,65.28677
1426712873,49,0,66.526306
1426713173,70,0,54.507675
1426713473,63,0,57.327118
1426713773,48,0,59.628754
1426714073,46,0,59.872887
1426714373,45,0,50.861717
1426714673,27,0,59.512638
1426714973,83,1,50.193882
1426715273,76,0,64.648056
1426715573,78,0,68.70167
1426715873,84,0,72.13807
1426716173,70,0,65.570114
1426716473,79,0,61.446312
1426716773,72,0,64.826965
1426717073,53,0,67.088776
1426717373,50,0,62.85828
1426717673,43,0,64.78914
1426717973,42,0,60.27973
1426718273,64,0,53.002605
1426718573,67,0,54.280422
1426718873,67,0,59.425117
1426719173,55,0,65.96485
1426719473,82,0,61.377136
1426719773,42,0,58.33843
1426720073,54,0,59.22697
1426720373,39,0,65.29311
1426720673,55,0,53.110455
1426720973,50,0,66.13976
1426721273,19,0,57.80625
1426721573,46,0,49.26549
1426721873,48,0,50.135174
1426722173,31,0,46.23166
1426722473,32,0,51.637745
1426722773,48,0,46.340763
1426723073,79,1,45.977478
1426723373,51,0,54.270077
1426723673,62,0,50.686577
1426723973,58,0,50.076508
1426724273,39,0,47.471165
1426724573,42,0,42.92927
1426724873,47,0,45.517117
1426725173,27,0,47.664177
1426725473,39,0,41.39637
1426725773,49,0,40.16511
1426726073,38,0,37.11313
1426726373,129,1,42.902653
1426726673,45,0,67.72492
1426726973,66,0,52.89633
1426727273,73,0,42.99514
1426727573,50,0,58.885937
1426727873,25,0,43.934376
1426728173,39,0,39.394047
1426728473,37,0,49.505318
1426728773,44,0,46.31972
1426729073,34,0,45.44554
1426729373,38,0,42.88537
1426729673,27,0,39.894375
1426729973,30,0,40.557724
1426730273,42,0,40.036465
1426730573,78,1,35.009132
1426730873,57,0,43.79325
1426731173,49,0,39.43318
1426731473,35,0,48.036205
1426731773,37,0,41.597633
1426732073,36,0,49.250034
1426732373,22,0,41.661198
1426732673,35,0,40.67909
1426732973,42,0,33.72305
1426733273,34,0,32.631886
1426733573,28,0,31.017939
1426733873,35,0,37.732204
1426734173,51,0,36.547543
1426734473,60,0,36.991657
1426734773,40,0,36.421707
1426735073,36,0,35.86752
1426735373,30,0,35.863243
1426735673,31,0,34.437172
1426735973,35,0,36.76586
1426736273,40,0,36.21959
1426736573,31,0,33.772167
1426736873,32,0,30.193377
1426737173,56,0,37.006916
1426737473,41,0,40.702404
1426737773,36,0,41.572758
1426738073,42,0,45.845047
1426738373,31,0,31.177673
1426738673,26,0,32.680614
1426738973,20,0,32.29987
1426739273,25,0,34.831852
1426739573,17,0,38.3459
1426739873,26,0,37.592796
1426740173,21,0,30.958038
1426740473,20,0,31.489511
1426740773,18,0,30.165133
1426741073,24,0,29.92059
1426741373,17,0,32.36361
1426741673,20,0,32.461185
1426741973,23,0,26.38514
1426742273,27,0,27.3809
1426742573,257,1,30.581161
1426742873,76,0,53.13336
1426743173,39,0,39.023006
1426743473,44,0,34.83664
1426743773,22,0,35.59304
1426744073,10,1,32.71263
1426744373,21,0,32.202805
1426744673,25,0,37.43714
1426744973,25,0,36.506367
1426745273,23,0,35.267807
1426745573,19,0,32.990192
1426745873,15,0,30.662466
1426746173,7,1,32.127735
1426746473,21,0,34.5992
1426746773,16,0,33.492203
1426747073,36,0,29.031473
1426747373,24,0,31.480865
1426747673,10,0,29.688778
1426747973,18,0,24.141245
1426748273,12,0,29.812286
1426748573,16,0,30.44926
1426748873,12,0,33.033894
1426749173,32,0,26.441582
1426749473,16,0,26.622862
1426749773,10,1,28.640566
1426750073,15,0,28.300777
1426750373,11,0,30.608414
1426750673,8,0,30.83636
1426750973,21,0,26.580912
1426751273,26,0,25.58322
1426751573,13,0,28.653011
1426751873,20,0,32.984535
1426752173,12,0,30.554024
1426752473,24,0,26.825596
1426752773,18,0,30.907072
1426753073,10,0,28.069096
1426753373,12,0,31.829382
1426753673,10,0,24.505217
1426753973,7,1,27.290403
1426754273,7,0,30.744843
1426754573,25,0,25.955582
1426754873,14,0,27.74262
1426755173,21,0,32.939877
1426755473,29,0,23.104876
1426755773,23,0,22.449512
1426756073,14,0,25.895815
1426756373,11,0,24.55188
1426756673,25,0,31.551199
1426756973,15,0,25.151907
1426757273,11,0,24.056902
1426757573,12,0,26.153248
1426757873,14,0,23.612604
1426758173,17,0,24.156645
1426758473,18,0,24.83942
1426758773,21,0,30.9131
1426759073,32,0,22.069567
1426759373,7,0,23.62347
1426759673,11,0,23.286978
1426759973,17,0,17.859238
1426760273,25,0,19.746307
1426760573,22,0,24.46233
1426760873,23,0,20.878054
1426761173,12,0,22.66493
1426761473,23,0,25.032028
1426761773,21,0,24.13823
1426762073,22,0,27.117643
1426762373,22,0,20.134207
1426762673,23,0,28.550781
1426762973,28,0,26.209312
1426763273,19,0,25.553541
1426763573,17,0,24.082596
1426763873,18,0,19.32844
1426764173,11,0,26.267511
1426764473,40,0,23.598585
1426764773,19,0,27.105787
1426765073,29,0,25.235714
1426765373,45,1,24.78427
1426765673,25,0,34.492046
1426765973,27,0,27.818253
1426766273,49,0,31.806145
1426766573,32,0,32.110878
1426766873,53,0,28.111998
1426767173,27,0,35.618073
1426767473,33,0,30.35951
1426767773,30,0,27.652939
1426768073,44,0,31.943892
1426768373,28,0,37.145695
1426768673,47,0,35.099754
1426768973,36,0,41.454082
1426769273,28,0,29.027882
1426769573,31,0,31.213827
1426769873,37,0,34.064404
1426770173,37,0,37.535908
1426770473,41,0,34.707077
1426770773,68,1,36.076702
1426771073,43,0,46.02543
1426771373,46,0,34.280533
1426771673,46,0,38.72257
1426771973,56,0,39.53483
1426772273,59,0,47.644775
1426772573,80,0,38.97508
1426772873,46,0,43.427715
1426773173,51,0,49.157913
1426773473,60,0,41.482887
1426773773,33,0,43.831406
1426774073,52,0,43.45351
1426774373,31,0,36.39897
1426774673,89,1,38.1205
1426774973,42,0,58.231686
1426775273,47,0,42.543068
1426775573,42,0,49.759136
1426775873,33,0,46.828896
1426776173,47,0,45.577324
1426776473,48,0,44.55151
1426776773,25,0,38.55882
1426777073,191,1,41.498707
1426777373,180,1,64.012
1426777673,81,0,67.1588
1426777973,64,0,60.455322
1426778273,65,0,57.04387
1426778573,58,0,67.073
1426778873,39,0,57.20398
1426779173,50,0,58.218933
1426779473,63,0,44.466064
1426779773,42,0,48.498486
1426780073,92,1,41.544968
1426780373,118,0,72.3268
1426780673,106,0,56.27678
1426780973,73,0,63.78847
1426781273,45,0,58.122845
1426781573,77,0,57.06165
1426781873,51,0,55.36596
1426782173,47,0,56.480526
1426782473,67,0,59.60794
1426782773,44,0,68.09597
1426783073,55,0,58.10638
1426783373,42,0,54.58756
1426783673,39,0,51.193176
1426783973,56,0,55.52011
1426784273,56,0,53.31914
1426784573,74,0,44.48598
1426784873,65,0,61.037937
1426785173,50,0,53.171394
1426785473,35,0,43.67925
1426785773,85,0,50.74881
1426786073,76,0,49.138577
1426786373,61,0,60.65007
1426786673,51,0,67.0821
1426786973,66,0,54.627174
1426787273,48,0,65.38902
1426787573,113,1,49.37212
1426787873,58,0,65.59133
1426788173,56,0,67.70491
1426788473,48,0,56.909447
1426788773,61,0,54.283882
1426789073,39,0,53.873222
1426789373,57,0,50.423702
1426789673,90,0,56.871098
1426789973,69,0,62.269566
1426790273,72,0,50.141674
1426790573,55,0,53.674004
1426790873,54,0,51.724285
1426791173,48,0,56.112347
1426791473,67,0,53.88945
1426791773,55,0,62.432926
1426792073,49,0,64.66838
1426792373,54,0,56.268387
1426792673,50,0,61.959816
1426792973,46,0,45.58758
1426793273,72,0,64.91208
1426793573,87,0,66.43973
1426793873,52,0,83.82668
1426794173,48,0,48.71718
1426794473,33,0,55.987183
1426794773,41,0,44.800667
1426795073,55,0,58.839478
1426795373,48,0,50.965755
1426795673,77,0,56.466934
1426795973,81,0,55.041973
1426796273,87,0,49.927105
1426796573,58,0,68.87356
1426796873,75,0,62.674206
1426797173,60,0,62.031242
1426797473,66,0,57.50751
1426797773,93,0,59.74526
1426798073,57,0,60.399498
1426798373,54,0,50.37956
1426798673,53,0,56.904026
1426798973,50,0,62.1634
1426799273,69,0,69.04574
1426799573,37,0,73.07062
1426799873,36,0,54.497143
1426800173,41,0,58.11134
1426800473,46,0,50.79025
1426800773,34,0,55.830044
1426801073,55,0,49.29149
1426801373,39,0,55.771473
1426801673,61,0,53.796364
1426801973,47,0,43.06711
1426802273,43,0,37.62873
1426802573,32,0,45.743805
1426802873,41,0,61.610664
1426803173,48,0,50.77777
1426803473,41,0,47.551105
1426803773,20,0,46.882385
1426804073,38,0,43.666027
1426804373,39,0,56.22196
1426804673,36,0,46.679264
1426804973,43,0,42.553406
1426805273,77,0,37.003876
1426805573,38,0,56.180813
1426805873,49,0,46.06962
1426806173,28,0,46.78306
1426806473,36,0,44.725986
1426806773,40,0,35.8824
1426807073,47,0,47.304012
1426807373,30,0,42.71828
1426807673,33,0,41.25176
1426807973,36,0,42.233994
1426808273,32,0,40.314404
1426808573,24,0,43.96843
1426808873,19,0,36.905037
1426809173,26,0,33.993187
1426809473,30,0,30.046131
1426809773,35,0,30.659504
1426810073,36,0,31.965174
1426810373,39,0,28.592344
1426810673,24,0,30.018394
1426810973,34,0,31.985338
1426811273,48,0,39.485855
1426811573,37,0,31.890705
1426811873,28,0,43.356113
1426812173,35,0,29.388287
1426812473,33,0,29.291655
1426812773,72,1,31.956165
1426813073,121,1,53.647156
1426813373,61,0,71.850204
1426813673,39,0,38.205666
1426813973,36,0,30.133661
1426814273,40,0,35.16803
1426814573,26,0,28.696508
1426814873,44,0,33.08358
1426815173,52,0,36.62902
1426815473,50,0,32.056515
1426815773,32,0,41.3694
1426816073,34,0,35.99117
1426816373,16,0,34.00318
1426816673,28,0,29.075687
1426816973,32,0,31.682028
1426817273,29,0,25.53304
1426817573,46,0,23.37079
1426817873,27,0,34.826252
1426818173,21,0,27.041178
1426818473,38,0,28.812298
1426818773,23,0,30.35028
1426819073,38,0,29.119612
1426819373,46,0,34.22932
1426819673,20,0,29.588995
1426819973,27,0,22.517044
1426820273,41,0,27.293789
1426820573,40,0,31.641546
1426820873,46,0,32.556664
1426821173,40,0,32.1415
1426821473,37,0,35.810734
1426821773,44,0,24.046144
1426822073,65,0,34.1784
1426822373,21,0,28.116148
1426822673,27,0,29.854134
1426822973,35,0,29.430418
1426823273,30,0,26.103062
1426823573,19,0,20.858864
1426823873,30,0,24.632286
1426824173,23,0,27.927656
1426824473,23,0,29.05283
1426824773,61,1,24.15037
1426825073,146,1,28.554966
1426825373,77,0,56.76585
1426825673,44,0,56.186092
1426825973,40,0,27.823092
1426826273,27,0,29.843515
1426826573,26,0,22.529938
1426826873,26,0,27.344631
1426827173,30,0,33.126183
1426827473,29,0,24.756851
1426827773,23,0,29.846401
1426828073,22,0,28.659124
1426828373,33,0,21.726175
1426828673,30,0,28.709455
1426828973,23,0,24.059164
1426829273,24,0,22.140276
1426829573,26,0,20.473513
1426829873,30,0,18.860739
1426830173,28,0,19.736317
1426830473,23,0,19.836143
1426830773,31,0,25.603771
1426831073,39,0,31.271023
1426831373,12,0,22.89732
1426831673,23,0,21.31483
1426831973,20,0,25.330917
1426832273,23,0,22.241121
1426832573,14,0,23.747272
1426832873,26,0,21.70384
1426833173,16,0,27.367344
1426833473,23,0,24.661701
1426833773,16,0,21.037176
1426834073,11,0,21.854362
1426834373,22,0,19.56489
1426834673,13,0,25.434406
1426834973,14,0,25.802628
1426835273,12,0,25.629839
1426835573,10,0,17.717514
1426835873,15,0,20.064299
1426836173,21,0,22.981834
1426836473,11,0,21.533005
1426836773,17,0,24.871767
1426837073,10,0,24.660751
1426837373,15,0,31.86574
1426837673,9,0,33.735516
1426837973,19,0,29.973133
1426838273,16,0,23.064476
1426838573,12,0,26.621555
1426838873,8,0,17.21916
1426839173,27,0,23.247408
1426839473,10,0,23.888386
1426839773,10,0,18.276869
1426840073,13,0,17.9423
1426840373,26,0,22.823032
1426840673,8,0,26.038239
1426840973,12,0,18.168
1426841273,11,0,25.921879
1426841573,11,0,23.325588
1426841873,33,0,21.628704
1426842173,38,0,21.318459
1426842473,12,0,27.01416
1426842773,17,0,21.709808
1426843073,11,0,24.17023
1426843373,16,0,23.783676
1426843673,12,0,25.176317
1426843973,28,0,25.596441
1426844273,17,0,25.264954
1426844573,8,0,22.373356
1426844873,11,0,22.715805
1426845173,13,0,28.10268
1426845473,52,1,22.051142
1426845773,10,0,30.627184
1426846073,23,0,23.65895
1426846373,17,0,25.526957
1426846673,13,0,21.380947
1426846973,14,0,22.06434
1426847273,12,0,23.730572
1426847573,23,0,27.044918
1426847873,20,0,23.68652
1426848173,29,0,23.522451
1426848473,14,0,22.837416
1426848773,20,0,21.970152
1426849073,29,0,30.205666
1426849373,31,0,25.497946
1426849673,51,1,20.729826
1426849973,50,0,29.382982
1426850273,41,0,38.66607
1426850573,49,0,30.178864
1426850873,56,0,32.605278
1426851173,19,0,38.29624
1426851473,24,0,29.433321
1426851773,20,0,45.51506
1426852073,25,0,35.73709
1426852373,22,0,32.53389
1426852673,32,0,26.56691
1426852973,24,0,34.229267
1426853273,59,0,37.72198
1426853573,59,0,57.712433
1426853873,33,0,37.467285
1426854173,36,0,34.240387
1426854473,49,0,33.37705
1426854773,28,0,31.08567
1426855073,23,0,33.17616
1426855373,28,0,37.796196
1426855673,35,0,28.811155
1426855973,31,0,34.320526
1426856273,44,0,37.743996
1426856573,24,0,38.961903
1426856873,55,0,38.47935
1426857173,43,0,36.87929
1426857473,37,0,51.078888
1426857773,56,0,34.756054
1426858073,65,0,49.335335
1426858373,48,0,50.552853
1426858673,40,0,42.43275
1426858973,41,0,41.12776
1426859273,44,0,55.39475
1426859573,30,0,47.755207
1426859873,47,0,45.522797
1426860173,67,0,49.04291
1426860473,50,0,56.35466
1426860773,38,0,48.234913
1426861073,33,0,49.442745
1426861373,37,0,46.840076
1426861673,41,0,49.82426
1426861973,43,0,47.462486
1426862273,33,0,45.26902
1426862573,23,0,48.689175
1426862873,39,0,37.378754
1426863173,36,0,44.85329
1426863473,42,0,44.919834
1426863773,51,0,47.933376
1426864073,52,0,49.663033
1426864373,51,0,48.742043
1426864673,55,0,53.659874
1426864973,53,0,46.45274
1426865273,31,0,46.77015
1426865573,41,0,46.841957
1426865873,69,0,47.07801
1426866173,75,0,66.86914
1426866473,49,0,59.617325
1426866773,80,0,60.224213
1426867073,64,0,51.09082
1426867373,43,0,49.052265
1426867673,52,0,53.2847
1426867973,43,0,52.859425
1426868273,34,0,53.643517
1426868573,31,0,45.428886
1426868873,42,0,36.915936
1426869173,58,0,49.6365
1426869473,47,0,49.306442
1426869773,58,0,47.059284
1426870073,55,0,59.581203
1426870373,53,0,49.936718
1426870673,51,0,56.28997
1426870973,83,0,44.669125
1426871273,76,0,55.277534
1426871573,57,0,54.819973
1426871873,40,0,50.22566
1426872173,54,0,46.22549
1426872473,41,0,47.43761
1426872773,45,0,46.980206
1426873073,56,0,51.222054
1426873373,90,0,53.080593
1426873673,60,0,55.620255
1426873973,41,0,40.262276
1426874273,52,0,49.06497
1426874573,51,0,49.461384
1426874873,37,0,47.80077
1426875173,54,0,42.492832
1426875473,59,0,56.445507
1426875773,46,0,50.755856
1426876073,54,0,59.08416
1426876373,42,0,51.689667
1426876673,83,0,48.785275
1426876973,71,0,44.906746
1426877273,44,0,52.243427
1426877573,43,0,41.801666
1426877873,59,0,54.222004
1426878173,56,0,48.036762
1426878473,53,0,51.482697
1426878773,41,0,45.216724
1426879073,157,1,53.030815
1426879373,106,0,67.16339
1426879673,88,0,62.99055
1426879973,62,0,58.588665
1426880273,53,0,53.73613
1426880573,54,0,55.515976
1426880873,186,1,50.192017
1426881173,166,0,71.9131
1426881473,160,0,81.91297
1426881773,119,0,65.88308
1426882073,78,0,51.886635
1426882373,65,0,63.206406
1426882673,111,1,63.827282
1426882973,62,0,74.956856
1426883273,78,0,60.00334
1426883573,77,0,59.679092
1426883873,59,0,63.225483
1426884173,47,0,53.976948
1426884473,44,0,57.206104
1426884773,74,0,62.486736
1426885073,69,0,64.80557
1426885373,59,0,76.079994
1426885673,44,0,73.39717
1426885973,56,0,65.05938
1426886273,62,0,64.09443
1426886573,40,0,67.56099
1426886873,43,0,64.35815
1426887173,74,0,62.51126
1426887473,123,1,58.32731
1426887773,66,0,78.820045
1426888073,67,0,61.38616
1426888373,39,0,55.085087
1426888673,64,0,53.836647
1426888973,42,0,62.434883
1426889273,51,0,53.30285
1426889573,81,0,75.571396
1426889873,48,0,74.00846
1426890173,50,0,51.184795
1426890473,52,0,65.928894
1426890773,58,0,56.899822
1426891073,35,0,62.726738
1426891373,31,0,54.58309
1426891673,25,0,41.104412
1426891973,54,0,39.362106
1426892273,62,0,47.691723
1426892573,42,0,70.742714
1426892873,46,0,51.363644
1426893173,38,0,52.01385
1426893473,38,0,36.331646
1426893773,30,0,42.847168
1426894073,36,0,44.074432
1426894373,28,0,43.678852
1426894673,56,0,36.744377
1426894973,42,0,38.73325
1426895273,39,0,42.047928
1426895573,29,0,42.422153
1426895873,31,0,42.8811
1426896173,45,0,38.780052
1426896473,54,0,39.366863
1426896773,31,0,48.326416
1426897073,33,0,41.46871
1426897373,34,0,34.080013
1426897673,45,0,46.394123
1426897973,49,0,53.47241
1426898273,35,0,48.552345
1426898573,32,0,39.89173
1426898873,43,0,33.721745
1426899173,37,0,40.649975
1426899473,53,0,36.497536
1426899773,27,0,41.176743
1426900073,26,0,40.871693
1426900373,41,0,32.636703
1426900673,35,0,29.775873
1426900973,27,0,38.429893
1426901273,27,0,40.943287
1426901573,27,0,31.185514
1426901873,30,0,37.085125
1426902173,38,0,34.07502
1426902473,28,0,40.55169
1426902773,32,0,33.895676
1426903073,57,0,36.473896
1426903373,40,0,33.43477
1426903673,48,0,37.295177
1426903973,25,0,34.42724
1426904273,18,0,34.03262
1426904573,40,0,33.252014
1426904873,28,0,40.094917
1426905173,74,0,37.189304
1426905473,18,0,44.113487
1426905773,33,0,33.78123
1426906073,25,0,36.20298
1426906373,36,0,35.355495
1426906673,41,0,28.845142
1426906973,28,0,32.72245
1426907273,17,0,27.510574
1426907573,38,0,24.744736
1426907873,19,0,23.685827
1426908173,31,0,21.18128
1426908473,51,0,41.3616
1426908773,30,0,38.982327
1426909073,28,0,30.39182
1426909373,19,0,25.690823
1426909673,28,0,20.665705
1426909973,18,0,28.684847
1426910273,30,0,29.3961
1426910573,21,0,29.123487
1426910873,21,0,26.747135
1426911173,19,0,23.692844
1426911473,22,0,20.988514
1426911773,20,0,23.971771
1426912073,22,0,22.977863
1426912373,29,0,24.403055
1426912673,24,0,33.60019
1426912973,14,0,25.622925
1426913273,19,0,28.755842
1426913573,23,0,20.292267
1426913873,51,0,24.092571
1426914173,30,0,43.96072
1426914473,24,0,26.558111
1426914773,15,0,23.668211
1426915073,20,0,22.162802
1426915373,21,0,21.000048
1426915673,19,0,31.560528
1426915973,16,0,22.012108
1426916273,3,0,18.539438
1426916573,12,0,17.921528
1426916873,14,0,20.991657
1426917173,11,0,20.987604
1426917473,26,0,19.67464
1426917773,26,0,20.873028
1426918073,21,0,25.500418
1426918373,27,0,33.026108
1426918673,9,0,20.399895
1426918973,20,0,19.981522
1426919273,10,0,20.90801
1426919573,17,0,20.244202
1426919873,16,0,21.067265
1426920173,12,0,22.824907
1426920473,13,0,17.940674
1426920773,14,0,12.540845
1426921073,17,0,15.220642
1426921373,7,0,16.809597
1426921673,15,0,18.552824
1426921973,17,0,21.664568
1426922273,32,0,15.589362
1426922573,31,0,15.97004
1426922873,11,0,14.546599
1426923173,15,0,16.880388
1426923473,12,0,13.571202
1426923773,10,0,16.819252
1426924073,22,0,17.716734
1426924373,21,0,15.965252
1426924673,13,0,9.018949
1426924973,16,0,14.627239
1426925273,20,0,14.125431
1426925573,14,0,16.199484
1426925873,8,0,18.715221
1426926173,13,0,16.5795
1426926473,17,0,16.110058
1426926773,6,0,19.430765
1426927073,8,0,15.937911
1426927373,9,0,18.3252
1426927673,10,0,16.20709
1426927973,12,0,18.956455
1426928273,14,0,19.208292
1426928573,8,0,16.047106
1426928873,5,0,19.924046
1426929173,15,0,14.426137
1426929473,12,0,17.345615
1426929773,20,0,23.41833
1426930073,6,0,19.19945
1426930373,13,0,15.06417
1426930673,9,0,20.675028
1426930973,5,0,9.872331
1426931273,3,0,13.016207
1426931573,11,0,13.70171
1426931873,16,0,17.111708
1426932173,7,0,20.95555
1426932473,23,0,19.14177
1426932773,33,0,17.392748
1426933073,18,0,20.895126
1426933373,36,0,19.62329
1426933673,24,0,25.504622
1426933973,19,0,34.018772
1426934273,13,0,28.784346
1426934573,16,0,23.253265
1426934873,20,0,15.929043
1426935173,10,0,21.542685
1426935473,26,0,24.601667
1426935773,23,0,20.80068
1426936073,16,0,27.895515
1426936373,12,0,19.737041
1426936673,11,0,24.910673
1426936973,15,0,22.03864
1426937273,9,0,22.687222
1426937573,19,0,25.859955
1426937873,7,0,25.441727
1426938173,8,0,22.181026
1426938473,15,0,21.736515
1426938773,14,0,18.546894
1426939073,15,0,19.131145
1426939373,16,0,19.320448
1426939673,11,0,19.211788
1426939973,16,0,16.72817
1426940273,15,0,24.73255
1426940573,32,0,19.8278
1426940873,34,0,19.176538
1426941173,52,0,22.372778
1426941473,41,0,29.599777
1426941773,14,0,26.470663
1426942073,15,0,23.618383
1426942373,24,0,22.33153
1426942673,25,0,28.013422
1426942973,37,0,24.649958
1426943273,26,0,25.269962
1426943573,25,0,36.758015
1426943873,23,0,29.546633
1426944173,22,0,22.988262
1426944473,29,0,22.995594
1426944773,22,0,23.373451
1426945073,17,0,25.625473
1426945373,53,1,21.877258
1426945673,19,0,29.29801
1426945973,19,0,21.822796
1426946273,45,1,21.261974
1426946573,50,1,21.289326
1426946873,41,0,23.752228
1426947173,49,0,35.945934
1426947473,20,0,49.074265
1426947773,30,0,24.772999
1426948073,24,0,30.522955
1426948373,25,0,21.270071
1426948673,41,0,33.720585
1426948973,30,0,37.140354
1426949273,53,0,44.36822
1426949573,23,0,73.33331
1426949873,46,0,34.926353
1426950173,65,1,31.286688
1426950473,70,0,46.34731
1426950773,43,0,56.99678
1426951073,47,0,47.439045
1426951373,36,0,45.80495
1426951673,31,0,42.493267
1426951973,46,0,40.346848
1426952273,51,0,52.135178
1426952573,47,0,43.94752
1426952873,58,0,46.738476
1426953173,57,0,49.843067
1426953473,82,0,53.31179
1426953773,52,0,51.893936
1426954073,38,0,48.660942
1426954373,35,0,42.500664
1426954673,52,0,38.360943
1426954973,21,0,40.955894
1426955273,31,0,48.5441
1426955573,39,0,49.264847
1426955873,31,0,41.96425
1426956173,37,0,39.895763
1426956473,80,0,39.974445
1426956773,22,0,47.155647
1426957073,78,0,46.323498
1426957373,60,0,67.15443
1426957673,45,0,43.3157
1426957973,59,0,44.834805
1426958273,44,0,67.960884
1426958573,45,0,45.91929
1426958873,24,0,45.064686
1426959173,31,0,43.91954
1426959473,41,0,44.867516
1426959773,25,0,48.316036
1426960073,41,0,59.710873
1426960373,25,0,45.831055
1426960673,64,0,42.24898
1426960973,54,0,47.88266
1426961273,53,0,45.29118
1426961573,36,0,59.671223
1426961873,33,0,46.631855
1426962173,41,0,43.92846
1426962473,59,0,43.068237
1426962773,21,0,42.977528
1426963073,48,0,38.601498
1426963373,34,0,41.487637
1426963673,32,0,44.940952
1426963973,27,0,40.969116
1426964273,31,0,43.578865
1426964573,37,0,39.569042
1426964873,29,0,44.85304
1426965173,30,0,37.117477
1426965473,24,0,51.45717
1426965773,28,0,32.03878
1426966073,32,0,33.23753
1426966373,29,0,37.557606
1426966673,59,0,41.184402
1426966973,20,0,40.96528
1426967273,26,0,32.38803
1426967573,38,0,30.72989
1426967873,51,0,37.15526
1426968173,26,0,51.58606
1426968473,139,1,36.83771
1426968773,129,0,64.34321
1426969073,78,0,56.553436
1426969373,227,1,57.72479
1426969673,32,0,66.60523
1426969973,73,0,45.94001
1426970273,60,0,64.1567
1426970573,27,0,50.853107
1426970873,36,0,42.420567
1426971173,20,0,36.733356
1426971473,26,0,29.746538
1426971773,26,0,36.175476
1426972073,40,0,52.82715
1426972373,55,0,57.03904
1426972673,27,0,60.54036
1426972973,29,0,30.683508
1426973273,32,0,36.95774
1426973573,36,0,45.5752
1426973873,37,0,38.904095
1426974173,50,0,38.370266
1426974473,43,0,28.452597
1426974773,33,0,45.10828
1426975073,39,0,39.897137
1426975373,16,0,40.478012
1426975673,29,0,33.552296
1426975973,27,0,27.89608
1426976273,35,0,42.316807
1426976573,49,0,41.904366
1426976873,56,0,53.25032
1426977173,100,1,34.14435
1426977473,51,0,54.986164
1426977773,48,0,39.000343
1426978073,54,0,52.798645
1426978373,21,0,42.829098
1426978673,29,0,30.333117
1426978973,29,0,32.361134
1426979273,24,0,34.010418
1426979573,409,1,26.226427
1426979873,129,0,69.032166
1426980173,51,0,68.40223
1426980473,39,0,56.083485
1426980773,46,0,34.423393
1426981073,33,0,33.043953
1426981373,31,0,27.31525
1426981673,27,0,37.226746
1426981973,20,0,26.14303
1426982273,26,0,21.98992
1426982573,38,0,24.871893
1426982873,44,0,26.74629
1426983173,32,0,26.235853
1426983473,40,0,30.082767
1426983773,26,0,29.34568
1426984073,33,0,31.474628
1426984373,27,0,31.326475
1426984673,37,0,25.313114
1426984973,31,0,31.168232
1426985273,46,0,32.783386
1426985573,37,0,45.642666
1426985873,33,0,37.620346
1426986173,48,0,34.20435
1426986473,30,0,37.416252
1426986773,38,0,28.317942
1426987073,15,0,32.924088
1426987373,20,0,34.812313
1426987673,18,0,37.242558
1426987973,15,0,25.325853
1426988273,31,0,29.577236
1426988573,22,0,27.43454
1426988873,22,0,24.017883
1426989173,34,0,33.673965
1426989473,22,0,46.392735
1426989773,11,0,26.535807
1426990073,14,0,23.574108
1426990373,39,0,21.895395
1426990673,22,0,26.748207
1426990973,26,0,25.669842
1426991273,31,0,28.797163
1426991573,23,0,29.155823
1426991873,18,0,22.695223
1426992173,51,1,20.962143
1426992473,38,0,21.359278
1426992773,35,0,27.35383
1426993073,30,0,23.94362
1426993373,32,0,24.07213
1426993673,32,0,31.10314
1426993973,23,0,24.666683
1426994273,36,0,28.12482
1426994573,57,0,34.999935
1426994873,37,0,34.595547
1426995173,44,0,27.74282
1426995473,39,0,21.21913
1426995773,50,0,28.805805
1426996073,36,0,26.17287
1426996373,23,0,24.417366
1426996673,30,0,25.21541
1426996973,21,0,26.577375
1426997273,39,0,29.595205
1426997573,36,0,22.694696
1426997873,13,0,24.033348
1426998173,16,0,26.32824
1426998473,22,0,23.72015
1426998773,17,0,24.194803
1426999073,19,0,20.713493
1426999373,15,0,21.312056
1426999673,16,0,20.740917
1426999973,14,0,17.98724
1427000273,17,0,21.148489
1427000573,14,0,20.128963
1427000873,19,0,21.998297
1427001173,19,0,22.102362
1427001473,19,0,21.128695
1427001773,9,0,23.446814
1427002073,12,0,23.636486
1427002373,13,0,20.670296
1427002673,12,0,21.2665
1427002973,24,0,19.905313
1427003273,16,0,23.437126
1427003573,14,0,21.022657
1427003873,12,0,21.095718
1427004173,10,0,18.920065
1427004473,11,0,23.991776
1427004773,15,0,18.364473
1427005073,11,0,15.8417425
1427005373,13,0,15.249433
1427005673,13,0,15.717146
1427005973,13,0,12.554757
1427006273,13,0,14.0012045
1427006573,10,0,15.312199
1427006873,17,0,15.2085
1427007173,11,0,12.205509
1427007473,21,0,16.164526
1427007773,7,0,15.423568
1427008073,10,0,18.185509
1427008373,12,0,17.80495
1427008673,9,0,14.176702
1427008973,10,0,16.246368
1427009273,7,0,15.355063
1427009573,3,1,15.841388
1427009873,12,0,14.22475
1427010173,11,0,17.83504
1427010473,9,0,14.613565
1427010773,18,0,13.362259
1427011073,11,0,15.283682
1427011373,17,0,17.410566
1427011673,18,0,17.8698
1427011973,9,0,17.179136
1427012273,12,0,19.28167
1427012573,10,0,20.421143
1427012873,9,0,13.898154
1427013173,10,0,15.523659
1427013473,6,0,20.308392
1427013773,4,0,14.377354
1427014073,14,0,16.592361
1427014373,15,0,21.291813
1427014673,20,0,21.900784
1427014973,11,0,21.957596
1427015273,16,0,16.548306
1427015573,9,0,16.633894
1427015873,6,0,15.701701
1427016173,6,0,15.506405
1427016473,8,0,15.3433485
1427016773,8,0,17.972523
1427017073,12,0,21.040382
1427017373,13,0,18.11124
1427017673,18,0,16.347528
1427017973,6,0,16.133057
1427018273,26,0,17.112318
1427018573,17,0,19.04652
1427018873,9,0,18.157263
1427019173,13,0,19.253036
1427019473,7,0,19.922092
1427019773,11,0,16.192541
1427020073,20,0,17.467304
1427020373,12,0,18.880293
1427020673,10,0,24.937534
1427020973,11,0,23.048021
1427021273,9,0,14.323487
1427021573,21,0,18.322006
1427021873,37,0,29.395205
1427022173,15,0,24.06246
1427022473,12,0,30.639921
1427022773,20,0,19.145185
1427023073,15,0,19.722721
1427023373,17,0,17.396564
1427023673,11,0,20.728407
1427023973,12,0,23.438263
1427024273,14,0,25.979916
1427024573,19,0,27.585352
1427024873,12,0,26.578022
1427025173,15,0,23.33082
1427025473,43,0,19.958874
1427025773,16,0,24.2953
1427026073,22,0,20.933573
1427026373,17,0,28.357162
1427026673,19,0,21.525116
1427026973,16,0,22.372746
1427027273,18,0,21.505983
1427027573,13,0,21.256876
1427027873,14,0,24.046144
1427028173,26,0,22.52286
1427028473,16,0,27.49411
1427028773,14,0,21.50668
1427029073,28,0,23.932348
1427029373,26,0,22.882978
1427029673,18,0,30.06657
1427029973,24,0,25.09605
1427030273,21,0,22.082563
1427030573,17,0,32.10672
1427030873,17,0,23.513733
1427031173,30,0,33.7864
1427031473,28,0,26.864927
1427031773,30,0,25.349411
1427032073,24,0,25.490946
1427032373,20,0,29.105036
1427032673,28,0,28.463524
1427032973,32,0,25.188278
1427033273,41,0,26.233494
1427033573,34,0,56.714573
1427033873,21,0,29.607792
1427034173,13,0,23.502058
1427034473,38,1,19.78247
1427034773,12,0,24.419416
1427035073,32,0,22.449709
1427035373,44,0,31.074694
1427035673,31,0,27.886568
1427035973,17,0,31.860723
1427036273,26,0,28.269554
1427036573,41,0,29.57488
1427036873,26,0,29.325483
1427037173,33,0,29.742136
1427037473,21,0,22.957067
1427037773,34,0,22.774189
1427038073,37,0,25.20455
1427038373,28,0,26.181192
1427038673,18,0,35.288326
1427038973,20,0,34.033634
1427039273,37,0,36.296516
1427039573,25,0,34.835598
1427039873,60,0,22.0261
1427040173,47,0,35.24745
1427040473,35,0,25.214012
1427040773,39,0,35.067715
1427041073,34,0,31.799726
1427041373,31,0,29.006987
1427041673,46,0,26.160765
1427041973,29,0,32.323215
1427042273,31,0,31.507301
1427042573,38,0,33.708138
1427042873,40,0,28.941694
1427043173,15,0,36.998024
1427043473,40,0,29.577904
1427043773,46,0,30.945108
1427044073,30,0,28.753853
1427044373,30,0,23.600958
1427044673,40,0,29.311394
1427044973,27,0,28.46619
1427045273,36,0,33.894463
1427045573,24,0,40.86976
1427045873,25,0,26.487404
1427046173,21,0,27.42924
1427046473,24,0,27.717804
1427046773,44,0,24.034885
1427047073,39,0,33.335827
1427047373,32,0,32.88366
1427047673,29,0,27.549534
1427047973,40,0,32.158974
1427048273,49,0,31.940426
1427048573,62,1,31.630919
1427048873,53,0,31.762854
1427049173,41,0,38.16211
1427049473,35,0,30.981844
1427049773,30,0,34.624985
1427050073,38,0,30.8776
1427050373,42,0,33.929268
1427050673,39,0,29.904472
1427050973,44,0,30.891886
1427051273,31,0,28.845999
1427051573,32,0,31.78754
1427051873,42,0,30.965895
1427052173,59,1,32.584763
1427052473,64,0,36.61057
1427052773,32,0,39.801674
1427053073,55,0,36.214252
1427053373,55,0,34.723663
1427053673,41,0,35.36452
1427053973,19,0,37.227997
1427054273,49,0,30.177792
1427054573,28,0,38.800804
1427054873,28,0,34.118027
1427055173,39,0,32.60246
1427055473,35,0,37.212646
1427055773,30,0,38.07465
1427056073,27,0,36.9626
1427056373,30,0,34.520557
1427056673,35,0,33.45254
1427056973,33,0,32.40421
1427057273,26,0,30.785574
1427057573,29,0,32.118225
1427057873,34,0,31.40174
1427058173,324,1,31.600498
1427058473,35,0,45.973373
1427058773,21,0,37.408943
1427059073,18,0,33.24457
1427059373,15,0,29.51512
1427059673,18,0,24.34511
1427059973,21,0,28.964043
1427060273,39,0,25.899555
1427060573,12,0,33.108574
1427060873,14,0,25.475195
1427061173,43,0,23.689842
1427061473,29,0,25.0852
1427061773,16,0,26.633879
1427062073,21,0,26.176516
1427062373,22,0,25.821447
1427062673,22,0,23.400692
1427062973,25,0,26.30132
1427063273,26,0,25.335007
1427063573,22,0,27.791597
1427063873,7,0,25.871061
1427064173,55,1,26.43547
1427064473,24,0,28.042791
1427064773,27,0,27.098438
1427065073,40,0,23.377272
1427065373,31,0,28.708714
1427065673,46,0,22.822319
1427065973,54,0,33.769848
1427066273,48,0,24.675486
1427066573,31,0,26.093025
1427066873,22,0,28.163383
1427067173,29,0,25.453941
1427067473,15,0,27.25404
1427067773,22,0,26.990202
1427068073,30,0,22.787966
1427068373,55,1,24.699728
1427068673,47,0,23.490135
1427068973,46,0,23.581596
1427069273,27,0,25.509167
1427069573,32,0,27.83251
1427069873,29,0,23.309149
1427070173,30,0,23.541533
1427070473,28,0,26.685013
1427070773,23,0,24.16464
1427071073,33,0,21.338469
1427071373,40,0,27.195845
1427071673,38,0,29.490608
1427071973,38,0,30.533
1427072273,48,0,27.869928
1427072573,36,0,26.431812
1427072873,19,0,29.751318
1427073173,34,0,29.357595
1427073473,28,0,28.951296
1427073773,26,0,28.37304
1427074073,23,0,28.54097
1427074373,21,0,28.687218
1427074673,30,0,26.290257
1427074973,21,0,27.527815
1427075273,22,0,28.039907
1427075573,29,0,26.942072
1427075873,64,1,27.717785
1427076173,28,0,33.436855
1427076473,25,0,28.190647
1427076773,22,0,30.33969
1427077073,30,0,28.61922
1427077373,19,0,30.486246
1427077673,24,0,24.716753
1427077973,27,0,28.889194
1427078273,47,1,25.483894
1427078573,25,0,25.26854
1427078873,43,1,24.172224
1427079173,32,0,30.404623
1427079473,32,0,28.107746
1427079773,34,0,27.925674
1427080073,44,0,27.358341
1427080373,15,0,34.483192
1427080673,28,0,29.098698
1427080973,17,0,29.085432
1427081273,42,0,30.128252
1427081573,21,0,30.11623
1427081873,21,0,27.666822
1427082173,22,0,26.831404
1427082473,21,0,24.592781
1427082773,12,0,28.270267
1427083073,34,0,26.132385
1427083373,23,0,28.394817
1427083673,79,1,25.835527
1427083973,34,0,35.40308
1427084273,20,0,26.939907
1427084573,21,0,28.454338
1427084873,31,0,24.181145
1427085173,18,0,26.271618
1427085473,66,1,21.82828
1427085773,15,0,31.819996
1427086073,24,0,28.436518
1427086373,17,0,26.18257
1427086673,47,0,29.809591
1427086973,25,0,28.78058
1427087273,19,0,32.10829
1427087573,24,0,27.903355
1427087873,23,0,27.4478
1427088173,5,0,24.407925
1427088473,10,0,21.720604
1427088773,8,0,20.716467
1427089073,10,0,22.39848
1427089373,11,0,21.172777
1427089673,220,1,19.424051
1427089973,213,1,29.945967
1427090273,32,0,31.751307
1427090573,17,0,29.498613
1427090873,25,0,32.24786
1427091173,14,0,26.628326
1427091473,26,0,29.42576
1427091773,454,1,26.510872
1427092073,217,1,33.256714
1427092373,126,1,25.224625
1427092673,118,1,34.221104
1427092973,85,1,32.495804
1427093273,70,1,32.007298
1427093573,61,0,37.745266
1427093873,55,0,31.686869
1427094173,56,0,29.096813
1427094473,46,0,28.504667
1427094773,51,0,27.52029
1427095073,59,0,34.029305
1427095373,37,0,38.358906
1427095673,45,0,30.740929
1427095973,41,0,26.195538
1427096273,34,0,31.22714
1427096573,29,0,32.145355
1427096873,38,0,29.94826
1427097173,29,0,29.9401
1427097473,36,0,33.838352
1427097773,27,0,30.835045
1427098073,30,0,30.949766
1427098373,21,0,30.973246
1427098673,28,0,34.151073
1427098973,27,0,32.850685
1427099273,37,0,29.712183
1427099573,47,0,30.57268
1427099873,27,0,36.60818
1427100173,34,0,38.802578
1427100473,23,0,38.41191
1427100773,33,0,38.38626
1427101073,46,0,27.674694
1427101373,28,0,35.21924
1427101673,29,0,36.181953
1427101973,31,0,26.687777
1427102273,41,0,29.835287
1427102573,40,0,40.25282
1427102873,28,0,44.508133
1427103173,48,0,35.786114
1427103473,31,0,34.533447
1427103773,39,0,34.685883
1427104073,26,0,38.22134
1427104373,22,0,33.221104
1427104673,40,0,39.07503
1427104973,30,0,33.366745
1427105273,64,1,28.076155
1427105573,69,0,30.562496
1427105873,30,0,35.098404
1427106173,62,0,38.85579
1427106473,55,0,40.55912
1427106773,24,0,38.90162
1427107073,31,0,34.485096
1427107373,36,0,35.551125
1427107673,33,0,37.78414
1427107973,40,0,41.51119
1427108273,29,0,43.023632
1427108573,28,0,40.350304
1427108873,39,0,40.765007
1427109173,36,0,40.209003
1427109473,33,0,42.171146
1427109773,35,0,42.047626
1427110073,34,0,33.48048
1427110373,42,0,34.229977
1427110673,36,0,34.17913
1427110973,37,0,41.99321
1427111273,29,0,37.61484
1427111573,40,0,37.861122
1427111873,62,1,30.15514
1427112173,33,0,39.80492
1427112473,50,0,28.290127
1427112773,52,0,37.948368
1427113073,33,0,38.704384
1427113373,40,0,33.97877
1427113673,32,0,33.71583
1427113973,35,0,35.873756
1427114273,40,0,34.824368
1427114573,45,0,36.545696
1427114873,49,0,34.90102
1427115173,39,0,38.75067
1427115473,45,0,32.20006
1427115773,65,1,38.628166
1427116073,46,0,35.797215
1427116373,49,0,41.21936
1427116673,57,0,42.625572
1427116973,54,0,43.320755
1427117273,82,0,42.25208
1427117573,66,0,40.44129
1427117873,67,0,41.671227
1427118173,69,1,40.93068
1427118473,86,1,41.058144
1427118773,57,0,43.935898
1427119073,87,1,40.428566
1427119373,87,1,40.812122
1427119673,88,1,44.057926
1427119973,47,0,51.557503
1427120273,85,0,44.354137
1427120573,67,0,43.355366
1427120873,88,0,51.586323
1427121173,63,0,44.038494
1427121473,103,1,52.719563
1427121773,79,0,51.100647
1427122073,113,1,46.97586
1427122373,123,1,55.003796
1427122673,109,0,61.61812
1427122973,71,0,57.736095
1427123273,77,0,52.526722
1427123573,75,0,59.88371
1427123873,100,0,59.601227
1427124173,66,0,65.58469
1427124473,106,1,51.257767
1427124773,71,0,54.624947
1427125073,57,0,55.285976
1427125373,56,0,61.20706
1427125673,66,0,62.50595
1427125973,57,0,59.22891
1427126273,84,0,54.40665
1427126573,53,0,58.458202
1427126873,49,0,58.326675
1427127173,46,0,52.96182
1427127473,46,0,57.175438
1427127773,61,0,59.630123
1427128073,41,0,60.504757
1427128373,29,0,56.870216
1427128673,49,0,53.498634
1427128973,50,0,59.56155
1427129273,91,0,55.347595
1427129573,49,0,58.614086
1427129873,59,0,64.63406
1427130173,137,1,58.400837
1427130473,141,1,56.625504
1427130773,99,0,70.30647
1427131073,88,0,67.3004
1427131373,91,0,59.409332
1427131673,68,0,61.270317
1427131973,44,0,54.569664
1427132273,72,0,58.504673
1427132573,76,0,59.557
1427132873,175,1,64.31725
1427133173,133,1,64.243355
1427133473,122,0,66.60877
1427133773,92,0,64.036545
1427134073,127,0,77.252205
1427134373,98,0,72.96583
1427134673,100,0,74.90238
1427134973,78,0,67.77967
1427135273,63,0,52.81721
1427135573,56,0,48.712475
1427135873,45,0,72.00514
1427136173,91,0,59.089607
1427136473,53,0,64.70998
1427136773,44,0,70.29095
1427137073,71,0,72.733376
1427137373,63,0,65.12645
1427137673,66,0,73.47721
1427137973,53,0,70.04621
1427138273,61,0,56.378475
1427138573,96,0,61.504223
1427138873,82,0,57.21501
1427139173,58,0,66.39445
1427139473,47,0,73.73549
1427139773,102,0,62.649994
1427140073,61,0,72.57312
1427140373,95,0,67.87779
1427140673,92,0,64.78298
1427140973,67,0,62.029816
1427141273,45,0,57.952316
1427141573,47,0,62.2033
1427141873,53,0,69.16855
1427142173,74,0,66.346535
1427142473,56,0,60.910156
1427142773,47,0,52.93112
1427143073,52,0,52.594425
1427143373,47,0,57.51573
1427143673,136,1,57.571465
1427143973,98,0,67.03588
1427144273,98,0,77.26099
1427144573,75,0,66.51396
1427144873,110,0,66.96075
1427145173,153,1,67.006294
1427145473,88,0,71.3909
1427145773,65,0,66.74745
1427146073,64,0,67.27609
1427146373,49,0,63.13074
1427146673,41,0,50.11585
1427146973,50,0,51.34498
1427147273,40,0,60.168926
1427147573,42,0,59.985752
1427147873,60,0,51.54258
1427148173,67,0,62.957687
1427148473,46,0,62.632168
1427148773,50,0,55.318428
1427149073,61,0,59.71847
1427149373,77,0,55.562527
1427149673,53,0,51.210728
1427149973,50,0,53.297913
1427150273,54,0,51.175457
1427150573,78,0,54.57704
1427150873,72,0,52.971714
1427151173,36,0,57.60357
1427151473,53,0,52.035816
1427151773,48,0,44.329723
1427152073,26,0,53.35668
1427152373,38,0,46.70235
1427152673,31,0,46.468647
1427152973,39,0,49.502472
1427153273,34,0,46.205013
1427153573,33,0,41.457798
1427153873,23,0,50.607124
1427154173,36,0,50.944275
1427154473,33,0,46.80258
1427154773,26,0,49.87345
1427155073,52,0,47.65158
1427155373,42,0,48.12914
1427155673,29,0,46.345882
1427155973,42,0,51.810833
1427156273,27,0,57.506477
1427156573,37,0,48.547234
1427156873,46,0,46.843983
1427157173,28,0,41.18462
1427157473,45,0,42.143185
1427157773,29,0,47.662403
1427158073,42,0,48.44316
1427158373,46,0,55.46108
1427158673,48,0,42.184433
1427158973,33,0,40.52383
1427159273,35,0,46.848763
1427159573,41,0,40.1467
1427159873,43,0,43.88867
1427160173,42,0,50.537292
1427160473,41,0,43.955433
1427160773,44,0,44.65316
1427161073,72,0,37.311047
1427161373,29,0,49.46003
1427161673,49,0,45.72186
1427161973,46,0,57.278446
1427162273,45,0,44.81159
1427162573,27,0,42.048065
1427162873,27,0,42.340588
1427163173,40,0,43.283024
1427163473,31,0,47.238388
1427163773,43,0,43.9229
1427164073,43,0,45.21336
1427164373,32,0,37.523964
1427164673,27,0,38.098343
1427164973,38,0,43.811802
1427165273,34,0,41.67182
1427165573,21,0,42.49134
1427165873,31,0,39.731125
1427166173,43,0,38.243492
1427166473,46,0,34.870872
1427166773,62,0,50.86178
1427167073,39,0,53.24715
1427167373,48,0,39.992508
1427167673,38,0,51.424713
1427167973,654,1,56.405525
1427168273,153,0,94.97877
1427168573,161,1,73.0729
1427168873,90,0,72.446365
1427169173,53,0,66.13142
1427169473,72,0,40.087307
1427169773,72,0,64.47256
1427170073,85,0,45.665234
1427170373,76,0,67.81295
1427170673,52,0,49.2722
1427170973,47,0,47.88663
1427171273,71,0,43.804718
1427171573,50,0,40.991985
1427171873,33,0,48.71799
1427172173,39,0,46.97968
1427172473,43,0,49.49541
1427172773,41,0,45.888428
1427173073,45,0,42.99867
1427173373,39,0,46.436874
1427173673,24,0,49.006344
1427173973,21,0,39.932297
1427174273,67,0,40.473858
1427174573,86,0,47.77085
1427174873,99,0,59.886635
1427175173,94,0,52.9408
1427175473,36,0,53.07484
1427175773,34,0,47.2278
1427176073,46,0,53.589226
1427176373,31,0,40.819145
1427176673,33,0,53.474045
1427176973,30,0,40.031925
1427177273,23,0,38.747112
1427177573,30,0,41.04374
1427177873,17,0,51.26865
1427178173,17,0,45.568596
1427178473,42,0,55.103035
1427178773,37,0,69.02994
1427179073,30,0,56.49699
1427179373,30,0,51.666283
1427179673,28,0,40.22036
1427179973,24,0,49.327312
1427180273,30,0,33.451668
1427180573,28,0,35.696964
1427180873,41,0,33.679733
1427181173,33,0,52.55277
1427181473,32,0,34.040787
1427181773,20,0,43.92988
1427182073,37,0,34.254715
1427182373,21,0,37.24918
1427182673,24,0,27.836788
1427182973,15,0,35.979675
1427183273,14,0,35.41534
1427183573,24,0,39.262104
1427183873,20,0,36.243874
1427184173,28,0,34.51282
1427184473,14,0,48.9708
1427184773,12,0,29.535448
1427185073,20,0,34.85285
1427185373,24,0,28.18918
1427185673,16,0,37.29317
1427185973,22,0,30.155798
1427186273,84,1,36.94994
1427186573,26,0,39.633842
1427186873,30,0,37.745953
1427187173,19,0,31.460894
1427187473,27,0,34.750774
1427187773,12,0,34.23703
1427188073,20,0,32.730675
1427188373,15,0,28.412748
1427188673,21,0,34.27223
1427188973,34,0,35.149803
1427189273,25,0,36.190815
1427189573,28,0,27.26104
1427189873,19,0,34.133648
1427190173,18,0,31.723118
1427190473,26,0,34.809395
1427190773,27,0,33.48884
1427191073,46,0,34.895435
1427191373,36,0,32.189224
1427191673,25,0,46.547615
1427191973,38,0,34.082138
1427192273,30,0,39.94842
1427192573,28,0,33.347893
1427192873,24,0,35.796146
1427193173,29,0,35.85683
1427193473,30,0,38.559834
1427193773,24,0,35.598194
1427194073,30,0,37.83491
1427194373,30,0,36.552227
1427194673,49,0,37.538532
1427194973,58,0,37.59637
1427195273,23,0,38.483967
1427195573,20,0,42.99415
1427195873,36,0,43.3783
1427196173,23,0,34.046207
1427196473,41,0,44.14184
1427196773,46,0,41.099674
1427197073,38,0,39.009525
1427197373,50,0,38.385048
1427197673,27,0,44.669296
1427197973,35,0,36.871857
1427198273,41,0,41.445656
1427198573,40,0,35.263653
1427198873,33,0,40.484695
1427199173,22,0,46.00597
1427199473,32,0,40.78073
1427199773,26,0,38.460556
1427200073,38,0,37.869766
1427200373,39,0,40.93852
1427200673,25,0,49.412964
1427200973,37,0,46.756557
1427201273,45,0,37.727543
1427201573,78,0,48.13927
1427201873,92,0,53.49936
1427202173,112,0,65.65847
1427202473,80,0,70.44104
1427202773,42,0,67.0754
1427203073,41,0,64.16911
1427203373,27,0,49.2443
1427203673,28,0,40.774834
1427203973,37,0,44.76092
1427204273,39,0,46.282753
1427204573,52,0,54.888073
1427204873,49,0,51.068695
1427205173,105,1,54.762146
1427205473,60,0,62.03296
1427205773,45,0,57.52524
1427206073,43,0,51.737255
1427206373,44,0,50.890068
1427206673,90,0,51.607586
1427206973,74,0,60.409496
1427207273,73,0,51.34628
1427207573,58,0,57.242085
1427207873,69,0,52.60738
1427208173,45,0,54.730637
1427208473,44,0,50.12535
1427208773,467,1,57.406754
1427209073,252,1,89.737
1427209373,129,0,86.45009
1427209673,83,0,63.539894
1427209973,118,0,66.32112
1427210273,78,0,67.24117
1427210573,69,0,71.394196
1427210873,67,0,58.518192
1427211173,79,0,56.37985
1427211473,217,1,50.062992
1427211773,123,0,74.72855
1427212073,96,0,84.02727
1427212373,86,0,71.41644
1427212673,126,0,72.13669
1427212973,101,0,79.71999
1427213273,154,1,69.00924
1427213573,171,0,72.425674
1427213873,104,0,86.72672
1427214173,88,0,69.039955
1427214473,155,0,76.10835
1427214773,137,0,81.10467
1427215073,93,0,84.51492
1427215373,76,0,82.80405
1427215673,95,0,68.96181
1427215973,157,0,78.84332
1427216273,212,0,92.432785
1427216573,126,0,87.77302
1427216873,110,0,90.87379
1427217173,124,0,77.89657
1427217473,116,0,82.43386
1427217773,135,0,89.22794
1427218073,104,0,81.55706
1427218373,81,0,84.07805
1427218673,72,0,78.66056
1427218973,84,0,73.80093
1427219273,117,0,77.61786
1427219573,268,1,92.80788
1427219873,188,0,124.76769
1427220173,163,0,91.68856
1427220473,136,0,97.234795
1427220773,200,0,102.546165
1427221073,270,1,111.67544
1427221373,173,0,125.85935
1427221673,121,0,96.31795
1427221973,84,0,131.25354
1427222273,93,0,93.06028
1427222573,79,0,89.07105
1427222873,72,0,98.22033
1427223173,123,0,109.782616
1427223473,89,0,78.31179
1427223773,83,0,80.75158
1427224073,69,0,86.72292
1427224373,71,0,111.19099
1427224673,70,0,113.6511
1427224973,58,0,133.69556
1427225273,66,0,77.01534
1427225573,70,0,69.9706
1427225873,59,0,67.28429
1427226173,89,0,67.06281
1427226473,76,0,76.92087
1427226773,76,0,94.69838
1427227073,51,0,81.64737
1427227373,49,0,86.25
1427227673,95,0,66.00278
1427227973,143,0,94.88191
1427228273,72,0,113.46183
1427228573,81,0,78.2169
1427228873,64,0,70.305664
1427229173,64,0,64.48492
1427229473,122,0,62.216183
1427229773,93,0,63.613632
1427230073,77,0,58.874706
1427230373,57,0,69.78944
1427230673,83,0,64.840126
1427230973,71,0,75.879524
1427231273,63,0,53.804623
1427231573,131,0,84.006134
1427231873,37,0,75.42653
1427232173,67,0,61.333496
1427232473,45,0,64.05789
1427232773,77,0,47.11479
1427233073,55,0,40.720272
1427233373,59,0,48.034912
1427233673,62,0,57.43007
1427233973,77,0,49.062016
1427234273,64,0,44.26802
1427234573,48,0,34.454308
1427234873,61,0,45.447582
1427235173,46,0,63.00408
1427235473,64,0,51.50414
1427235773,57,0,58.46635
1427236073,60,0,45.918194
1427236373,40,0,50.29865
1427236673,95,0,52.38373
1427236973,58,0,67.7347
1427237273,58,0,63.868504
1427237573,73,0,52.332245
1427237873,48,0,56.680336
1427238173,44,0,45.057728
1427238473,103,1,41.74981
1427238773,63,0,58.39474
1427239073,52,0,58.41024
1427239373,39,0,63.917736
1427239673,57,0,43.896008
1427239973,49,0,33.646694
1427240273,38,0,47.049377
1427240573,32,0,56.751076
1427240873,43,0,52.435795
1427241173,30,0,53.824833
1427241473,71,0,40.975807
1427241773,35,0,42.85212
1427242073,37,0,45.072254
1427242373,42,0,51.66206
1427242673,40,0,50.962784
1427242973,61,0,47.496387
1427243273,54,0,44.406162
1427243573,35,0,42.33703
1427243873,54,0,38.70553
1427244173,41,0,44.510212
1427244473,58,0,46.545536
1427244773,72,0,49.860714
1427245073,74,0,63.838303
1427245373,74,0,56.540825
1427245673,71,0,54.768253
1427245973,58,0,32.65376
1427246273,52,0,43.47258
1427246573,80,0,43.026386
1427246873,82,0,50.60555
1427247173,69,0,65.09425
1427247473,67,0,48.835434
1427247773,69,0,50.805775
1427248073,62,0,57.908447
1427248373,58,0,54.628025
1427248673,56,0,54.96411
1427248973,37,0,41.8638
1427249273,54,0,38.75332
1427249573,33,0,42.75491
1427249873,39,0,53.57356
1427250173,28,0,39.741882
1427250473,62,0,45.36733
1427250773,62,0,40.728367
1427251073,70,0,34.313534
1427251373,45,0,39.910706
1427251673,72,0,43.323944
1427251973,42,0,41.089516
1427252273,43,0,31.145824
1427252573,25,0,29.147102
1427252873,41,0,34.271667
1427253173,29,0,45.801796
1427253473,38,0,36.264214
1427253773,24,0,41.42496
1427254073,24,0,30.767939
1427254373,22,0,51.539177
1427254673,38,0,30.433176
1427254973,23,0,31.789566
1427255273,30,0,29.956713
1427255573,23,0,28.439846
1427255873,36,0,28.40041
1427256173,49,0,24.286528
1427256473,45,0,29.556467
1427256773,31,0,31.321852
1427257073,45,0,34.02813
1427257373,42,0,30.20083
1427257673,44,0,37.482567
1427257973,12,0,25.24107
1427258273,33,0,32.56149
1427258573,22,0,39.36252
1427258873,29,0,40.232067
1427259173,20,0,31.385427
1427259473,53,0,36.616558
1427259773,19,0,27.462929
1427260073,16,0,24.82062
1427260373,24,0,30.822023
1427260673,21,0,32.02386
1427260973,25,0,31.349775
1427261273,9,0,33.75826
1427261573,10,0,27.979006
1427261873,19,0,26.050133
1427262173,26,0,24.312304
1427262473,15,0,22.73275
1427262773,11,0,29.612911
1427263073,18,0,31.051537
1427263373,31,0,24.912453
1427263673,13,0,34.033905
1427263973,19,0,21.63838
1427264273,18,0,27.59134
1427264573,13,0,34.31931
1427264873,26,0,25.301481
1427265173,12,0,31.190311
1427265473,27,0,33.91989
1427265773,17,0,25.040524
1427266073,30,0,35.172245
1427266373,15,0,29.713829
1427266673,24,0,26.431807
1427266973,12,0,23.098148
1427267273,20,0,32.70204
1427267573,14,0,27.272003
1427267873,15,0,27.009531
1427268173,26,0,26.098063
1427268473,18,0,26.383198
1427268773,5,0,23.082493
1427269073,9,0,34.35183
1427269373,14,0,22.585764
1427269673,18,0,34.3109
1427269973,13,0,26.547638
1427270273,12,0,20.76803
1427270573,17,0,25.556284
1427270873,10,0,20.899988
1427271173,15,0,23.33297
1427271473,11,0,22.54496
1427271773,9,0,19.82112
1427272073,9,0,23.835398
1427272373,10,0,22.216755
1427272673,13,0,29.248459
1427272973,14,0,24.051529
1427273273,13,0,19.949749
1427273573,13,0,37.35415
1427273873,24,0,25.714115
1427274173,14,0,20.823755
1427274473,16,0,25.385937
1427274773,16,0,22.886982
1427275073,16,0,26.465666
1427275373,16,0,26.483147
1427275673,38,0,27.31417
1427275973,11,0,40.77123
1427276273,21,0,33.920273
1427276573,12,0,21.759647
1427276873,15,0,21.3805
1427277173,28,0,28.568148
1427277473,37,0,34.21135
1427277773,11,0,16.305231
1427278073,17,0,29.847666
1427278373,19,0,21.410398
1427278673,25,0,23.406487
1427278973,28,0,28.198391
1427279273,24,0,15.460029
1427279573,30,0,30.43875
1427279873,22,0,35.149204
1427280173,17,0,21.40257
1427280473,32,0,36.03148
1427280773,24,0,34.226295
1427281073,20,0,30.740883
1427281373,38,0,30.865194
1427281673,36,0,33.93537
1427281973,31,0,30.18195
1427282273,20,0,29.934937
1427282573,19,0,24.65436
1427282873,23,0,26.857344
1427283173,25,0,19.7715
1427283473,23,0,34.402145
1427283773,21,0,29.077602
1427284073,25,0,20.448544
1427284373,20,0,38.47859
1427284673,35,0,12.011321
1427284973,46,0,34.989674
1427285273,39,0,23.519875
1427285573,33,0,34.38132
1427285873,44,0,34.530903
1427286173,31,0,32.844303
1427286473,23,0,34.145256
1427286773,29,0,34.435455
1427287073,41,0,26.802187
1427287373,29,0,37.84729
1427287673,25,0,32.273453
1427287973,32,0,30.85187
1427288273,33,0,37.083908
1427288573,34,0,31.029963
1427288873,34,0,31.509552
1427289173,30,0,28.780558
1427289473,27,0,34.201786
1427289773,57,0,41.28782
1427290073,61,0,36.612434
1427290373,52,0,37.08309
1427290673,42,0,31.526798
1427290973,53,0,36.99834
1427291273,48,0,27.30476
1427291573,78,0,44.116276
1427291873,59,0,54.989994
1427292173,45,0,52.067947
1427292473,39,0,49.66318
1427292773,42,0,43.610607
1427293073,37,0,45.196507
1427293373,38,0,55.279797
1427293673,52,0,38.085403
1427293973,40,0,39.77506
1427294273,38,0,39.17868
1427294573,34,0,41.21623
1427294873,43,0,53.19773
1427295173,55,0,40.625893
1427295473,84,0,42.87564
1427295773,82,0,70.97178
1427296073,74,0,55.06509
1427296373,60,0,54.471703
1427296673,99,0,44.55849
1427296973,71,0,54.567127
1427297273,56,0,59.474106
1427297573,47,0,57.654263
1427297873,52,0,41.33607
1427298173,48,0,45.71198
1427298473,48,0,54.390617
1427298773,54,0,56.110302
1427299073,78,0,54.86026
1427299373,37,0,55.056286
1427299673,49,0,62.206512
1427299973,48,0,46.892773
1427300273,45,0,47.237957
1427300573,50,0,46.46202
1427300873,45,0,52.257526
1427301173,46,0,45.507298
1427301473,58,0,48.551674
1427301773,46,0,52.609295
1427302073,47,0,55.0987
1427302373,65,0,47.76587
1427302673,82,0,54.911564
1427302973,53,0,61.166664
1427303273,56,0,48.045097
1427303573,58,0,56.784794
1427303873,57,0,56.445145
1427304173,47,0,52.994633
1427304473,51,0,48.052517
1427304773,36,0,48.42159
1427305073,52,0,52.860214
1427305373,39,0,53.09387
1427305673,52,0,55.42085
1427305973,37,0,54.194393
1427306273,51,0,46.215584
1427306573,37,0,53.400753
1427306873,30,0,48.317265
1427307173,52,0,51.04951
1427307473,41,0,55.365513
1427307773,54,0,50.30498
1427308073,40,0,43.582237
1427308373,63,0,39.738026
1427308673,53,0,53.04114
1427308973,53,0,48.78979
1427309273,76,0,60.28306
1427309573,61,0,71.91296
1427309873,61,0,53.630733
1427310173,66,0,59.997765
1427310473,94,0,51.898777
1427310773,58,0,64.469376
1427311073,70,0,55.520283
1427311373,59,0,58.231316
1427311673,61,0,64.28733
1427311973,88,0,63.17148
1427312273,70,0,76.76497
1427312573,67,0,56.84335
1427312873,49,0,62.133186
1427313173,65,0,45.215645
1427313473,75,0,61.04812
1427313773,69,0,69.54733
1427314073,63,0,58.68633
1427314373,49,0,71.801994
1427314673,61,0,55.577408
1427314973,56,0,57.96655
1427315273,66,0,68.12675
1427315573,43,0,70.00319
1427315873,48,0,61.540897
1427316173,55,0,54.828854
1427316473,50,0,54.208736
1427316773,76,0,52.152153
1427317073,69,0,64.525
1427317373,71,0,67.154915
1427317673,53,0,64.30619
1427317973,61,0,52.68029
1427318273,70,0,53.51136
1427318573,55,0,57.956806
1427318873,58,0,62.92431
1427319173,53,0,56.502556
1427319473,51,0,57.120605
1427319773,42,0,61.2914
1427320073,45,0,46.9881
1427320373,46,0,57.70042
1427320673,81,1,47.85799
1427320973,40,0,63.355827
1427321273,31,0,49.88685
1427321573,46,0,41.96664
1427321873,36,0,52.270542
1427322173,75,1,46.50425
1427322473,40,0,54.912205
1427322773,71,0,41.492023
1427323073,102,0,53.08333
1427323373,58,0,63.067936
1427323673,56,0,55.11176
1427323973,47,0,48.346924
1427324273,77,0,52.34648
1427324573,55,0,62.496178
1427324873,56,0,45.6174
1427325173,41,0,52.999958
1427325473,37,0,50.84683
1427325773,29,0,50.038166
1427326073,32,0,42.205326
1427326373,35,0,42.824398
1427326673,28,0,43.524456
1427326973,55,0,47.273556
1427327273,39,0,42.438942
1427327573,30,0,47.495285
1427327873,52,0,36.193707
1427328173,41,0,37.228226
1427328473,44,0,38.543274
1427328773,30,0,44.259926
1427329073,25,0,42.45583
1427329373,48,0,40.296017
1427329673,43,0,33.991905
1427329973,29,0,33.421078
1427330273,30,0,36.39072
1427330573,21,0,37.796764
1427330873,29,0,35.500263
1427331173,71,0,39.121758
1427331473,46,0,37.25176
1427331773,30,0,36.102474
1427332073,36,0,27.478018
1427332373,29,0,36.721355
1427332673,21,0,36.195496
1427332973,26,0,34.591335
1427333273,39,0,31.315397
1427333573,10,0,30.818907
1427333873,32,0,24.971544
1427334173,15,0,37.182056
1427334473,35,0,31.141495
1427334773,42,0,36.873314
1427335073,42,0,30.505226
1427335373,35,0,34.018246
1427335673,20,0,29.120121
1427335973,26,0,31.777216
1427336273,23,0,33.72719
1427336573,33,0,29.081142
1427336873,40,0,24.776423
1427337173,77,1,28.845041
1427337473,36,0,36.403522
1427337773,33,0,34.547783
1427338073,33,0,33.788742
1427338373,39,0,30.852959
1427338673,56,0,33.990288
1427338973,32,0,29.71037
1427339273,42,0,31.127956
1427339573,43,0,33.46454
1427339873,33,0,35.78703
1427340173,28,0,34.07337
1427340473,26,0,25.071333
1427340773,23,0,29.511063
1427341073,35,0,27.011198
1427341373,32,0,33.368008
1427341673,30,0,26.842272
1427341973,721,1,31.72801
1427342273,113,0,53.306126
1427342573,85,1,35.394547
1427342873,55,0,35.169273
1427343173,38,0,31.594212
1427343473,48,0,37.158173
1427343773,33,0,37.379616
1427344073,38,0,27.311209
1427344373,62,0,36.473995
1427344673,38,0,33.17575
1427344973,42,0,37.32246
1427345273,24,0,33.858974
1427345573,34,0,35.01458
1427345873,44,0,28.604462
1427346173,53,0,30.047668
1427346473,27,0,29.14117
1427346773,21,0,33.777645
1427347073,27,0,37.01675
1427347373,20,0,38.373455
1427347673,51,0,35.4282
1427347973,28,0,31.351746
1427348273,22,0,27.889725
1427348573,24,0,29.883282
1427348873,26,0,32.997456
1427349173,26,0,35.458363
1427349473,39,0,30.987085
1427349773,35,0,18.242235
1427350073,42,0,24.092796
1427350373,35,0,33.280582
1427350673,34,0,34.35827
1427350973,22,0,34.09637
1427351273,31,0,27.97447
1427351573,16,0,27.655504
1427351873,24,0,30.316303
1427352173,21,0,27.085892
1427352473,15,0,32.160316
1427352773,29,0,35.43231
1427353073,31,0,27.653776
1427353373,21,0,26.127188
1427353673,19,0,27.864754
1427353973,24,0,31.630274
1427354273,17,0,30.104382
1427354573,11,0,31.447992
1427354873,26,0,27.907898
1427355173,22,0,29.695187
1427355473,19,0,28.60614
1427355773,18,0,33.5742
1427356073,17,0,30.53036
1427356373,13,0,30.25348
1427356673,25,0,26.423346
1427356973,16,0,26.370565
1427357273,20,0,28.446398
1427357573,23,0,29.754602
1427357873,12,0,28.84211
1427358173,21,0,27.549915
1427358473,19,0,27.037558
1427358773,31,0,26.117006
1427359073,12,0,25.565529
1427359373,11,0,28.03757
1427359673,21,0,28.1465
1427359973,13,1,30.483267
1427360273,26,0,26.963396
1427360573,16,0,24.597977
1427360873,13,0,24.792442
1427361173,14,0,27.275711
1427361473,25,0,28.25728
1427361773,16,0,31.601141
1427362073,11,0,26.238216
1427362373,32,0,24.042496
1427362673,16,0,27.290676
1427362973,20,0,29.66281
1427363273,20,0,30.130945
1427363573,30,0,24.795958
1427363873,23,0,25.731459
1427364173,42,0,28.027504
1427364473,18,0,24.553509
1427364773,28,0,29.020294
1427365073,15,0,36.43089
1427365373,33,0,31.002604
1427365673,21,0,27.34324
1427365973,18,0,29.270336
1427366273,27,0,30.349709
1427366573,20,0,29.909843
1427366873,35,0,34.863613
1427367173,18,0,38.79451
1427367473,36,0,36.122467
1427367773,29,0,35.544167
1427368073,30,0,34.170315
1427368373,37,0,31.632753
1427368673,34,0,33.925198
1427368973,24,0,35.79479
1427369273,37,0,36.79898
1427369573,24,0,32.865402
1427369873,21,0,30.657986
1427370173,13,0,38.41986
1427370473,24,0,37.148163
1427370773,22,0,36.536457
1427371073,34,0,37.16523
1427371373,18,0,34.160095
1427371673,32,0,37.957634
1427371973,42,0,32.660854
1427372273,31,0,34.071056
1427372573,24,0,31.788961
1427372873,30,0,27.210402
1427373173,26,0,28.761177
1427373473,23,0,31.938898
1427373773,30,0,28.864231
1427374073,33,0,33.449486
1427374373,17,0,35.09199
1427374673,46,0,37.714733
1427374973,44,0,33.572292
1427375273,31,0,36.93923
1427375573,34,0,39.696648
1427375873,25,0,43.144497
1427376173,30,0,36.197628
1427376473,48,0,40.404846
1427376773,35,0,37.52311
1427377073,52,0,40.105293
1427377373,42,0,36.455677
1427377673,55,0,36.973988
1427377973,46,0,45.301083
1427378273,51,0,38.733208
1427378573,32,0,44.975777
1427378873,32,0,44.711945
1427379173,25,0,34.44614
1427379473,29,0,40.504333
1427379773,31,0,43.534344
1427380073,39,0,36.880173
1427380373,57,0,38.11711
1427380673,38,0,47.2392
1427380973,38,0,45.701706
1427381273,49,0,42.208626
1427381573,25,0,43.958008
1427381873,68,0,45.13101
1427382173,38,0,48.513447
1427382473,40,0,49.825584
1427382773,48,0,43.27339
1427383073,24,0,47.930954
1427383373,31,0,37.042553
1427383673,44,0,37.54851
1427383973,36,0,43.472813
1427384273,34,0,45.19993
1427384573,48,0,43.235714
1427384873,31,0,42.16069
1427385173,75,1,45.062813
1427385473,54,0,48.11842
1427385773,43,0,53.301945
1427386073,56,0,47.22009
1427386373,36,0,44.0246
1427386673,42,0,49.12021
1427386973,31,0,41.1905
1427387273,81,1,35.06502
1427387573,61,0,51.91215
1427387873,78,0,50.662533
1427388173,69,0,50.3831
1427388473,58,0,45.8127
1427388773,61,0,54.315742
1427389073,73,0,49.404118
1427389373,33,0,51.522625
1427389673,77,1,40.163773
1427389973,55,0,49.08941
1427390273,58,0,52.972954
1427390573,53,0,50.449226
1427390873,33,0,48.59898
1427391173,38,0,42.113934
1427391473,32,0,48.848846
1427391773,46,0,47.658737
1427392073,27,0,53.507717
1427392373,30,0,39.048317
1427392673,125,1,44.899174
1427392973,858,1,52.512737
1427393273,415,1,70.78505
1427393573,218,1,72.155304
1427393873,135,0,75.528824
1427394173,97,0,71.74283
1427394473,112,0,65.94724
1427394773,86,0,77.14153
1427395073,76,0,72.81897
1427395373,79,0,61.099174
1427395673,104,0,61.514156
1427395973,133,0,67.07235
1427396273,144,0,67.73287
1427396573,106,0,64.06062
1427396873,100,0,80.48902
1427397173,99,0,74.79532
1427397473,94,0,81.69889
1427397773,96,0,70.717804
1427398073,95,0,63.206062
1427398373,92,0,70.267365
1427398673,73,0,68.496925
1427398973,79,0,57.30802
1427399273,84,0,61.0055
1427399573,55,0,70.471176
1427399873,76,0,66.182816
1427400173,56,0,63.669376
1427400473,64,0,56.921978
1427400773,58,0,73.88328
1427401073,68,0,70.629005
1427401373,46,0,57.172638
1427401673,50,0,49.334953
1427401973,50,0,52.25874
1427402273,59,0,60.30198
1427402573,66,0,67.468414
1427402873,73,0,50.872578
1427403173,83,0,55.959675
1427403473,69,0,67.450195
1427403773,82,0,53.376205
1427404073,61,0,55.108986
1427404373,61,0,51.813713
1427404673,84,0,51.30806
1427404973,49,0,48.97559
1427405273,50,0,55.196167
1427405573,46,0,55.275604
1427405873,159,1,54.688915
1427406173,84,0,59.203835
1427406473,65,0,60.96004
1427406773,39,0,58.7718
1427407073,49,0,48.379883
1427407373,100,0,48.89914
1427407673,69,0,57.86022
1427407973,50,0,69.64107
1427408273,41,0,46.592953
1427408573,73,0,50.058483
1427408873,56,0,38.708363
1427409173,60,0,49.82627
1427409473,59,0,54.48444
1427409773,31,0,43.510815
1427410073,41,0,46.02596
1427410373,48,0,49.703655
1427410673,48,0,53.947487
1427410973,47,0,51.052742
1427411273,78,0,50.385326
1427411573,33,0,44.022396
1427411873,36,0,43.49268
1427412173,39,0,47.78422
1427412473,105,1,49.879894
1427412773,91,0,65.69984
1427413073,75,0,49.05342
1427413373,57,0,62.92564
1427413673,47,0,46.645008
1427413973,25,0,45.640125
1427414273,46,0,37.127396
1427414573,43,0,42.53245
1427414873,47,0,45.75689
1427415173,42,0,36.50849
1427415473,49,0,39.967876
1427415773,41,0,41.112373
1427416073,41,0,35.50693
1427416373,43,0,40.32666
1427416673,29,0,43.28039
1427416973,53,0,45.688488
1427417273,48,0,49.55194
1427417573,32,0,40.34777
1427417873,41,0,35.250404
1427418173,32,0,54.22925
1427418473,37,0,35.708576
1427418773,52,0,44.072678
1427419073,56,0,38.873734
1427419373,47,0,42.66616
1427419673,63,0,36.327606
1427419973,48,0,51.578632
1427420273,38,0,50.45813
1427420573,30,0,37.339176
1427420873,25,0,39.53192
1427421173,41,0,34.58757
1427421473,51,0,30.310701
1427421773,47,0,34.492542
1427422073,30,0,37.647335
1427422373,42,0,37.771744
1427422673,45,0,37.143463
1427422973,33,0,37.276947
1427423273,78,1,35.129925
1427423573,55,0,35.399273
1427423873,47,0,38.65913
1427424173,54,0,34.778076
1427424473,44,0,34.507404
1427424773,33,0,39.438427
1427425073,36,0,36.036858
1427425373,42,0,35.611008
1427425673,28,0,33.983654
1427425973,25,0,35.4459
1427426273,26,0,37.80378
1427426573,35,0,35.921722
1427426873,21,0,40.39124
1427427173,16,0,31.593498
1427427473,27,0,30.952158
1427427773,315,1,38.82141
1427428073,114,0,72.74703
1427428373,123,1,48.58133
1427428673,75,0,43.692505
1427428973,46,0,43.128628
1427429273,33,0,37.614815
1427429573,42,0,42.986042
1427429873,32,0,36.609524
1427430173,25,0,40.101757
1427430473,38,0,36.72507
1427430773,26,0,40.076366
1427431073,26,0,36.536293
1427431373,52,0,40.105305
1427431673,40,0,39.988674
1427431973,22,0,30.380486
1427432273,42,0,36.654625
1427432573,40,0,40.487984
1427432873,22,0,38.21996
1427433173,32,0,42.280415
1427433473,17,0,34.265358
1427433773,18,0,36.54709
1427434073,39,0,33.011097
1427434373,29,0,31.106735
1427434673,49,0,33.29169
1427434973,32,0,39.882545
1427435273,26,0,33.42386
1427435573,21,0,32.815205
1427435873,27,0,24.253922
1427436173,30,0,31.529789
1427436473,29,0,30.42957
1427436773,43,0,31.575808
1427437073,25,0,31.95451
1427437373,32,0,28.193707
1427437673,37,0,25.029413
1427437973,19,0,26.350025
1427438273,25,0,27.940245
1427438573,26,0,26.008469
1427438873,31,0,27.64007
1427439173,28,0,27.171097
1427439473,43,0,28.28576
1427439773,21,0,28.40236
1427440073,33,0,28.713478
1427440373,31,0,26.753826
1427440673,24,0,30.98689
1427440973,20,0,20.40918
1427441273,15,0,27.485573
1427441573,18,0,24.947403
1427441873,20,0,26.157276
1427442173,27,0,31.24622
1427442473,22,0,25.424059
1427442773,18,0,30.075027
1427443073,20,0,28.61286
1427443373,15,0,27.32797
1427443673,15,0,27.673374
1427443973,20,0,29.902035
1427444273,191,1,22.124723
1427444573,462,1,26.033457
1427444873,212,1,65.10971
1427445173,127,1,47.410614
1427445473,100,1,37.719822
1427445773,105,1,37.693893
1427446073,75,0,43.46671
1427446373,103,1,42.055668
1427446673,104,1,42.5167
1427446973,63,0,34.17874
1427447273,83,0,34.580727
1427447573,62,0,40.87199
1427447873,74,0,39.74465
1427448173,75,0,45.589836
1427448473,62,0,52.2514
1427448773,57,0,35.666027
1427449073,70,0,40.498802
1427449373,47,0,44.126236
1427449673,48,0,37.695454
1427449973,60,0,45.623913
1427450273,52,0,46.86849
1427450573,55,0,40.221592
1427450873,59,0,40.07763
1427451173,58,0,47.89888
1427451473,64,0,42.115547
1427451773,51,0,43.441696
1427452073,51,0,35.647034
1427452373,60,0,44.120083
1427452673,67,0,48.765533
1427452973,63,0,40.48757
1427453273,70,0,41.723766
1427453573,53,0,37.41523
1427453873,69,0,57.15568
1427454173,65,0,46.10819
1427454473,42,0,46.33228
1427454773,58,0,39.213524
1427455073,46,0,41.277145
1427455373,58,0,48.34614
1427455673,58,0,37.385494
1427455973,53,0,42.567917
1427456273,53,0,47.004124
1427456573,62,0,51.669556
1427456873,59,0,56.11943
1427457173,48,0,74.78753
1427457473,80,0,52.13425
1427457773,57,0,52.87251
1427458073,67,0,51.481853
1427458373,45,0,50.872913
1427458673,57,0,50.355186
1427458973,48,0,50.65679
1427459273,60,0,44.71777
1427459573,57,0,54.211723
1427459873,61,0,49.960373
1427460173,49,0,42.800816
1427460473,54,0,50.16385
1427460773,59,0,57.20015
1427461073,73,0,63.68869
1427461373,70,0,57.15658
1427461673,63,0,66.89848
1427461973,90,0,64.33089
1427462273,75,0,68.59406
1427462573,58,0,53.320496
1427462873,60,0,56.869488
1427463173,57,0,64.684875
1427463473,65,0,60.350975
1427463773,71,0,65.80028
1427464073,68,0,55.170174
1427464373,57,0,73.42101
1427464673,104,0,66.269905
1427464973,75,0,58.832314
1427465273,78,0,63.879852
1427465573,403,1,58.038956
1427465873,320,1,73.5146
1427466173,186,1,91.72813
1427466473,137,0,75.06606
1427466773,103,0,78.41058
1427467073,638,1,72.068214
1427467373,1147,1,115.22708
1427467673,780,1,148.77316
1427467973,252,0,153.95363
1427468273,211,0,126.826195
1427468573,161,0,117.755844
1427468873,127,0,134.39244
1427469173,150,0,154.64978
1427469473,186,0,119.64968
1427469773,181,0,130.07278
1427470073,186,0,136.4633
1427470373,130,0,109.89876
1427470673,157,0,105.961426
1427470973,116,0,112.54799
1427471273,103,0,126.86803
1427471573,94,0,113.98341
1427471873,97,0,131.7372
1427472173,97,0,132.71681
1427472473,93,0,113.15477
1427472773,220,0,119.00491
1427473073,179,0,142.91383
1427473373,113,0,137.06528
1427473673,104,0,158.48169
1427473973,106,0,119.32227
1427474273,179,0,126.44958
1427474573,101,0,136.13454
1427474873,106,0,112.08669
1427475173,112,0,135.4086
1427475473,110,0,96.22302
1427475773,122,0,103.22435
1427476073,131,0,101.74318
1427476373,104,0,129.85074
1427476673,74,0,93.48889
1427476973,509,1,92.42546
1427477273,236,0,150.2125
1427477573,156,0,146.48785
1427477873,155,0,119.61765
1427478173,114,0,144.746
1427478473,100,0,129.33308
1427478773,115,0,106.64197
1427479073,106,0,104.03181
1427479373,93,0,113.21922
1427479673,125,0,129.74051
1427479973,108,0,149.25859
1427480273,91,0,107.157234
1427480573,76,0,106.26592
1427480873,75,0,117.059166
1427481173,89,0,107.22007
1427481473,74,0,102.91157
1427481773,86,0,109.97235
1427482073,72,0,109.101776
1427482373,78,0,125.44226
1427482673,74,0,101.31119
1427482973,121,0,105.20884
1427483273,91,0,96.74053
1427483573,81,0,144.77312
1427483873,57,0,110.34768
1427484173,85,0,120.67346
1427484473,64,0,91.39941
1427484773,66,0,104.17938
1427485073,69,0,104.111206
1427485373,61,0,102.75359
1427485673,75,0,88.73795
1427485973,71,0,102.51936
1427486273,90,0,92.985756
1427486573,59,0,105.19036
1427486873,43,0,146.49126
1427487173,45,0,89.19196
1427487473,65,0,113.37951
1427487773,56,0,126.46725
1427488073,73,0,99.878975
1427488373,49,0,107.24602
1427488673,47,0,101.07513
1427488973,62,0,127.63458
1427489273,85,0,113.88952
1427489573,79,0,121.17521
1427489873,70,0,104.188255
1427490173,73,0,118.32582
1427490473,51,0,103.05169
1427490773,39,0,77.75279
1427491073,295,1,73.02014
1427491373,422,1,124.148964
1427491673,432,1,135.73195
1427491973,423,1,145.01343
1427492273,399,1,124.97276
1427492573,48,0,152.47974
1427492873,36,0,114.42537
1427493173,45,0,114.35503
1427493473,78,0,84.59431
1427493773,51,0,101.61518
1427494073,43,0,86.734886
1427494373,48,0,108.24758
1427494673,36,0,101.218155
1427494973,51,0,108.18524
1427495273,36,0,114.98905
1427495573,53,0,85.46984
1427495873,53,0,109.61748
1427496173,43,0,86.58745
1427496473,41,0,95.03693
1427496773,41,0,78.04335
1427497073,63,0,96.03642
1427497373,44,0,89.55461
1427497673,69,0,113.39392
1427497973,49,0,83.993904
1427498273,32,0,90.04422
1427498573,49,0,94.54964
1427498873,50,0,74.64907
1427499173,56,0,96.63704
1427499473,64,0,66.97614
1427499773,68,0,68.643105
1427500073,38,0,66.9178
1427500373,53,0,55.154655
1427500673,52,0,51.850327
1427500973,50,0,95.94532
1427501273,62,0,39.972507
1427501573,56,0,64.15768
1427501873,61,0,69.211334
1427502173,53,0,105.90309
1427502473,48,0,70.9141
1427502773,48,0,69.082146
1427503073,46,0,59.052532
1427503373,44,0,48.514076
1427503673,113,0,62.932335
1427503973,73,0,96.10596
1427504273,135,0,79.043045
1427504573,36,0,100.5003
1427504873,48,0,58.818615
1427505173,37,0,43.705814
1427505473,38,0,70.71245
1427505773,37,0,77.25218
1427506073,30,0,64.79224
1427506373,39,0,33.01133
1427506673,35,0,57.865215
1427506973,36,0,47.22842
1427507273,27,0,39.516872
1427507573,55,0,31.371548
1427507873,53,0,44.493557
1427508173,112,0,41.642376
1427508473,38,0,65.89998
1427508773,37,0,72.17993
1427509073,57,0,54.78499
1427509373,48,0,60.31607
1427509673,43,0,85.67854
1427509973,52,0,47.456127
1427510273,34,0,46.589264
1427510573,45,0,51.421555
1427510873,45,0,51.633682
1427511173,28,0,54.818405
1427511473,42,0,59.61483
1427511773,28,0,55.74285
1427512073,29,0,46.046993
1427512373,43,0,37.45843
1427512673,36,0,43.377377
1427512973,42,0,56.39837
1427513273,32,0,44.173016
1427513573,45,0,32.959606
1427513873,46,0,37.748974
1427514173,52,0,44.616383
1427514473,28,0,38.931267
1427514773,29,0,43.597614
1427515073,38,0,31.183495
1427515373,25,0,34.25016
1427515673,28,0,32.26487
1427515973,25,0,60.770145
1427516273,20,0,54.082848
1427516573,26,0,44.55316
1427516873,32,0,45.090076
1427517173,26,0,47.158318
1427517473,13,0,45.347397
1427517773,14,0,55.052963
1427518073,17,0,40.60527
1427518373,27,0,48.80324
1427518673,23,0,43.806206
1427518973,29,0,44.68138
1427519273,30,0,48.358215
1427519573,30,0,46.165497
1427519873,39,0,46.650925
1427520173,21,0,57.791176
1427520473,17,0,48.532055
1427520773,18,0,39.80719
1427521073,21,0,53.840797
1427521373,10,0,39.14979
1427521673,12,0,48.268173
1427521973,9,0,39.385406
1427522273,28,0,34.508194
1427522573,21,0,35.463978
1427522873,12,0,36.361576
1427523173,39,0,46.34432
1427523473,25,0,32.078335
1427523773,5,0,42.828907
1427524073,24,0,37.794003
1427524373,15,0,44.24397
1427524673,21,0,41.644936
1427524973,40,0,48.782883
1427525273,24,0,45.291275
1427525573,23,0,30.604918
1427525873,28,0,48.60718
1427526173,30,0,54.095467
1427526473,17,0,45.60153
1427526773,36,0,44.596073
1427527073,16,0,59.290676
1427527373,21,0,41.62663
1427527673,21,0,46.774494
1427527973,27,0,46.340294
1427528273,11,0,38.85543
1427528573,21,0,41.73182
1427528873,18,0,43.825512
1427529173,8,0,40.396545
1427529473,19,0,35.842823
1427529773,13,0,34.25104
1427530073,20,0,36.756046
1427530373,11,0,39.70104
1427530673,16,0,40.90315
1427530973,20,0,42.37523
1427531273,19,0,44.083054
1427531573,26,0,38.09153
1427531873,16,0,34.648354
1427532173,9,0,35.89757
1427532473,26,0,44.247414
1427532773,17,0,37.008667
1427533073,22,0,48.921406
1427533373,11,0,38.264187
1427533673,30,0,39.956566
1427533973,16,0,47.821205
1427534273,18,0,49.87625
1427534573,26,0,36.121365
1427534873,10,0,37.836365
1427535173,15,0,38.959244
1427535473,21,0,38.964283
1427535773,37,0,39.695595
1427536073,33,0,46.64076
1427536373,16,0,49.87532
1427536673,15,0,44.20577
1427536973,21,0,46.422054
1427537273,33,0,47.358826
1427537573,29,0,62.709663
1427537873,18,0,54.316338
1427538173,22,0,48.569885
1427538473,18,0,56.49533
1427538773,21,0,39.306557
1427539073,23,0,26.617817
1427539373,14,0,46.909496
1427539673,15,0,58.906693
1427539973,12,0,51.831463
1427540273,26,0,34.34801
1427540573,15,0,43.554398
1427540873,13,0,54.129284
1427541173,29,0,59.099133
1427541473,21,0,51.93555
1427541773,19,0,64.78836
1427542073,28,0,47.260727
1427542373,28,0,75.81996
1427542673,10,0,98.11732
1427542973,27,0,78.67395
1427543273,16,0,86.998024
1427543573,17,0,91.94747
1427543873,34,0,63.758972
1427544173,50,0,73.69571
1427544473,21,0,71.56865
1427544773,42,0,58.880985
1427545073,34,0,45.341496
1427545373,24,0,65.95134
1427545673,29,0,48.157112
1427545973,34,0,48.506104
1427546273,29,0,42.15048
1427546573,28,0,43.592358
1427546873,43,0,58.278877
1427547173,23,0,58.263462
1427547473,50,0,46.28036
1427547773,61,0,65.53428
1427548073,23,0,65.90051
1427548373,30,0,53.07505
1427548673,59,0,49.824547
1427548973,14,0,54.30351
1427549273,43,0,38.65175
1427549573,40,0,72.12409
1427549873,34,0,68.301895
1427550173,21,0,55.717403
1427550473,25,0,41.568535
1427550773,21,0,52.073715
1427551073,32,0,50.129543
1427551373,49,0,52.961967
1427551673,27,0,78.77693
1427551973,24,0,62.897106
1427552273,34,0,73.63625
1427552573,40,0,74.96686
1427552873,36,0,68.9963
1427553173,24,0,55.028755
1427553473,35,0,52.93838
1427553773,40,0,31.439344
1427554073,31,0,38.387234
1427554373,31,0,32.895107
1427554673,64,0,55.14329
1427554973,31,0,77.82931
1427555273,53,0,54.2885
1427555573,33,0,72.316185
1427555873,20,0,76.702705
1427556173,27,0,55.120277
1427556473,62,0,29.838367
1427556773,34,0,55.456684
1427557073,25,0,44.99944
1427557373,48,0,35.826763
1427557673,41,0,38.025524
1427557973,30,0,39.196762
1427558273,92,0,49.540142
1427558573,43,0,47.11272
1427558873,31,0,47.1902
1427559173,42,0,36.85997
1427559473,30,0,39.466385
1427559773,48,0,33.3387
1427560073,64,0,35.9994
1427560373,81,0,46.798607
1427560673,52,0,35.130127
1427560973,80,0,43.604336
1427561273,57,0,40.519203
1427561573,59,0,48.961735
1427561873,159,1,40.500893
1427562173,363,1,77.403046
1427562473,110,0,76.06992
1427562773,86,0,77.029755
1427563073,69,0,65.293465
1427563373,81,1,43.094868
1427563673,83,0,46.655804
1427563973,43,0,46.985264
1427564273,61,0,40.751118
1427564573,65,0,56.916054
1427564873,49,0,46.291817
1427565173,76,0,43.632965
1427565473,46,0,45.511555
1427565773,63,0,50.01462
1427566073,38,0,40.04911
1427566373,67,1,38.379807
1427566673,50,0,58.866283
1427566973,66,0,69.21821
1427567273,30,0,91.84636
1427567573,46,0,52.850075
1427567873,44,0,59.700394
1427568173,57,0,65.0758
1427568473,41,0,49.177013
1427568773,72,0,41.742107
1427569073,46,0,59.850727
1427569373,57,0,40.580357
1427569673,63,0,43.04101
1427569973,60,0,49.52965
1427570273,41,0,46.36919
1427570573,42,0,40.19556
1427570873,43,0,38.121685
1427571173,66,0,40.967865
1427571473,70,0,61.475986
1427571773,48,0,61.69027
1427572073,36,0,43.644176
1427572373,34,0,46.680508
1427572673,47,0,41.45619
1427572973,48,0,49.569378
1427573273,46,0,40.847393
1427573573,29,0,44.207554
1427573873,39,0,38.35833
1427574173,33,0,39.11769
1427574473,26,0,42.62063
1427574773,32,0,38.28886
1427575073,13,0,34.66354
1427575373,38,0,29.616896
1427575673,31,0,39.984085
1427575973,22,0,33.256737
1427576273,29,0,30.776018
1427576573,24,0,37.00578
1427576873,23,0,35.013412
1427577173,54,0,33.595985
1427577473,29,0,37.749405
1427577773,19,0,35.557056
1427578073,40,0,27.909534
1427578373,24,0,31.715525
1427578673,44,0,51.72036
1427578973,47,0,29.368364
1427579273,50,0,48.507458
1427579573,35,0,55.449
1427579873,20,0,36.680645
1427580173,37,0,32.046852
1427580473,28,0,34.980713
1427580773,22,0,32.976727
1427581073,32,0,32.218624
1427581373,26,0,30.320927
1427581673,46,0,28.46771
1427581973,60,0,41.94581
1427582273,73,0,36.34195
1427582573,355,1,40.90609
1427582873,149,1,54.8211
1427583173,89,0,62.024742
1427583473,75,0,54.002537
1427583773,57,0,47.216225
1427584073,66,0,40.77683
1427584373,60,0,43.70401
1427584673,65,0,41.538944
1427584973,47,0,42.659866
1427585273,36,0,32.965088
1427585573,47,0,30.076302
1427585873,31,0,31.54132
1427586173,38,0,33.190887
1427586473,43,0,31.922607
1427586773,63,1,30.447208
1427587073,43,0,34.006733
1427587373,31,0,28.299633
1427587673,35,0,31.294573
1427587973,78,0,41.329018
1427588273,42,0,49.64131
1427588573,39,0,36.001007
1427588873,44,0,34.07325
1427589173,50,0,35.98187
1427589473,56,0,44.15943
1427589773,35,0,39.548584
1427590073,42,0,36.755226
1427590373,49,0,40.50406
1427590673,56,0,40.73959
1427590973,41,0,40.447807
1427591273,39,0,30.684834
1427591573,42,0,33.05993
1427591873,25,0,29.050907
1427592173,32,0,33.535694
1427592473,37,0,32.511856
1427592773,38,0,30.451881
1427593073,17,0,30.937382
1427593373,28,0,34.973904
1427593673,35,0,31.479967
1427593973,26,0,37.79989
1427594273,46,0,34.95522
1427594573,45,0,31.770798
1427594873,35,0,42.29544
1427595173,17,0,39.52273
1427595473,21,0,33.17691
1427595773,20,0,33.263855
1427596073,25,0,30.403372
1427596373,40,0,31.352648
1427596673,36,0,31.253489
1427596973,24,0,36.342575
1427597273,28,0,34.0029
1427597573,22,0,36.046505
1427597873,26,0,30.66905
1427598173,28,0,29.233107
1427598473,25,0,26.299662
1427598773,22,0,24.472862
1427599073,45,0,30.701765
1427599373,35,0,31.139427
1427599673,42,0,31.212694
1427599973,25,0,36.19621
1427600273,46,1,29.12322
1427600573,27,0,36.95252
1427600873,17,1,35.60319
1427601173,27,0,32.253227
1427601473,18,0,31.59536
1427601773,44,0,29.372843
1427602073,50,1,31.259703
1427602373,34,0,35.531765
1427602673,28,0,40.090412
1427602973,24,0,43.393845
1427603273,26,0,31.57732
1427603573,29,0,28.07361
1427603873,30,0,29.932299
1427604173,23,0,32.19154
1427604473,19,0,28.7186
1427604773,27,0,28.227568
1427605073,30,0,30.644354
1427605373,26,0,28.496546
1427605673,37,0,29.064665
1427605973,19,0,30.813347
1427606273,22,0,27.720222
1427606573,18,0,31.15007
1427606873,27,0,27.900171
1427607173,17,0,24.523342
1427607473,18,0,27.08117
1427607773,31,0,30.1965
1427608073,27,0,29.69941
1427608373,16,0,31.883867
1427608673,30,0,30.848425
1427608973,19,0,27.51208
1427609273,14,0,26.872492
1427609573,18,0,26.554564
1427609873,27,0,25.41592
1427610173,27,0,27.666079
1427610473,12,0,24.98583
1427610773,12,0,23.203196
1427611073,14,0,26.776201
1427611373,6,1,24.273657
1427611673,13,0,32.95675
1427611973,15,0,24.494246
1427612273,22,0,20.290222
1427612573,32,0,22.201193
1427612873,20,0,20.601706
1427613173,17,0,23.709621
1427613473,25,0,25.306086
1427613773,19,0,25.448488
1427614073,11,0,23.074219
1427614373,20,0,24.455095
1427614673,13,0,19.977139
1427614973,22,0,24.572237
1427615273,21,0,22.196743
1427615573,8,1,24.355389
1427615873,19,0,21.352123
1427616173,13,0,23.556955
1427616473,17,0,23.426508
1427616773,17,0,25.882782
1427617073,22,0,23.312883
1427617373,40,1,21.638445
1427617673,25,0,22.421227
1427617973,19,0,21.637514
1427618273,28,0,23.708008
1427618573,25,0,24.09626
1427618873,12,0,25.545076
1427619173,30,0,23.680254
1427619473,21,0,23.664015
1427619773,19,0,23.433899
1427620073,17,0,23.02443
1427620373,26,0,24.443764
1427620673,27,0,24.735338
1427620973,24,0,26.313
1427621273,15,0,23.031042
1427621573,18,0,22.657541
1427621873,10,0,25.98051
1427622173,10,1,24.812157
1427622473,26,0,26.116531
1427622773,18,0,24.167402
1427623073,19,0,26.619883
1427623373,15,0,22.794142
1427623673,11,0,24.357435
1427623973,19,0,20.630009
1427624273,10,0,18.589417
1427624573,18,0,19.194313
1427624873,13,0,23.714594
1427625173,12,0,22.80368
1427625473,9,0,18.139235
1427625773,28,0,16.296705
1427626073,14,0,21.959988
1427626373,19,0,19.680721
1427626673,31,0,23.317938
1427626973,11,0,20.09984
1427627273,18,0,21.822
1427627573,11,0,22.465605
1427627873,16,0,19.326097
1427628173,14,0,17.606651
1427628473,17,0,18.423988
1427628773,24,0,21.488205
1427629073,22,0,18.14523
1427629373,15,0,24.705622
1427629673,20,0,19.265535
1427629973,18,0,18.881165
1427630273,30,0,22.70281
1427630573,19,0,22.318695
1427630873,38,1,22.255947
1427631173,14,0,36.45602
1427631473,32,0,25.966362
1427631773,15,0,20.486023
1427632073,15,0,27.308004
1427632373,13,0,23.402395
1427632673,23,0,26.20215
1427632973,17,0,22.974928
1427633273,19,0,23.307074
1427633573,24,0,20.309315
1427633873,57,1,26.708956
1427634173,64,0,40.912052
1427634473,69,0,44.882416
1427634773,62,0,41.91458
1427635073,37,0,34.426907
1427635373,41,0,29.465885
1427635673,36,0,36.50033
1427635973,29,0,40.922726
1427636273,28,0,29.195196
1427636573,21,0,28.375614
1427636873,28,0,29.473598
1427637173,38,0,28.969309
1427637473,27,0,31.810646
1427637773,38,0,33.566174
1427638073,32,0,37.523746
1427638373,31,0,39.57368
1427638673,20,0,38.283836
1427638973,36,0,26.075031
1427639273,32,0,31.609983
1427639573,20,0,34.558044
1427639873,44,0,31.501146
1427640173,31,0,36.518875
1427640473,29,0,33.750195
1427640773,21,0,32.71424
1427641073,39,0,29.980547
1427641373,42,0,33.43837
1427641673,44,0,35.307365
1427641973,32,0,41.641045
1427642273,33,0,33.968918
1427642573,33,0,38.287945
1427642873,34,0,35.506245
1427643173,31,0,35.40295
1427643473,29,0,31.894873
1427643773,33,0,34.272243
1427644073,26,0,34.83395
1427644373,24,0,28.871264
1427644673,32,0,26.150023
1427644973,68,1,31.19135
1427645273,58,0,45.41266
1427645573,46,0,36.160107
1427645873,57,0,37.223263
1427646173,34,0,45.754562
1427646473,33,0,50.059113
1427646773,41,0,38.644672
1427647073,31,0,34.89673
1427647373,57,1,36.350937
1427647673,52,0,34.987034
1427647973,23,0,47.195503
1427648273,43,0,35.04514
1427648573,74,1,33.561604
1427648873,33,0,39.789776
1427649173,51,0,36.664894
1427649473,47,0,35.491467
1427649773,37,0,34.23727
1427650073,28,0,29.243677
1427650373,36,0,30.010479
1427650673,41,0,31.940403
1427650973,40,0,31.355318
1427651273,20,0,30.170235
1427651573,51,0,30.044094
1427651873,39,0,36.79959
1427652173,40,0,39.15146
1427652473,52,0,41.737823
1427652773,32,0,35.78369
1427653073,40,0,38.383133
1427653373,48,0,49.641438
1427653673,37,0,39.01017
1427653973,43,0,40.051456
1427654273,40,0,33.363243
1427654573,40,0,36.86654
1427654873,22,0,37.305946
1427655173,33,0,41.519337
1427655473,28,0,37.315224
1427655773,24,0,28.554785
1427656073,29,0,33.829384
1427656373,28,0,40.37447
1427656673,22,0,32.052216
1427656973,30,0,33.59533
1427657273,21,0,30.092983
1427657573,21,0,33.380142
1427657873,47,0,39.012512
1427658173,55,0,39.797436
1427658473,53,0,46.287693
1427658773,86,0,43.13704
1427659073,101,0,58.303722
1427659373,56,0,52.01006
1427659673,51,0,53.211037
1427659973,59,0,47.60934
1427660273,34,0,48.82814
1427660573,40,0,36.059666
1427660873,43,0,32.234127
1427661173,52,0,38.32583
1427661473,45,0,43.010464
1427661773,70,0,46.629597
1427662073,29,0,43.05147
1427662373,23,0,35.39833
1427662673,29,0,31.679548
1427662973,41,0,29.846031
1427663273,66,0,56.06082
1427663573,17,0,46.622746
1427663873,43,0,33.617435
1427664173,34,0,33.51235
1427664473,37,0,32.48191
1427664773,29,0,33.959095
1427665073,37,0,31.162651
1427665373,37,0,32.13079
1427665673,26,0,33.647873
1427665973,26,0,35.053936
1427666273,24,0,29.288465
1427666573,37,0,30.63523
1427666873,23,0,29.972853
1427667173,35,0,26.93204
1427667473,26,0,29.719915
1427667773,30,0,28.344337
1427668073,33,0,29.279379
1427668373,31,0,30.130552
1427668673,30,0,38.123295
1427668973,41,0,27.722862
1427669273,27,0,35.306385
1427669573,39,0,34.488846
1427669873,16,0,31.09419
1427670173,33,0,26.598547
1427670473,34,0,28.80065
1427670773,16,0,29.104874
1427671073,23,0,28.472265
1427671373,23,0,27.651888
1427671673,35,0,22.76473
1427671973,18,0,26.383526
1427672273,28,0,26.46374
1427672573,21,0,29.415958
1427672873,32,0,26.189692
1427673173,40,0,28.756264
1427673473,21,0,34.488914
1427673773,49,0,27.724163
1427674073,21,0,46.72721
1427674373,40,0,31.031439
1427674673,32,0,29.029203
1427674973,21,0,33.188347
1427675273,59,1,27.73482
1427675573,35,0,36.049187
1427675873,26,0,41.45348
1427676173,38,0,32.187016
1427676473,36,0,41.432747
1427676773,30,0,30.809965
1427677073,28,0,28.809208
1427677373,26,0,26.959126
1427677673,32,0,29.123215
1427677973,37,0,29.463554
1427678273,26,0,33.674515
1427678573,23,0,30.817657
1427678873,31,0,28.672256
1427679173,33,0,30.19863
1427679473,29,0,29.852865
1427679773,21,0,31.247072
1427680073,41,0,29.641685
1427680373,27,0,26.469557
1427680673,37,0,25.752466
1427680973,35,0,32.090836
1427681273,29,0,28.776407
1427681573,29,0,26.04726
1427681873,39,0,28.126959
1427682173,30,0,33.67995
1427682473,24,0,28.046854
1427682773,28,0,27.742102
1427683073,20,0,24.850481
1427683373,20,0,26.719526
1427683673,28,0,28.469707
1427683973,19,0,29.586329
1427684273,23,0,25.236813
1427684573,33,0,23.575848
1427684873,29,0,30.618479
1427685173,29,0,25.924942
1427685473,103,1,26.623735
1427685773,60,0,43.91044
1427686073,44,0,44.068882
1427686373,41,0,32.130226
1427686673,26,0,29.141317
1427686973,30,0,32.190613
1427687273,25,0,42.774197
1427687573,21,0,28.815311
1427687873,36,0,28.87915
1427688173,27,0,28.17183
1427688473,26,0,27.304567
1427688773,23,0,32.689903
1427689073,24,0,25.623592
1427689373,25,0,25.100046
1427689673,31,0,24.138533
1427689973,35,0,29.71839
1427690273,26,0,25.181551
1427690573,27,0,25.400629
1427690873,17,0,25.720385
1427691173,12,0,25.172468
1427691473,29,0,20.03901
1427691773,42,0,26.994156
1427692073,13,0,29.426706
1427692373,11,0,24.775131
1427692673,28,0,24.435534
1427692973,16,0,25.57309
1427693273,32,0,25.459654
1427693573,27,0,25.442017
1427693873,32,0,20.308441
1427694173,24,0,31.934814
1427694473,40,0,21.74883
1427694773,14,0,24.537796
1427695073,20,0,26.230007
1427695373,21,0,22.38232
1427695673,41,1,19.631018
1427695973,31,0,30.448551
1427696273,15,0,38.711742
1427696573,34,0,32.437756
1427696873,18,0,31.493074
1427697173,21,0,30.818317
1427697473,45,1,20.26783
1427697773,16,0,40.399464
1427698073,6,0,28.434605
1427698373,13,0,22.877634
1427698673,14,0,20.720194
1427698973,9,0,27.87528
1427699273,9,0,20.479065
1427699573,13,0,18.665493
1427699873,9,0,23.00579
1427700173,10,0,23.812078
1427700473,16,0,18.314793
1427700773,13,0,24.042992
1427701073,7,0,16.523134
1427701373,16,0,23.906973
1427701673,20,0,21.860704
1427701973,10,0,22.501322
1427702273,18,0,17.392103
1427702573,28,0,21.931118
1427702873,24,0,24.180456
1427703173,19,0,25.546537
1427703473,33,0,21.42398
1427703773,9,0,31.312925
1427704073,15,0,21.197823
1427704373,15,0,23.13277
1427704673,36,1,21.17359
1427704973,28,0,35.877476
1427705273,11,0,38.244835
1427705573,37,0,20.461327
1427705873,34,0,38.17143
1427706173,13,0,38.739883
1427706473,22,0,24.036858
1427706773,41,0,28.369633
1427707073,9,0,34.99683
1427707373,15,0,32.03507
1427707673,41,0,17.879602
1427707973,12,0,24.437233
1427708273,20,0,35.524666
1427708573,15,0,19.839643
1427708873,94,1,21.286995
1427709173,28,0,45.206768
1427709473,23,0,43.69605
1427709773,19,0,31.60298
1427710073,32,0,29.237669
1427710373,21,0,43.384865
1427710673,32,0,30.184044
1427710973,18,0,36.393005
1427711273,26,0,26.62106
1427711573,20,0,25.335537
1427711873,17,0,22.15001
1427712173,17,0,27.392937
1427712473,52,0,31.59698
1427712773,37,0,37.573437
1427713073,44,0,33.682476
1427713373,22,0,28.32623
1427713673,32,0,37.554943
1427713973,21,0,32.84533
1427714273,34,0,28.000898
1427714573,49,0,28.061329
1427714873,45,0,30.820807
1427715173,19,0,41.046673
1427715473,23,0,28.404116
1427715773,36,0,26.298618
1427716073,38,0,37.025707
1427716373,28,0,36.21338
1427716673,37,0,28.01652
1427716973,89,0,40.742653
1427717273,21,0,42.71986
1427717573,21,0,31.838858
1427717873,30,0,28.02156
1427718173,25,0,32.948906
1427718473,40,0,29.916925
1427718773,44,0,23.971453
1427719073,36,0,34.472908
1427719373,34,0,42.776707
1427719673,25,0,43.039276
1427719973,25,0,35.51537
1427720273,58,0,33.22789
1427720573,86,0,43.023575
1427720873,33,0,38.488895
1427721173,57,0,39.311783
1427721473,28,0,38.72668
1427721773,34,0,37.58408
1427722073,39,0,31.65516
1427722373,39,0,37.911507
1427722673,64,0,40.56972
1427722973,35,0,47.80593
1427723273,91,1,38.735714
1427723573,55,0,42.83984
1427723873,86,0,46.584084
1427724173,73,0,43.757362
1427724473,56,0,60.909794
1427724773,78,0,48.77924
1427725073,41,0,52.73164
1427725373,39,0,63.571484
1427725673,46,0,35.770443
1427725973,68,0,42.818832
1427726273,44,0,50.247326
1427726573,27,0,46.909584
1427726873,75,0,42.7457
1427727173,28,0,43.528778
1427727473,76,0,48.871025
1427727773,42,0,40.062626
1427728073,42,0,34.113094
1427728373,75,0,36.00522
1427728673,57,0,62.132023
1427728973,30,0,56.394875
1427729273,62,0,45.261787
1427729573,40,0,53.18301
1427729873,42,0,46.42048
1427730173,36,0,45.266735
1427730473,35,0,39.345016
1427730773,33,0,45.938633
1427731073,50,0,41.418648
1427731373,49,0,45.920418
1427731673,72,0,49.01907
1427731973,68,0,54.64508
1427732273,52,0,52.09201
1427732573,48,0,45.46327
1427732873,43,0,46.924538
1427733173,22,0,48.299953
1427733473,35,0,42.074936
1427733773,44,0,60.008266
1427734073,38,0,52.846916
1427734373,91,0,47.980137
1427734673,58,0,54.337364
1427734973,39,0,52.48223
1427735273,38,0,52.80752
1427735573,62,0,46.571373
1427735873,26,0,46.0572
1427736173,83,0,51.491734
1427736473,51,0,53.119247
1427736773,49,0,47.66946
1427737073,58,0,52.594048
1427737373,63,0,49.092033
1427737673,44,0,61.033775
1427737973,30,0,49.54933
1427738273,4791,1,41.126144
1427738573,2334,1,149.59206
1427738873,1182,1,119.954956
1427739173,844,1,185.65718
1427739473,648,1,165.30186
1427739773,573,1,158.33664
1427740073,488,1,171.05084
1427740373,412,0,165.54944
1427740673,405,1,137.82497
1427740973,387,0,195.51851
1427741273,320,0,145.47063
1427741573,328,0,141.77551
1427741873,310,0,180.6867
1427742173,342,0,136.04498
1427742473,366,0,144.40765
1427742773,292,0,133.40689
1427743073,299,0,123.654274
1427743373,265,0,169.83319
1427743673,301,0,149.53922
1427743973,238,0,188.69691
1427744273,246,0,143.75755
1427744573,272,0,164.46138
1427744873,258,0,138.02574
1427745173,216,0,145.20941
1427745473,259,0,145.62263
1427745773,212,0,134.81967
1427746073,229,0,151.88402
1427746373,203,0,152.44345
1427746673,193,0,137.71489
1427746973,197,0,135.95044
1427747273,245,0,130.72806
1427747573,182,0,161.82713
1427747873,190,0,135.48561
1427748173,216,0,106.07087
1427748473,204,0,141.10358
1427748773,333,0,144.5288
1427749073,1525,1,195.092
1427749373,1091,1,307.87485
1427749673,450,0,204.01344
1427749973,333,0,206.05302
1427750273,278,0,161.27834
1427750573,201,0,201.07117
1427750873,190,0,160.46704
1427751173,182,0,121.98043
1427751473,154,0,146.74426
1427751773,239,0,180.75528
1427752073,202,0,112.630455
1427752373,185,0,130.50711
1427752673,236,0,126.1016
1427752973,1206,1,90.63955
1427753273,149,0,213.4087
1427753573,149,0,180.60422
1427753873,146,0,135.73337
1427754173,175,0,135.96191
1427754473,150,0,134.04689
1427754773,137,0,160.55678
1427755073,142,0,136.46327
1427755373,174,0,136.48422
1427755673,147,0,111.13171
1427755973,129,0,144.1659
1427756273,136,0,176.3709
1427756573,138,0,111.71852
1427756873,133,0,77.41203
1427757173,131,0,135.78146
1427757473,108,0,80.145615
1427757773,109,0,147.68817
1427758073,139,0,108.30146
1427758373,124,0,99.31718
1427758673,105,0,94.32991
1427758973,117,0,105.19708
1427759273,108,0,180.81842
1427759573,123,0,107.77264
1427759873,132,0,89.865425
1427760173,122,0,163.15868
1427760473,141,0,136.97682
1427760773,149,0,145.40417
1427761073,124,0,147.90532
1427761373,119,0,140.5231
1427761673,140,0,107.18808
1427761973,121,0,102.98853
1427762273,107,0,199.09125
1427762573,187,0,91.21785
1427762873,143,0,147.40648
1427763173,150,0,140.58125
1427763473,134,0,128.9596
1427763773,107,0,102.57713
1427764073,83,0,87.178925
1427764373,94,0,133.21477
1427764673,135,0,127.46604
1427764973,209,0,110.86085
1427765273,161,0,107.94142
1427765573,152,0,132.12743
1427765873,170,0,114.1448
1427766173,130,0,150.05383
1427766473,96,0,103.785774
1427766773,105,0,111.26583
1427767073,129,0,132.21054
1427767373,134,0,117.38962
1427767673,149,0,102.506714
1427767973,111,0,114.76593
1427768273,109,0,106.3725
1427768573,114,0,132.3796
1427768873,98,0,93.27746
1427769173,77,0,89.94695
1427769473,76,0,79.97821
1427769773,83,0,83.94891
1427770073,74,0,48.438538
1427770373,69,0,55.605087
1427770673,104,0,66.35517
1427770973,3024,1,75.89705
1427771273,2471,1,175.70316
1427771573,6418,1,296.65048
1427771873,7479,1,355.92874
1427772173,10372,1,424.68292
1427772473,13479,1,338.6139
1427772773,8025,1,547.48254
1427773073,5157,1,369.21844
1427773373,3689,1,539.11383
1427773673,2164,1,436.95938
1427773973,2069,1,398.45895
1427774273,2226,1,273.4302
1427774573,2378,1,399.9372
1427774873,1316,0,654.55316
1427775173,679,0,455.44028
1427775473,513,0,326.2876
1427775773,314,0,588.2301
1427776073,244,0,249.36632
1427776373,169,0,601.00116
1427776673,204,0,83.136894
1427776973,139,0,332.9983
1427777273,121,0,278.39948
1427777573,152,0,535.9609
1427777873,157,0,768.2909
1427778173,115,0,233.30135
1427778473,99,0,-31.580952
1427778773,81,0,165.2076
1427779073,75,0,59.001595
1427779373,76,0,128.39908
1427779673,66,0,19.731506
1427779973,56,0,-11.819817
1427780273,61,0,-79.59819
1427780573,71,0,-26.33515
1427780873,77,0,-145.85532
1427781173,35,0,-101.93088
1427781473,68,0,-99.22565
1427781773,67,0,98.23691
1427782073,46,0,189.98839
1427782373,32,0,74.4779
1427782673,361,0,293.5157
1427782973,214,0,603.407
1427783273,147,0,386.43735
1427783573,118,0,256.4714
1427783873,74,0,359.94745
1427784173,50,0,167.61794
1427784473,112,0,371.6144
1427784773,88,0,477.16602
1427785073,59,0,363.20078
1427785373,54,0,485.38022
1427785673,53,0,529.3939
1427785973,45,0,239.89851
1427786273,52,0,407.5439
1427786573,55,0,483.26486
1427786873,32,0,191.29018
1427787173,35,0,562.0751
1427787473,44,0,56.629208
1427787773,37,0,-281.38907
1427788073,39,0,-277.2144
1427788373,19,0,-154.17467
1427788673,55,0,138.87506
1427788973,37,0,258.53677
1427789273,29,0,227.68965
1427789573,45,0,338.19
1427789873,40,0,706.3851
1427790173,28,0,328.3338
1427790473,35,0,485.2195
1427790773,50,0,503.05896
1427791073,33,0,558.73596
1427791373,31,0,625.6556
1427791673,31,0,230.2125
1427791973,36,0,626.2018
1427792273,47,0,659.9412
1427792573,45,0,569.79865
1427792873,41,0,678.0221
1427793173,35,0,660.7712
1427793473,31,0,842.9069
1427793773,34,0,406.2395
1427794073,40,0,221.9414
1427794373,37,0,594.01483
1427794673,41,0,591.2843
1427794973,46,0,741.3062
1427795273,45,0,572.76166
1427795573,26,0,444.8575
1427795873,66,0,356.15472
1427796173,38,0,683.1865
1427796473,45,0,283.89172
1427796773,62,0,888.6628
1427797073,44,0,646.51227
1427797373,50,0,391.1016
1427797673,61,0,290.2201
1427797973,56,0,415.41464
1427798273,42,0,714.0133
1427798573,38,0,415.08093
1427798873,33,0,360.54105
1427799173,37,0,533.93884
1427799473,63,0,584.73065
1427799773,127,0,644.6547
1427800073,74,0,538.13055
1427800373,71,0,383.72696
1427800673,61,0,409.9744
1427800973,57,0,637.4065
1427801273,61,0,325.64767
1427801573,45,0,745.47736
1427801873,46,0,386.24606
1427802173,51,0,376.28275
1427802473,41,0,344.34387
1427802773,53,0,543.30426
1427803073,75,0,245.77574
1427803373,135,0,425.67007
1427803673,118,0,320.08557
1427803973,90,0,331.62247
1427804273,152,0,616.19574
1427804573,70,0,536.76965
1427804873,71,0,414.87253
1427805173,61,0,506.30338
1427805473,101,0,343.7559
1427805773,72,0,338.0522
1427806073,74,0,435.59354
1427806373,108,0,436.1667
1427806673,84,0,650.10986
1427806973,107,0,582.9639
1427807273,135,0,441.20572
1427807573,217,0,446.86008
1427807873,120,0,408.4544
1427808173,120,0,588.3803
1427808473,101,0,369.88037
1427808773,113,0,590.2771
1427809073,113,0,500.71313
1427809373,88,0,485.8674
1427809673,100,0,470.1007
1427809973,82,0,525.1054
1427810273,194,0,484.17148
1427810573,431,0,746.3746
1427810873,238,0,747.2458
1427811173,180,0,434.70337
1427811473,143,0,592.92694
1427811773,131,0,346.271
1427812073,128,0,446.89957
1427812373,111,0,442.7725
1427812673,129,0,595.69055
1427812973,74,0,685.8306
1427813273,113,0,630.9041
1427813573,98,0,779.90906
1427813873,105,0,620.29504
1427814173,92,0,617.519
1427814473,97,0,860.04663
1427814773,123,0,700.2395
1427815073,564,0,892.36035
1427815373,218,0,938.9826
1427815673,186,0,663.79126
1427815973,139,0,826.11615
1427816273,151,0,1119.5363
1427816573,112,0,706.1337
1427816873,206,0,1037.1539
1427817173,161,0,635.1904
1427817473,110,0,743.0139
1427817773,178,0,886.70465
1427818073,132,0,748.6901
1427818373,117,0,728.5145
1427818673,139,0,407.57016
1427818973,109,0,328.51514
1427819273,100,0,290.47684
1427819573,122,0,394.12418
1427819873,118,0,244.73598
1427820173,83,0,349.00906
1427820473,147,0,181.54582
1427820773,133,0,349.69287
1427821073,159,0,335.09695
1427821373,827,0,330.34106
1427821673,278,0,638.32324
1427821973,229,0,537.34576
1427822273,225,0,606.7487
1427822573,182,0,779.80334
1427822873,753,0,470.60104
1427823173,464,0,996.30743
1427823473,286,0,1092.0721
1427823773,243,0,989.7145
1427824073,173,0,315.0029
1427824373,192,0,344.91357
1427824673,178,0,338.1789
1427824973,150,0,376.3382
1427825273,136,0,322.35654
1427825573,129,0,225.95528
1427825873,155,0,329.56235
1427826173,169,0,238.72162
1427826473,273,0,386.77002
1427826773,222,0,325.80768
1427827073,208,0,193.76578
1427827373,252,0,330.3886
1427827673,187,0,410.36298
1427827973,195,0,380.657
1427828273,199,0,605.2896
1427828573,154,0,490.1786
1427828873,206,0,330.32947
1427829173,179,0,293.34515
1427829473,165,0,542.0161
1427829773,483,0,334.0117
1427830073,269,0,278.87537
1427830373,184,0,225.36887
1427830673,200,0,257.8024
1427830973,355,0,207.53973
1427831273,286,0,171.18867
1427831573,1959,1,215.0548
1427831873,1811,1,176.09647
1427832173,828,1,273.9881
1427832473,514,0,295.39835
1427832773,391,0,242.15889
1427833073,342,0,271.87393
1427833373,3738,1,244.9198
1427833673,1401,0,609.0493
1427833973,554,0,391.57623
1427834273,606,0,366.47333
1427834573,338,0,262.53674
1427834873,350,0,459.04306
1427835173,315,0,291.55005
1427835473,279,0,453.14682
1427835773,214,0,555.9825
1427836073,218,0,418.43927
1427836373,186,0,255.7584
1427836673,182,0,175.14719
1427836973,647,0,576.01904
1427837273,1238,0,554.979
1427837573,503,0,523.4827
1427837873,313,0,522.59845
1427838173,447,0,374.97488
1427838473,389,0,207.02876
1427838773,354,0,243.85437
1427839073,323,0,292.86395
1427839373,326,0,204.44809
1427839673,289,0,405.11548
1427839973,231,0,219.1093
1427840273,210,0,249.57913
1427840573,202,0,78.81059
1427840873,193,0,448.32913
1427841173,213,0,362.61737
1427841473,186,0,324.37396
1427841773,193,0,197.46614
1427842073,136,0,431.37866
1427842373,168,0,318.57074
1427842673,188,0,356.93344
1427842973,177,0,481.2274
1427843273,238,0,288.30606
1427843573,138,0,342.36487
1427843873,156,0,240.31721
1427844173,136,0,311.87552
1427844473,139,0,197.7815
1427844773,141,0,290.73352
1427845073,179,0,262.4644
1427845373,218,0,222.59924
1427845673,126,0,177.70561
1427845973,128,0,195.36902
1427846273,192,0,163.34993
1427846573,113,0,226.51266
1427846873,101,0,241.82327
1427847173,87,0,188.47444
1427847473,109,0,264.1628
1427847773,98,0,387.27884
1427848073,188,0,245.39189
1427848373,193,0,373.65472
1427848673,121,0,323.94147
1427848973,119,0,167.6223
1427849273,124,0,237.50432
1427849573,96,0,222.3081
1427849873,89,0,223.9836
1427850173,108,0,199.31676
1427850473,121,0,225.63339
1427850773,102,0,212.00023
1427851073,109,0,314.99606
1427851373,91,0,312.35876
1427851673,69,0,165.79204
1427851973,97,0,167.31703
1427852273,70,0,114.828156
1427852573,70,0,111.826195
1427852873,115,0,108.7314
1427853173,87,0,147.89352
1427853473,131,0,175.00073
1427853773,123,0,211.10173
1427854073,74,0,151.71364
1427854373,69,0,105.94322
1427854673,82,0,111.0331
1427854973,88,0,183.75648
1427855273,101,0,135.95972
1427855573,119,0,100.84407
1427855873,78,0,116.21017
1427856173,72,0,111.53901
1427856473,55,0,133.694
1427856773,68,0,125.588196
1427857073,128,0,101.97576
1427857373,73,0,131.23033
1427857673,61,0,95.527824
1427857973,79,0,102.51274
1427858273,61,0,116.93442
1427858573,69,0,113.502335
1427858873,64,0,107.49625
1427859173,32,0,89.93598
1427859473,49,0,105.36062
1427859773,154,0,103.24676
1427860073,78,0,145.3544
1427860373,68,0,101.734665
1427860673,65,0,108.48266
1427860973,46,0,80.37948
1427861273,78,0,100.18524
1427861573,56,0,70.9376
1427861873,52,0,128.9106
1427862173,967,1,116.74156
1427862473,236,0,171.62796
1427862773,113,0,154.7931
1427863073,72,0,110.62128
1427863373,86,0,105.64514
1427863673,78,0,115.37911
1427863973,61,0,82.94573
1427864273,77,0,90.65077
1427864573,77,0,109.952896
1427864873,60,0,107.32944
1427865173,83,0,113.11537
1427865473,53,0,95.512115
1427865773,57,0,109.489876
1427866073,74,0,74.40788
1427866373,57,0,112.92337
1427866673,60,0,103.42388
1427866973,40,0,95.15923
1427867273,45,0,132.01036
1427867573,74,0,69.73977
1427867873,47,0,76.635994
1427868173,41,0,96.38083
1427868473,66,0,116.56297
1427868773,43,0,119.718666
1427869073,50,0,85.935776
1427869373,58,0,102.71185
1427869673,37,0,86.60647
1427869973,33,0,73.60079
1427870273,41,0,91.91703
1427870573,25,0,107.088264
1427870873,33,0,130.66727
1427871173,41,0,64.66116
1427871473,43,0,112.35619
1427871773,27,0,85.97897
1427872073,33,0,100.249214
1427872373,42,0,80.522934
1427872673,29,0,100.497284
1427872973,46,0,69.076775
1427873273,41,0,104.857315
1427873573,37,0,101.11095
1427873873,52,0,92.43208
1427874173,42,0,69.304596
1427874473,36,0,87.347755
1427874773,46,0,77.329445
1427875073,36,0,126.11476
1427875373,52,0,113.04606
1427875673,53,0,39.956802
1427875973,39,0,97.06681
1427876273,32,0,63.199215
1427876573,39,0,94.84669
1427876873,38,0,99.434525
1427877173,41,0,59.364876
1427877473,36,0,57.90641
1427877773,29,0,57.143917
1427878073,46,0,79.89423
1427878373,41,0,86.40092
1427878673,44,0,69.67691
1427878973,55,0,75.180405
1427879273,36,0,85.341156
1427879573,32,0,69.35267
1427879873,31,0,61.161472
1427880173,31,0,135.43726
1427880473,31,0,59.1442
1427880773,33,0,118.59835
1427881073,50,0,72.488434
1427881373,27,0,57.980003
1427881673,35,0,58.03489
1427881973,58,0,64.5296
1427882273,41,0,94.06523
1427882573,49,0,73.178566
1427882873,55,0,70.55288
1427883173,58,0,93.920105
1427883473,53,0,92.11363
1427883773,51,0,92.75971
1427884073,41,0,90.8569
1427884373,62,0,101.91868
1427884673,53,0,85.445816
1427884973,53,0,81.81971
1427885273,50,0,76.033585
1427885573,53,0,75.55263
1427885873,43,0,98.78746
1427886173,52,0,89.2692
1427886473,66,0,91.163864
1427886773,34,0,80.07151
1427887073,63,0,67.47636
1427887373,57,0,81.69688
1427887673,52,0,69.84681
1427887973,67,0,97.52449
1427888273,52,0,88.41557
1427888573,55,0,70.30812
1427888873,56,0,62.432823
1427889173,46,0,93.93021
1427889473,77,0,97.086266
1427889773,59,0,86.43589
1427890073,73,0,71.124245
1427890373,69,0,48.975468
1427890673,69,0,82.213455
1427890973,43,0,82.97643
1427891273,103,0,91.8535
1427891573,60,0,81.56153
1427891873,55,0,115.84332
1427892173,64,0,66.87887
1427892473,55,0,86.1477
1427892773,51,0,83.52401
1427893073,60,0,92.287926
1427893373,60,0,86.40873
1427893673,56,0,69.46439
1427893973,49,0,72.68655
1427894273,61,0,77.87255
1427894573,41,0,84.42306
1427894873,50,0,87.88324
1427895173,59,0,108.44947
1427895473,74,0,56.371387
1427895773,55,0,76.46375
1427896073,75,0,71.41002
1427896373,59,0,75.70384
1427896673,92,0,60.89761
1427896973,94,0,83.99241
1427897273,64,0,90.202484
1427897573,82,0,82.343636
1427897873,76,0,66.17732
1427898173,76,0,67.44353
1427898473,100,0,81.82819
1427898773,77,0,62.219486
1427899073,99,0,64.917175
1427899373,105,0,69.66791
1427899673,68,0,72.96658
1427899973,111,0,86.659584
1427900273,146,0,99.5709
1427900573,104,0,77.25991
1427900873,465,1,89.14311
1427901173,362,1,121.9361
1427901473,211,0,154.4059
1427901773,144,0,105.6275
1427902073,143,0,135.91852
1427902373,93,0,93.19213
1427902673,97,0,103.98148
1427902973,101,0,94.32646
1427903273,95,0,86.08804
1427903573,83,0,82.23142
1427903873,97,0,96.75713
1427904173,87,0,93.5532
1427904473,80,0,114.0681
1427904773,74,0,97.91594
1427905073,66,0,95.65739
1427905373,71,0,94.72898
1427905673,85,0,88.325676
1427905973,54,0,116.924255
1427906273,64,0,99.05681
1427906573,101,0,103.24876
1427906873,86,0,101.960655
1427907173,102,0,108.61657
1427907473,87,0,93.80815
1427907773,132,0,80.547646
1427908073,152,0,88.563
1427908373,130,0,118.35578
1427908673,86,0,149.78517
1427908973,129,0,112.024216
1427909273,124,0,122.330605
1427909573,90,0,140.23541
1427909873,118,0,112.15221
1427910173,148,0,142.03482
1427910473,128,0,130.11275
1427910773,137,0,142.07915
1427911073,129,0,212.07777
1427911373,133,0,140.68611
1427911673,114,0,271.7903
1427911973,71,0,251.81856
1427912273,126,0,90.93736
1427912573,88,0,216.23468
1427912873,123,0,211.91862
1427913173,120,0,213.10284
1427913473,98,0,228.85457
1427913773,146,0,212.649
1427914073,134,0,113.77401
1427914373,80,0,134.61917
1427914673,599,1,90.34464
1427914973,269,0,176.96767
1427915273,160,0,213.06746
1427915573,126,0,136.87283
1427915873,114,0,105.602646
1427916173,147,0,114.794365
1427916473,115,0,101.67211
1427916773,127,0,95.32091
1427917073,116,0,89.128
1427917373,125,0,105.518
1427917673,103,0,120.852196
1427917973,92,0,114.377174
1427918273,81,0,103.87361
1427918573,130,0,114.10462
1427918873,110,0,108.68746
1427919173,93,0,109.100746
1427919473,110,0,152.95975
1427919773,96,0,107.656456
1427920073,66,0,95.23504
1427920373,87,0,137.88254
1427920673,78,0,119.37985
1427920973,3355,1,90.12548
1427921273,662,1,190.97624
1427921573,621,1,166.19319
1427921873,399,0,191.17981
1427922173,324,1,146.30658
1427922473,277,0,169.39923
1427922773,195,0,147.33195
1427923073,196,0,132.85277
1427923373,145,0,126.22445
1427923673,178,0,121.19374
1427923973,127,0,94.08699
1427924273,124,0,100.93755
1427924573,132,0,141.62022
1427924873,127,0,145.19922
1427925173,103,0,169.94098
1427925473,222,0,131.1698
1427925773,157,0,176.33762
1427926073,93,0,174.00932
1427926373,110,0,99.62599
1427926673,124,0,102.938774
1427926973,131,0,110.62129
1427927273,119,0,143.87979
1427927573,113,0,94.58848
1427927873,72,0,93.37494
1427928173,85,0,75.60635
1427928473,66,0,83.5415
1427928773,51,0,79.87704
1427929073,81,0,88.143
1427929373,77,0,81.923775
1427929673,63,0,76.99649
1427929973,117,0,69.53671
1427930273,80,0,63.783722
1427930573,100,0,72.2657
1427930873,105,0,65.3859
1427931173,89,0,94.33851
1427931473,72,0,80.87256
1427931773,100,0,101.18845
1427932073,85,0,89.16296
1427932373,96,0,67.27139
1427932673,147,0,89.75096
1427932973,127,0,86.97714
1427933273,131,0,72.57016
1427933573,134,1,65.380264
1427933873,152,1,60.502926
1427934173,181,1,65.29529
1427934473,115,0,76.94978
1427934773,116,0,75.655075
1427935073,114,0,69.63455
1427935373,98,0,67.15036
1427935673,87,0,66.68762
1427935973,118,0,64.36809
1427936273,96,0,75.84845
1427936573,106,1,74.13588
1427936873,84,0,72.73029
1427937173,322,1,71.27575
1427937473,169,1,85.298805
1427937773,115,0,65.44048
1427938073,114,0,59.248642
1427938373,155,0,62.362087
1427938673,212,1,67.79048
1427938973,108,0,76.7244
1427939273,93,0,72.04062
1427939573,80,0,73.09168
1427939873,161,1,68.30168
1427940173,120,0,74.60559
1427940473,95,0,64.36542
1427940773,97,0,73.17429
1427941073,84,0,80.9558
1427941373,79,0,69.74639
1427941673,91,0,65.77535
1427941973,84,0,67.02645
1427942273,67,0,65.71487
1427942573,101,0,64.42027
1427942873,76,0,76.77949
1427943173,90,0,79.75996
1427943473,51,0,88.66757
1427943773,72,0,67.90032
1427944073,61,0,59.933384
1427944373,92,0,65.067795
1427944673,56,0,68.592255
1427944973,81,0,94.40008
1427945273,93,0,82.95318
1427945573,57,0,68.91128
1427945873,81,0,64.2885
1427946173,82,0,70.726746
1427946473,56,0,83.53955
1427946773,66,0,80.83555
1427947073,59,0,76.46359
1427947373,89,0,63.942142
1427947673,89,0,71.54776
1427947973,68,0,73.60368
1427948273,83,0,84.833626
1427948573,108,0,69.44979
1427948873,58,0,69.60179
1427949173,35,0,60.305004
1427949473,112,0,60.49966
1427949773,56,0,118.19828
1427950073,75,0,74.692856
1427950373,97,0,68.22104
1427950673,39,0,68.01999
1427950973,56,0,87.05687
1427951273,60,0,68.50733
1427951573,44,0,70.36032
1427951873,46,0,73.5076
1427952173,44,0,65.94699
1427952473,68,0,74.99534
1427952773,83,0,58.202194
1427953073,47,0,58.14731
1427953373,49,0,68.56628
1427953673,48,0,66.54895
1427953973,57,0,67.005
1427954273,57,0,64.27869
1427954573,45,0,65.44811
1427954873,41,0,73.39348
1427955173,79,0,61.52605
1427955473,70,0,83.137024
1427955773,55,0,62.736588
1427956073,61,0,45.180923
1427956373,32,0,50.947495
1427956673,44,0,46.724087
1427956973,55,0,74.87632
1427957273,44,0,68.82048
1427957573,54,0,69.45883
1427957873,39,0,51.861702
1427958173,41,0,41.705162
1427958473,45,0,57.588417
1427958773,34,0,71.47312
1427959073,42,0,65.50756
1427959373,36,0,63.553467
1427959673,29,0,47.86079
1427959973,44,0,56.148956
1427960273,23,0,60.763824
1427960573,25,0,55.00348
1427960873,94,0,63.19401
1427961173,106,0,66.469894
1427961473,64,0,52.83248
1427961773,83,0,54.11603
1427962073,44,0,62.638332
1427962373,14,1,66.98748
1427962673,35,0,66.62878
1427962973,35,0,54.066406
1427963273,30,0,54.535885
1427963573,25,0,62.434143
1427963873,42,0,56.114384
1427964173,45,0,56.73873
1427964473,33,0,61.89998
1427964773,43,0,60.553616
1427965073,45,0,56.99148
1427965373,44,0,57.320316
1427965673,52,0,54.915016
1427965973,28,0,58.19416
1427966273,52,0,57.13182
1427966573,63,0,60.14434
1427966873,20,0,41.4837
1427967173,42,0,52.999393
1427967473,61,0,59.76206
1427967773,31,0,58.19955
1427968073,48,0,59.240566
1427968373,49,0,67.702995
1427968673,33,0,65.92064
1427968973,25,0,60.819393
1427969273,54,0,51.393124
1427969573,47,0,54.284126
1427969873,16,0,52.611885
1427970173,41,0,47.82003
1427970473,56,0,67.256775
1427970773,23,0,65.69478
1427971073,50,0,61.992836
1427971373,38,0,57.423187
1427971673,41,0,68.86748
1427971973,47,0,74.21059
1427972273,58,0,78.21587
1427972573,49,0,75.0767
1427972873,37,0,65.57104
1427973173,50,0,59.808006
1427973473,60,0,68.36315
1427973773,31,0,63.704273
1427974073,67,0,70.358475
1427974373,50,0,76.54093
1427974673,35,0,48.036724
1427974973,55,0,65.57953
1427975273,76,0,60.62802
1427975573,68,0,76.51229
1427975873,62,0,56.90519
1427976173,67,0,67.293
1427976473,73,0,69.8191
1427976773,29,0,82.72126
1427977073,74,0,70.46131
1427977373,64,0,68.87553
1427977673,32,0,88.835106
1427977973,60,0,74.33504
1427978273,44,0,78.02191
1427978573,79,0,89.05541
1427978873,55,0,80.178795
1427979173,59,0,82.225746
1427979473,96,0,109.31123
1427979773,107,0,79.28213
1427980073,59,0,76.61523
1427980373,51,0,70.74948
1427980673,49,0,79.624916
1427980973,72,0,61.295933
1427981273,113,0,79.98946
1427981573,118,0,87.19982
1427981873,100,0,134.76472
1427982173,67,0,97.98104
1427982473,104,0,107.7564
1427982773,87,0,163.87404
1427983073,86,0,97.74712
1427983373,107,0,111.51411
1427983673,126,0,101.340675
1427983973,109,0,85.72961
1427984273,80,0,88.614716
1427984573,78,0,106.491554
1427984873,76,0,114.96499
1427985173,83,0,196.2213
1427985473,75,0,105.6802
1427985773,116,0,108.956566
1427986073,99,0,87.92181
1427986373,81,0,82.54613
1427986673,127,0,107.960304
1427986973,124,0,119.51676
1427987273,115,0,123.386696
1427987573,92,0,147.0799
1427987873,101,0,103.37306
1427988173,86,0,141.72702
1427988473,124,0,110.67081
1427988773,517,1,97.54875
1427989073,231,0,136.40312
1427989373,176,0,187.64905
1427989673,96,0,124.17243
1427989973,120,0,138.4538
1427990273,114,0,133.96947
1427990573,125,0,101.32204
1427990873,111,0,135.59738
1427991173,110,0,95.51321
1427991473,75,0,163.67044
1427991773,89,0,129.0063
1427992073,107,0,85.13104
1427992373,90,0,111.971985
1427992673,131,0,95.58006
1427992973,75,0,153.32278
1427993273,99,0,135.70074
1427993573,85,0,134.62245
1427993873,129,0,146.3504
1427994173,118,0,131.47958
1427994473,80,0,116.040436
1427994773,92,0,166.50426
1427995073,103,0,150.07716
1427995373,85,0,156.5429
1427995673,76,0,199.41586
1427995973,87,0,177.941
1427996273,79,0,154.24553
1427996573,99,0,178.44228
1427996873,55,0,153.16176
1427997173,98,0,158.47586
1427997473,66,0,115.40185
1427997773,699,1,114.6191
1427998073,1408,1,164.75021
1427998373,438,1,199.41612
1427998673,296,0,173.50569
1427998973,239,0,169.35236
1427999273,193,0,190.46759
1427999573,194,0,194.38522
1427999873,152,0,196.69981
1428000173,120,0,160.25717
1428000473,194,0,139.16002
1428000773,632,1,163.4666
1428001073,284,0,179.05931
1428001373,205,0,181.06465
1428001673,149,0,108.00977
1428001973,157,0,160.05656
1428002273,171,0,134.9348
1428002573,146,0,161.20392
1428002873,173,0,123.94058
1428003173,176,0,127.604004
1428003473,159,0,136.89644
1428003773,141,0,125.92871
1428004073,109,0,113.61787
1428004373,88,0,138.44795
1428004673,120,0,168.71573
1428004973,102,0,127.156395
1428005273,110,0,122.43994
1428005573,109,0,113.580574
1428005873,86,0,122.60397
1428006173,105,0,106.31959
1428006473,92,0,147.68283
1428006773,83,0,108.63881
1428007073,75,0,140.72949
1428007373,93,0,113.96396
1428007673,89,0,143.63792
1428007973,84,0,122.94271
1428008273,96,0,154.6071
1428008573,85,0,143.52359
1428008873,61,0,145.95654
1428009173,81,0,136.2826
1428009473,56,0,115.074905
1428009773,85,0,99.81844
1428010073,73,0,141.29924
1428010373,92,0,137.97485
1428010673,53,0,106.7129
1428010973,81,0,86.59445
1428011273,136,0,144.73724
1428011573,85,0,163.61838
1428011873,115,0,172.61772
1428012173,97,0,171.83434
1428012473,89,0,148.84164
1428012773,85,0,135.16039
1428013073,71,0,115.87105
1428013373,113,0,118.17792
1428013673,86,0,121.629326
1428013973,88,0,108.10316
1428014273,96,0,102.98187
1428014573,87,0,136.89388
1428014873,76,0,116.726685
1428015173,73,0,150.61569
1428015473,61,0,98.282646
1428015773,92,0,80.84063
1428016073,85,0,142.33112
1428016373,54,0,105.66718
1428016673,54,0,94.71668
1428016973,72,0,90.2887
1428017273,90,0,105.81395
1428017573,58,0,148.23245
1428017873,72,0,103.912636
1428018173,89,0,89.09985
1428018473,95,0,100.36792
1428018773,110,0,94.69005
1428019073,78,0,110.75604
1428019373,63,0,102.462326
1428019673,66,0,90.34287
1428019973,107,0,76.55116
1428020273,120,0,86.20391
1428020573,102,0,123.626724
1428020873,137,0,86.38094
1428021173,94,0,82.03655
1428021473,99,0,81.41796
1428021773,135,1,77.277405
1428022073,95,0,119.061516
1428022373,85,0,86.140594
1428022673,112,0,74.40857
1428022973,71,0,88.78129
1428023273,74,0,86.09716
1428023573,77,0,76.1148
1428023873,68,0,77.56126
1428024173,69,0,72.50756
1428024473,81,0,78.98436
1428024773,117,0,75.34073
1428025073,87,0,75.31308
1428025373,66,0,72.465454
1428025673,90,0,72.43426
1428025973,81,0,69.27384
1428026273,85,0,71.5351
1428026573,138,0,80.10034
1428026873,54,0,83.79054
1428027173,52,0,73.07316
1428027473,87,0,78.5593
1428027773,91,0,82.1576
1428028073,104,0,93.93753
1428028373,118,0,81.20215
1428028673,104,0,82.892
1428028973,66,0,70.29177
1428029273,78,0,76.87975
1428029573,91,0,69.67861
1428029873,67,0,79.912605
1428030173,62,0,75.63649
1428030473,76,0,83.84642
1428030773,54,0,71.062485
1428031073,69,0,66.759056
1428031373,69,0,71.22771
1428031673,46,0,80.8337
1428031973,50,0,78.950096
1428032273,73,0,71.70727
1428032573,45,0,71.79502
1428032873,56,0,71.09061
1428033173,82,0,72.176445
1428033473,69,0,78.92329
1428033773,86,0,71.02331
1428034073,77,0,71.5653
1428034373,45,0,72.06713
1428034673,63,0,71.28977
1428034973,80,0,65.16425
1428035273,59,0,74.87606
1428035573,60,0,69.41582
1428035873,51,0,76.255646
1428036173,59,0,67.89618
1428036473,43,0,62.642197
1428036773,60,0,67.97289
1428037073,65,0,66.01421
1428037373,52,0,65.30939
1428037673,45,0,79.15433
1428037973,58,0,65.3154
1428038273,29,0,68.93206
1428038573,34,0,62.902935
1428038873,65,0,64.38769
1428039173,55,0,62.351246
1428039473,19,1,68.82157
1428039773,58,0,64.04048
1428040073,43,0,66.64217
1428040373,27,1,64.665985
1428040673,44,0,62.12198
1428040973,57,0,62.90466
1428041273,24,1,63.028793
1428041573,47,0,62.30895
1428041873,59,0,66.324715
1428042173,19,0,56.123985
1428042473,54,0,62.03238
1428042773,67,0,58.909943
1428043073,22,0,61.976963
1428043373,27,0,65.99882
1428043673,69,0,52.172054
1428043973,19,0,54.715813
1428044273,46,0,56.22852
1428044573,52,0,55.854877
1428044873,54,0,60.77625
1428045173,44,0,61.13918
1428045473,66,0,57.16104
1428045773,46,0,62.074196
1428046073,48,0,58.854786
1428046373,26,0,62.82719
1428046673,67,0,49.231014
1428046973,20,1,58.741688
1428047273,72,0,58.646843
1428047573,49,0,55.294106
1428047873,25,1,65.4063
1428048173,57,0,60.395443
1428048473,45,0,57.4854
1428048773,46,0,62.665493
1428049073,24,0,63.936897
1428049373,75,0,62.929214
1428049673,17,1,55.017597
1428049973,14,1,56.26793
1428050273,50,0,51.181377
1428050573,34,0,54.16824
1428050873,16,0,58.255116
1428051173,62,0,58.247433
1428051473,53,0,56.050777
1428051773,18,0,53.51168
1428052073,35,0,53.75868
1428052373,65,0,62.261246
1428052673,64,0,57.61639
1428052973,41,0,59.93363
1428053273,60,0,58.022293
1428053573,30,0,51.09549
1428053873,39,0,50.434074
1428054173,54,0,60.113785
1428054473,23,0,60.578392
1428054773,43,0,61.02391
1428055073,45,0,49.138184
1428055373,31,0,50.180126
1428055673,54,0,57.38205
1428055973,51,0,61.319366
1428056273,49,0,65.65485
1428056573,37,0,68.13839
1428056873,53,0,52.975117
1428057173,31,0,58.8217
1428057473,84,0,61.740345
1428057773,62,0,63.360027
1428058073,65,0,60.360153
1428058373,50,0,67.21841
1428058673,54,0,68.30427
1428058973,60,0,69.04531
1428059273,63,0,62.64059
1428059573,37,0,73.03722
1428059873,70,0,43.682434
1428060173,48,0,61.087437
1428060473,33,0,53.52868
1428060773,85,0,58.023876
1428061073,31,0,56.949486
1428061373,29,0,56.366344
1428061673,57,0,57.10417
1428061973,46,0,77.91381
1428062273,31,0,70.85694
1428062573,64,0,61.287937
1428062873,54,0,61.153904
1428063173,20,0,47.142902
1428063473,44,0,56.201775
1428063773,66,0,57.143574
1428064073,24,0,71.05693
1428064373,65,0,54.450504
1428064673,84,0,57.97123
1428064973,46,0,80.85093
1428065273,60,0,108.47053
1428065573,66,0,101.75873
1428065873,37,0,75.61195
1428066173,31,0,66.70672
1428066473,112,0,59.34179
1428066773,33,0,75.98328
1428067073,68,0,69.16656
1428067373,87,0,68.2272
1428067673,53,0,66.743645
1428067973,55,0,66.9118
1428068273,74,0,74.44275
1428068573,53,0,70.32009
1428068873,58,0,78.58325
1428069173,62,0,61.104137
1428069473,81,0,75.53119
1428069773,95,0,81.04562
1428070073,76,0,85.834816
1428070373,66,0,81.89791
1428070673,71,0,73.60962
1428070973,76,0,63.02432
1428071273,48,0,72.90757
1428071573,65,0,74.26565
1428071873,42,0,66.663826
1428072173,62,0,71.762436
1428072473,41,0,68.98906
1428072773,41,0,74.05659
1428073073,69,0,90.54193
1428073373,701,1,105.55112
1428073673,271,0,114.435295
1428073973,152,0,153.901
1428074273,132,0,83.22025
1428074573,107,0,109.19506
1428074873,101,0,120.855484
1428075173,120,0,92.470024
1428075473,82,0,90.25571
1428075773,88,0,113.36594
1428076073,109,0,124.313126
1428076373,74,0,103.479416
1428076673,85,0,75.5571
1428076973,116,0,99.62251
1428077273,68,0,104.94251
1428077573,47,0,124.21479
1428077873,85,0,72.82283
1428078173,56,0,81.62451
1428078473,93,0,105.000984
1428078773,168,0,87.73733
1428079073,79,0,126.13425
1428079373,78,0,101.62363
1428079673,108,0,88.47254
1428079973,91,0,77.73593
1428080273,85,0,126.0325
1428080573,83,0,81.6488
1428080873,119,0,80.99434
1428081173,77,0,98.358734
1428081473,95,0,75.75179
1428081773,106,0,74.89703
1428082073,81,0,77.241356
1428082373,79,0,74.65859
1428082673,102,0,86.00221
1428082973,63,0,79.26538
1428083273,68,0,91.56609
1428083573,83,0,70.53794
1428083873,122,0,108.73721
1428084173,120,0,117.16549
1428084473,105,0,134.98517
1428084773,115,0,111.48488
1428085073,57,0,80.89192
1428085373,90,0,71.16995
1428085673,108,0,80.586784
1428085973,50,0,82.04552
1428086273,73,0,76.95679
1428086573,100,0,70.14738
1428086873,55,0,77.89935
1428087173,131,0,90.046906
1428087473,187,0,106.50825
1428087773,158,0,113.280525
1428088073,167,0,134.48154
1428088373,159,0,97.61933
1428088673,139,1,83.7381
1428088973,106,0,87.5004
1428089273,97,0,75.79944
1428089573,154,0,94.783554
1428089873,145,0,121.7109
1428090173,112,0,123.06848
1428090473,156,0,93.55751
1428090773,125,0,83.084526
1428091073,94,0,121.62075
1428091373,122,0,106.14603
1428091673,76,0,99.59033
1428091973,79,0,85.79364
1428092273,107,0,118.538185
1428092573,87,0,88.44597
1428092873,61,0,116.219734
1428093173,69,0,86.02604
1428093473,57,0,117.62204
1428093773,50,0,85.415825
1428094073,64,0,80.1319
1428094373,61,0,84.52367
1428094673,49,0,80.94411
1428094973,79,0,82.92204
1428095273,46,0,89.186584
1428095573,46,0,74.441795
1428095873,63,0,64.668884
1428096173,48,0,74.993645
1428096473,56,0,81.521194
1428096773,48,0,77.20918
1428097073,70,0,70.58395
1428097373,52,0,69.98485
1428097673,82,0,82.58238
1428097973,74,0,121.885025
1428098273,49,0,86.08349
1428098573,76,0,80.926796
1428098873,77,0,95.95371
1428099173,52,0,77.34083
1428099473,70,0,72.685776
1428099773,79,0,74.2184
1428100073,56,0,81.954834
1428100373,70,0,72.65625
1428100673,83,0,81.26078
1428100973,247,0,107.32367
1428101273,74,0,144.54224
1428101573,80,0,91.051796
1428101873,59,0,116.657974
1428102173,73,0,89.94792
1428102473,77,0,93.1883
1428102773,87,0,70.63459
1428103073,67,0,88.8608
1428103373,46,0,75.78641
1428103673,69,0,74.42995
1428103973,56,0,70.45444
1428104273,54,0,64.44636
1428104573,64,0,72.01183
1428104873,41,0,65.31127
1428105173,48,0,60.553356
1428105473,98,0,63.551987
1428105773,29,0,76.45214
1428106073,63,0,58.232243
1428106373,87,0,65.115715
1428106673,51,0,89.15593
1428106973,26,0,64.10544
1428107273,69,0,63.60086
1428107573,75,0,69.11556
1428107873,44,0,90.324715
1428108173,63,0,64.48841
1428108473,73,0,76.71492
1428108773,41,0,114.5932
1428109073,65,0,83.211365
1428109373,67,0,59.939327
1428109673,52,0,65.610245
1428109973,65,0,64.57009
1428110273,89,0,67.90435
1428110573,40,0,74.309784
1428110873,42,0,59.345245
1428111173,70,0,62.272552
1428111473,24,0,63.68747
1428111773,37,0,51.939697
1428112073,75,0,60.006935
1428112373,74,0,84.891525
1428112673,43,0,61.825054
1428112973,81,0,61.26824
1428113273,40,0,67.31568
1428113573,58,0,53.175663
1428113873,85,0,56.804863
1428114173,67,0,61.82339
1428114473,72,0,55.993958
1428114773,58,0,58.661472
1428115073,60,0,59.221054
1428115373,47,0,53.93768
1428115673,42,0,58.465275
1428115973,53,0,54.978027
1428116273,49,0,60.45212
1428116573,38,0,55.493145
1428116873,84,0,57.200115
1428117173,23,0,47.66005
1428117473,57,0,53.05067
1428117773,64,0,53.62978
1428118073,40,0,51.573193
1428118373,28,0,52.38206
1428118673,71,0,56.8317
1428118973,48,0,47.436546
1428119273,25,0,48.489677
1428119573,46,0,54.12581
1428119873,71,0,52.244583
1428120173,28,0,55.989525
1428120473,54,0,52.00419
1428120773,64,0,51.86274
1428121073,28,0,53.106194
1428121373,27,0,48.661816
1428121673,55,0,53.894676
1428121973,40,0,48.674355
1428122273,39,0,51.091583
1428122573,41,0,43.34715
1428122873,25,0,48.070465
1428123173,23,0,45.558044
1428123473,54,0,44.806217
1428123773,27,0,54.276997
1428124073,41,0,46.68484
1428124373,52,0,48.054764
1428124673,34,0,44.30269
1428124973,41,0,47.258698
1428125273,36,0,45.900513
1428125573,50,0,42.384087
1428125873,51,0,44.90405
1428126173,31,0,45.491962
1428126473,54,0,49.11586
1428126773,38,0,46.874584
1428127073,38,0,40.544735
1428127373,48,0,43.5527
1428127673,35,0,42.422688
1428127973,20,0,43.086136
1428128273,76,0,42.458454
1428128573,20,0,40.57792
1428128873,13,0,42.19208
1428129173,45,0,36.796757
1428129473,35,0,44.697464
1428129773,25,0,28.604563
1428130073,51,0,33.23272
1428130373,38,0,36.477238
1428130673,29,0,41.67939
1428130973,26,0,43.99049
1428131273,59,0,42.019566
1428131573,18,0,39.07322
1428131873,37,0,35.833015
1428132173,54,0,40.346066
1428132473,13,0,36.013393
1428132773,35,0,38.476395
1428133073,62,0,33.172646
1428133373,19,0,37.288685
1428133673,20,0,33.511803
1428133973,78,0,35.461067
1428134273,21,0,39.406338
1428134573,20,0,34.200108
1428134873,55,0,48.187084
1428135173,30,0,36.42121
1428135473,32,0,39.526203
1428135773,46,0,40.313988
1428136073,29,0,32.80514
1428136373,30,0,35.210804
1428136673,31,0,36.038204
1428136973,58,0,35.17365
1428137273,58,0,28.663094
1428137573,43,0,42.112137
1428137873,63,0,41.736897
1428138173,47,0,39.76296
1428138473,30,0,34.61566
1428138773,56,0,41.919605
1428139073,27,0,33.619244
1428139373,28,0,31.598625
1428139673,41,0,38.696686
1428139973,30,0,38.385643
1428140273,41,0,31.477802
1428140573,27,0,31.05179
1428140873,38,0,40.699574
1428141173,15,0,44.93848
1428141473,51,0,35.864876
1428141773,32,0,48.336517
1428142073,13,0,43.446644
1428142373,47,0,34.225815
1428142673,26,0,36.26273
1428142973,21,0,31.53187
1428143273,26,0,34.470726
1428143573,49,0,34.55173
1428143873,12,0,32.468403
1428144173,35,0,31.164572
1428144473,46,0,37.124832
1428144773,20,0,36.102547
1428145073,17,0,37.095013
1428145373,32,0,42.73445
1428145673,58,0,32.908886
1428145973,27,0,33.37561
1428146273,47,0,40.960735
1428146573,24,0,38.820034
1428146873,36,0,35.860664
1428147173,43,0,36.337032
1428147473,25,0,31.168488
1428147773,36,0,29.248932
1428148073,36,0,34.153145
1428148373,43,0,49.596596
1428148673,64,0,45.021076
1428148973,50,0,42.785046
1428149273,84,0,78.10823
1428149573,48,0,77.66279
1428149873,39,0,41.979416
1428150173,73,0,44.104145
1428150473,52,0,56.313877
1428150773,60,0,38.223415
1428151073,82,0,68.03614
1428151373,31,0,94.78926
1428151673,57,0,55.32492
1428151973,78,0,66.72147
1428152273,58,0,90.541115
1428152573,70,0,79.23479
1428152873,64,0,48.64764
1428153173,50,0,59.829014
1428153473,219,1,43.12726
1428153773,35,0,89.726006
1428154073,75,0,63.076492
1428154373,27,0,73.436646
1428154673,47,0,50.378662
1428154973,80,0,59.101997
1428155273,38,0,63.278046
1428155573,52,0,59.474804
1428155873,44,0,54.9043
1428156173,66,0,49.64572
1428156473,40,0,63.770718
1428156773,75,0,57.06704
1428157073,68,0,61.38694
1428157373,41,0,58.193787
1428157673,76,0,59.614525
1428157973,40,0,79.09038
1428158273,44,0,56.474636
1428158573,47,0,56.40824
1428158873,64,0,60.602917
1428159173,48,0,53.768417
1428159473,54,0,53.1165
1428159773,49,0,64.57615
1428160073,79,0,58.035633
1428160373,68,0,75.00066
1428160673,70,0,68.729744
1428160973,41,0,60.36462
1428161273,48,0,68.40396
1428161573,100,0,60.490242
1428161873,59,0,80.02838
1428162173,39,0,69.7669
1428162473,90,0,64.608894
1428162773,111,0,67.12533
1428163073,62,0,85.48484
1428163373,791,1,75.01721
1428163673,278,0,88.7814
1428163973,137,0,150.68726
1428164273,131,0,108.74591
1428164573,330,1,101.47494
1428164873,200,0,112.60941
1428165173,101,0,127.77803
1428165473,93,0,97.11729
1428165773,187,0,97.3116
1428166073,750,1,64.70158
1428166373,234,0,108.542885
1428166673,149,0,130.29224
1428166973,109,0,138.3638
1428167273,109,0,122.56134
1428167573,107,0,122.44967
1428167873,80,0,67.43951
1428168173,95,0,126.78274
1428168473,86,0,90.83103
1428168773,85,0,85.01138
1428169073,102,0,83.201324
1428169373,80,0,69.77934
1428169673,94,0,63.99329
1428169973,82,0,76.73402
1428170273,82,0,89.48479
1428170573,70,0,76.620155
1428170873,58,0,91.5478
1428171173,86,0,70.14494
1428171473,62,0,88.11919
1428171773,71,0,59.044643
1428172073,162,1,87.757
1428172373,56,0,126.22279
1428172673,56,0,72.55661
1428172973,53,0,54.338276
1428173273,64,0,48.182213
1428173573,81,0,55.809467
1428173873,71,0,98.9625
1428174173,70,0,75.66493
1428174473,60,0,66.31921
1428174773,75,0,57.644657
1428175073,49,0,51.716347
1428175373,73,0,52.060986
1428175673,68,0,59.04109
1428175973,77,0,67.311035
1428176273,39,0,51.89427
1428176573,53,0,81.55822
1428176873,70,0,79.26882
1428177173,20,0,58.62273
1428177473,52,0,61.943295
1428177773,63,0,58.040504
1428178073,29,0,56.15695
1428178373,26,0,48.99275
1428178673,100,1,49.786415
1428178973,34,0,49.525608
1428179273,42,0,54.74307
1428179573,73,0,54.585148
1428179873,49,0,69.053276
1428180173,35,0,43.6833
1428180473,77,0,39.302967
1428180773,243,1,41.124783
1428181073,252,0,109.24712
1428181373,59,0,128.6091
1428181673,80,0,68.03461
1428181973,60,0,55.69147
1428182273,63,0,62.10878
1428182573,77,0,77.160355
1428182873,43,0,56.290962
1428183173,182,1,57.876205
1428183473,220,0,115.72409
1428183773,141,0,108.91998
1428184073,65,0,125.59841
1428184373,117,0,72.021545
1428184673,69,0,63.973957
1428184973,90,0,63.62076
1428185273,65,0,63.835926
1428185573,45,0,78.261986
1428185873,48,0,60.107063
1428186173,59,0,53.65647
1428186473,56,0,65.100426
1428186773,46,0,58.207455
1428187073,67,0,65.27003
1428187373,64,0,71.043365
1428187673,53,0,57.71029
1428187973,51,0,64.33295
1428188273,65,0,63.088127
1428188573,66,0,54.88431
1428188873,53,0,62.747414
1428189173,68,0,61.19896
1428189473,40,0,55.25513
1428189773,26,0,55.1273
1428190073,62,0,66.55354
1428190373,44,0,56.784447
1428190673,35,0,57.377155
1428190973,69,0,58.17355
1428191273,43,0,49.95363
1428191573,46,0,46.56094
1428191873,94,0,57.918034
1428192173,76,0,64.70001
1428192473,34,0,60.004017
1428192773,33,0,55.899273
1428193073,84,0,50.410526
1428193373,55,0,41.018913
1428193673,65,0,55.197174
1428193973,82,0,56.257923
1428194273,74,0,45.16861
1428194573,53,0,64.74205
1428194873,76,0,58.6109
1428195173,77,0,41.09418
1428195473,37,0,49.42906
1428195773,101,0,63.650623
1428196073,17,0,54.87316
1428196373,57,0,33.756573
1428196673,56,0,56.078796
1428196973,48,0,44.150265
1428197273,58,0,40.960205
1428197573,62,0,58.806858
1428197873,73,0,45.319244
1428198173,58,0,94.15243
1428198473,57,0,55.565815
1428198773,74,0,54.345757
1428199073,33,0,46.317802
1428199373,57,0,46.109676
1428199673,45,0,47.43725
1428199973,23,0,43.799953
1428200273,33,0,43.773254
1428200573,54,0,48.173565
1428200873,40,0,42.38854
1428201173,46,0,41.000046
1428201473,52,0,46.965267
1428201773,25,0,44.61911
1428202073,39,0,43.228294
1428202373,57,0,54.08211
1428202673,45,0,45.253963
1428202973,36,0,37.625572
1428203273,48,0,48.265884
1428203573,72,0,37.04031
1428203873,59,0,30.959665
1428204173,52,0,46.44126
1428204473,64,0,44.199047
1428204773,30,0,34.67422
1428205073,43,0,42.43774
1428205373,61,0,59.166176
1428205673,35,0,47.734417
1428205973,40,0,46.280033
1428206273,56,0,43.59204
1428206573,62,0,38.91579
1428206873,36,0,42.398163
1428207173,56,0,53.851448
1428207473,43,0,54.296173
1428207773,48,0,48.361008
1428208073,61,0,48.264008
1428208373,36,0,50.76134
1428208673,32,0,43.41529
1428208973,37,0,54.83622
1428209273,52,0,61.941673
1428209573,38,0,48.978256
1428209873,43,0,46.57716
1428210173,68,0,41.699
1428210473,29,0,34.092045
1428210773,39,0,57.407608
1428211073,58,0,55.970722
1428211373,21,0,43.785915
1428211673,30,0,41.54707
1428211973,59,0,43.220394
1428212273,28,0,35.084656
1428212573,29,0,48.99142
1428212873,55,0,50.29499
1428213173,55,0,42.562817
1428213473,44,0,36.28471
1428213773,80,0,45.22366
1428214073,50,0,41.314728
1428214373,23,0,26.582397
1428214673,34,0,44.583412
1428214973,53,0,49.01711
1428215273,38,0,33.262035
1428215573,38,0,45.741993
1428215873,65,0,55.950325
1428216173,36,0,34.555836
1428216473,25,0,48.76991
1428216773,46,0,51.139713
1428217073,37,0,28.742516
1428217373,44,0,42.164986
1428217673,60,0,52.481735
1428217973,12,0,41.473434
1428218273,43,0,30.04428
1428218573,63,0,45.17686
1428218873,20,0,43.9943
1428219173,42,0,30.925798
1428219473,44,0,47.135426
1428219773,65,0,40.56704
1428220073,38,0,33.59071
1428220373,45,0,52.002697
1428220673,33,0,45.843296
1428220973,33,0,40.038162
1428221273,29,0,49.11571
1428221573,45,0,52.494537
1428221873,12,0,31.73528
1428222173,21,0,32.66021
1428222473,49,0,47.87577
1428222773,20,0,29.40073
1428223073,25,0,31.414223
1428223373,47,0,45.392952
1428223673,13,0,35.854862
1428223973,16,0,24.19578
1428224273,46,0,44.28172
1428224573,26,0,42.753017
1428224873,22,0,31.800552
1428225173,41,0,47.749763
1428225473,34,0,35.82
1428225773,30,0,35.00077
1428226073,43,0,55.991146
1428226373,39,0,48.312775
1428226673,30,0,39.277752
1428226973,34,0,45.44215
1428227273,47,0,50.22953
1428227573,31,0,39.888958
1428227873,33,0,41.166138
1428228173,51,0,58.655888
1428228473,50,0,35.719822
1428228773,26,0,50.411636
1428229073,88,0,62.972065
1428229373,39,0,42.415092
1428229673,17,0,43.00014
1428229973,43,0,55.820488
1428230273,28,0,48.577896
1428230573,31,0,37.498856
1428230873,39,0,44.533478
1428231173,33,0,44.68111
1428231473,47,0,40.46227
1428231773,38,0,52.032658
1428232073,48,0,57.257614
1428232373,43,0,39.36079
1428232673,33,0,45.982513
1428232973,52,0,54.23114
1428233273,37,0,41.10312
1428233573,25,0,44.430702
1428233873,83,0,56.60249
1428234173,22,0,42.57232
1428234473,35,0,42.72636
1428234773,38,0,60.961308
1428235073,34,0,49.053215
1428235373,11,0,46.814384
1428235673,64,0,58.250957
1428235973,28,0,80.59564
1428236273,27,0,42.683044
1428236573,49,0,54.92485
1428236873,61,0,59.093315
1428237173,11,0,90.14813
1428237473,36,0,52.09054
1428237773,37,0,50.462273
1428238073,36,0,47.000645
1428238373,35,0,43.127728
1428238673,59,0,103.25003
1428238973,62,0,71.60803
1428239273,28,0,111.88118
1428239573,57,0,66.03094
1428239873,24,0,47.20504
1428240173,69,0,44.300014
1428240473,57,0,70.467575
1428240773,36,0,58.511665
1428241073,58,0,47.95957
1428241373,55,0,61.052963
1428241673,36,0,53.874443
1428241973,58,0,50.59743
1428242273,54,0,64.87266
1428242573,85,0,59.478104
1428242873,32,0,46.837982
1428243173,56,0,52.906776
1428243473,52,0,63.371822
1428243773,24,0,52.63452
1428244073,36,0,61.5475
1428244373,60,0,76.3336
1428244673,29,0,58.010384
1428244973,51,0,50.04347
1428245273,83,0,54.665897
1428245573,31,0,46.837322
1428245873,34,0,65.8851
1428246173,105,0,93.68777
1428246473,47,0,67.06484
1428246773,45,0,40.489895
1428247073,57,0,54.62137
1428247373,45,0,48.34844
1428247673,27,0,44.345196
1428247973,55,0,58.01619
1428248273,56,0,56.455242
1428248573,27,0,33.18879
1428248873,52,0,51.753258
1428249173,62,0,51.18809
1428249473,60,0,38.3945
1428249773,53,0,57.488663
1428250073,124,1,58.420807
1428250373,71,0,38.66339
1428250673,62,0,54.1522
1428250973,71,0,56.944824
1428251273,67,0,45.34982
1428251573,31,0,55.1924
1428251873,84,0,58.26218
1428252173,79,0,54.447926
1428252473,78,0,51.91043
1428252773,99,0,70.35554
1428253073,87,0,129.72554
1428253373,74,0,56.728607
1428253673,85,0,76.86251
1428253973,76,0,72.005104
1428254273,98,1,48.267212
1428254573,77,0,63.506596
1428254873,84,0,114.86264
1428255173,42,0,56.69969
1428255473,51,0,54.42481
1428255773,79,0,82.78552
1428256073,31,0,73.37575
1428256373,16,0,51.79993
1428256673,314,1,56.46613
1428256973,170,0,79.92165
1428257273,113,0,74.99773
1428257573,91,0,103.53198
1428257873,68,0,55.461082
1428258173,72,0,49.664062
1428258473,117,0,81.51113
1428258773,79,0,98.69657
1428259073,60,0,66.76342
1428259373,93,0,64.68989
1428259673,63,0,70.4563
1428259973,54,0,52.23252
1428260273,72,0,74.41961
1428260573,75,0,110.73942
1428260873,69,0,66.73315
1428261173,828,1,63.524647
1428261473,309,1,96.946106
1428261773,169,1,69.42313
1428262073,117,0,80.32134
1428262373,134,0,114.4091
1428262673,100,0,73.19423
1428262973,64,0,86.81658
1428263273,99,0,98.942245
1428263573,59,0,102.67679
1428263873,84,0,56.886047
1428264173,83,0,88.92012
1428264473,56,0,81.46773
1428264773,69,0,65.5336
1428265073,65,0,62.347298
1428265373,49,0,61.55148
1428265673,65,0,53.70991
1428265973,52,0,57.02316
1428266273,74,0,57.282284
1428266573,65,0,50.974125
1428266873,129,1,55.054745
1428267173,74,0,65.44414
1428267473,84,0,55.820343
1428267773,77,0,56.789875
1428268073,90,1,57.73907
1428268373,40,0,50.344852
1428268673,31,1,59.017193
1428268973,85,0,53.190296
1428269273,30,0,54.575165
1428269573,35,0,50.64694
1428269873,69,0,57.998646
1428270173,46,0,48.09804
1428270473,30,0,45.067894
1428270773,82,0,62.242474
1428271073,68,0,60.79701
1428271373,34,0,46.198006
1428271673,60,0,54.67236
1428271973,78,0,56.984913
1428272273,69,0,45.026543
1428272573,75,0,55.06585
1428272873,95,1,57.191414
1428273173,79,0,53.767258
1428273473,50,0,56.89511
1428273773,85,0,68.52521
1428274073,23,0,49.38853
1428274373,26,0,48.978672
1428274673,64,0,62.16182
1428274973,60,0,47.08233
1428275273,40,0,46.072796
1428275573,43,0,60.831142
1428275873,39,0,48.960705
1428276173,33,0,39.33109
1428276473,44,0,56.65514
1428276773,29,0,51.180668
1428277073,32,0,43.56761
1428277373,35,0,43.636494
1428277673,45,0,57.202938
1428277973,30,0,35.434982
1428278273,36,0,42.63867
1428278573,33,0,52.894753
1428278873,25,0,41.047455
1428279173,49,0,43.738914
1428279473,29,0,50.442295
1428279773,32,0,35.636124
1428280073,31,0,44.21472
1428280373,32,0,50.973946
1428280673,42,0,41.979065
1428280973,30,0,27.309721
1428281273,24,0,44.932293
1428281573,81,1,39.567287
1428281873,33,0,36.50994
1428282173,37,0,52.227943
1428282473,42,0,48.134678
1428282773,19,0,40.239666
1428283073,34,0,42.090454
1428283373,41,0,46.601578
1428283673,36,0,37.41689
1428283973,32,0,46.92719
1428284273,35,0,44.181614
1428284573,47,0,34.693573
1428284873,25,0,39.86435
1428285173,35,0,41.706867
1428285473,742,1,33.774437
1428285773,480,1,43.99635
1428286073,889,1,78.395065
1428286373,466,1,132.52753
1428286673,233,1,88.76524
1428286973,199,0,113.796555
1428287273,230,1,71.675835
1428287573,152,1,59.07506
1428287873,126,0,79.05011
1428288173,119,0,85.85539
1428288473,101,0,94.28222
1428288773,81,0,82.37086
1428289073,84,0,82.63885
1428289373,68,0,62.943924
1428289673,129,1,63.690453
1428289973,79,0,67.31283
1428290273,76,0,59.610916
1428290573,79,0,58.126705
1428290873,65,0,60.6912
1428291173,79,0,63.23554
1428291473,60,0,66.25819
1428291773,110,0,54.411926
1428292073,138,1,58.45347
1428292373,57,0,51.620937
1428292673,56,0,59.229515
1428292973,83,0,64.16358
1428293273,59,0,58.329796
1428293573,56,0,54.739174
1428293873,37,0,57.42542
1428294173,61,0,45.29486
1428294473,43,0,53.87357
1428294773,32,0,62.707653
1428295073,32,0,60.751987
1428295373,37,0,55.915596
1428295673,31,0,54.396378
1428295973,28,0,56.266056
1428296273,43,0,49.149014
1428296573,35,0,56.942177
1428296873,35,0,53.573204
1428297173,27,0,40.651466
1428297473,22,0,43.082767
1428297773,25,0,46.847008
1428298073,19,0,44.522945
1428298373,29,0,43.99161
1428298673,30,0,39.7936
1428298973,19,0,38.897026
1428299273,23,0,30.572563
1428299573,23,0,42.116398
1428299873,37,0,40.374012
1428300173,34,0,38.90485
1428300473,22,0,42.46464
1428300773,37,0,35.344563
1428301073,19,0,29.950754
1428301373,20,0,36.68025
1428301673,21,0,31.239408
1428301973,22,0,41.469185
1428302273,13,0,31.008589
1428302573,10,0,31.440037
1428302873,21,0,25.570866
1428303173,8,0,26.384651
1428303473,14,0,32.60746
1428303773,15,0,29.974522
1428304073,24,0,36.106483
1428304373,24,0,36.92264
1428304673,15,0,26.763449
1428304973,16,0,24.698597
1428305273,20,0,34.382473
1428305573,13,0,30.47697
1428305873,20,0,37.430084
1428306173,22,0,34.6864
1428306473,24,0,18.905584
1428306773,20,0,30.835484
1428307073,27,0,26.970493
1428307373,15,0,33.010662
1428307673,23,0,31.316078
1428307973,36,0,29.25757
1428308273,16,0,32.015644
1428308573,17,0,28.85335
1428308873,40,0,32.599884
1428309173,15,0,32.05677
1428309473,20,0,35.38641
1428309773,14,0,31.8171
1428310073,13,0,32.270794
1428310373,19,0,27.841047
1428310673,32,0,32.71672
1428310973,19,0,34.0324
1428311273,8,0,38.739716
1428311573,13,0,30.717554
1428311873,11,0,25.535507
1428312173,25,0,30.459856
1428312473,33,0,25.594397
1428312773,14,0,27.70929
1428313073,11,0,30.518383
1428313373,20,0,30.101736
1428313673,17,0,37.430107
1428313973,24,0,35.283092
1428314273,38,0,28.93074
1428314573,28,0,38.983883
1428314873,20,0,38.436016
1428315173,15,0,33.05961
1428315473,19,0,41.695545
1428315773,25,0,39.68222
1428316073,38,0,43.74439
1428316373,18,0,36.938034
1428316673,23,0,40.160313
1428316973,28,0,33.849953
1428317273,13,0,27.375761
1428317573,12,0,38.327526
1428317873,25,0,40.030323
1428318173,23,0,37.5575
1428318473,32,0,36.675972
1428318773,25,0,38.832123
1428319073,32,0,43.685406
1428319373,36,0,37.956535
1428319673,40,0,28.485054
1428319973,29,0,39.882656
1428320273,30,0,42.37392
1428320573,19,0,41.83193
1428320873,18,0,38.658295
1428321173,19,0,39.308598
1428321473,31,0,46.56406
1428321773,32,0,32.818363
1428322073,30,0,39.64194
1428322373,26,0,34.461353
1428322673,25,0,38.72601
1428322973,37,0,32.552795
1428323273,49,0,35.317898
1428323573,24,0,39.0559
1428323873,34,0,42.115154
1428324173,38,0,38.01399
1428324473,14,0,41.791416
1428324773,31,0,36.96815
1428325073,27,0,40.45936
1428325373,49,0,40.33688
1428325673,25,0,47.950542
1428325973,85,0,35.002167
1428326273,71,0,110.66517
1428326573,85,0,94.97412
1428326873,43,0,34.353947
1428327173,46,0,44.57353
1428327473,48,0,35.868244
1428327773,64,0,37.72569
1428328073,76,0,40.292244
1428328373,61,0,46.145027
1428328673,92,0,49.352608
1428328973,109,1,51.44365
1428329273,292,1,59.234055
1428329573,150,0,79.54384
1428329873,769,1,62.559666
1428330173,282,1,86.77295
1428330473,224,1,85.430084
1428330773,145,0,99.81973
1428331073,132,0,75.98635
1428331373,174,1,65.94522
1428331673,246,1,108.0935
1428331973,162,0,102.932304
1428332273,137,0,99.02125
1428332573,156,0,92.283394
1428332873,187,1,79.32481
1428333173,122,0,116.653725
1428333473,112,0,111.55748
1428333773,106,0,88.59163
1428334073,85,0,66.490814
1428334373,79,0,59.267254
1428334673,90,0,70.043
1428334973,97,0,87.56705
1428335273,84,0,74.77923
1428335573,81,0,83.94358
1428335873,75,0,77.988815
1428336173,92,0,65.093666
1428336473,103,0,89.690346
1428336773,91,0,146.08202
1428337073,122,0,77.044846
1428337373,107,0,88.12758
1428337673,96,0,86.93942
1428337973,73,0,79.445366
1428338273,83,0,67.35755
1428338573,108,0,88.082794
1428338873,104,0,73.3482
1428339173,102,0,84.08152
1428339473,68,0,77.16088
1428339773,70,0,113.46566
1428340073,71,0,115.40199
1428340373,88,0,127.46245
1428340673,80,0,113.061356
1428340973,85,0,85.873566
1428341273,101,0,92.88318
1428341573,73,0,77.91998
1428341873,68,0,86.670334
1428342173,86,0,88.1726
1428342473,64,0,94.43337
1428342773,70,0,77.064514
1428343073,85,0,76.001305
1428343373,80,0,111.64958
1428343673,100,0,134.94609
1428343973,124,0,104.430305
1428344273,88,0,186.26984
1428344573,97,0,105.92055
1428344873,120,0,97.85739
1428345173,176,0,104.23391
1428345473,122,0,92.44396
1428345773,100,0,115.3272
1428346073,586,1,123.777565
1428346373,196,0,178.59552
1428346673,155,0,115.282646
1428346973,124,0,206.57607
1428347273,100,0,106.50602
1428347573,137,0,112.84253
1428347873,136,0,125.557014
1428348173,109,0,135.10991
1428348473,93,0,92.67334
1428348773,209,0,102.426834
1428349073,119,0,130.3181
1428349373,107,0,91.165985
1428349673,79,0,106.04549
1428349973,93,0,122.71862
1428350273,86,0,93.74056
1428350573,83,0,76.17965
1428350873,72,0,85.36906
1428351173,84,0,83.23416
1428351473,81,0,84.69488
1428351773,227,0,97.60275
1428352073,79,0,57.4176
1428352373,110,0,56.994755
1428352673,60,0,75.16779
1428352973,71,0,64.99251
1428353273,66,0,61.693375
1428353573,62,0,73.27225
1428353873,63,0,88.568344
1428354173,67,0,55.758793
1428354473,54,0,69.94175
1428354773,82,0,73.7734
1428355073,68,0,75.185036
1428355373,69,0,84.60921
1428355673,77,0,56.38212
1428355973,89,0,61.781216
1428356273,67,0,52.55832
1428356573,75,0,102.59596
1428356873,58,0,59.701466
1428357173,80,0,54.007114
1428357473,84,0,80.44422
1428357773,63,0,44.97052
1428358073,63,0,65.5032
1428358373,56,0,91.194695
1428358673,60,0,76.8857
1428358973,33,0,62.670662
1428359273,201,1,58.75904
1428359573,205,0,176.9123
1428359873,110,0,81.07726
1428360173,102,0,100.91229
1428360473,81,0,100.36423
1428360773,66,0,87.11454
1428361073,86,0,83.21291
1428361373,66,0,193.90315
1428361673,63,0,92.97512
1428361973,59,0,77.39778
1428362273,44,0,88.82027
1428362573,65,0,70.32621
1428362873,49,0,60.99038
1428363173,69,0,60.244987
1428363473,66,0,42.25698
1428363773,30,0,54.8215
1428364073,60,0,49.6739
1428364373,41,0,53.013935
1428364673,102,0,46.085106
1428364973,156,1,49.25694
1428365273,177,1,55.8928
1428365573,51,0,63.468384
1428365873,61,0,70.429634
1428366173,63,0,64.670235
1428366473,65,0,59.113113
1428366773,44,0,63.705185
1428367073,47,0,63.090042
1428367373,66,0,45.101078
1428367673,53,0,63.33175
1428367973,47,0,63.663746
1428368273,66,0,46.057133
1428368573,54,0,47.55422
1428368873,53,0,55.618046
1428369173,66,0,46.428165
1428369473,63,0,47.08234
1428369773,57,0,55.57489
1428370073,67,0,48.782997
1428370373,48,0,48.404938
1428370673,53,0,52.1008
1428370973,45,0,57.46631
1428371273,88,0,59.208527
1428371573,45,0,57.11195
1428371873,58,0,52.868584
1428372173,99,1,46.238956
1428372473,107,1,50.400993
1428372773,168,0,103.98819
1428373073,72,0,62.74495
1428373373,63,0,68.79263
1428373673,60,0,67.960686
1428373973,46,0,54.178806
1428374273,53,0,50.852276
1428374573,76,0,57.276367
1428374873,72,0,56.28529
1428375173,96,0,45.67193
1428375473,71,0,68.335915
1428375773,77,0,62.250362
1428376073,75,0,54.931522
1428376373,2505,1,66.94498
1428376673,1877,1,231.51471
1428376973,751,1,172.2572
1428377273,699,1,146.07756
1428377573,1525,1,199.30885
1428377873,937,1,156.0487
1428378173,670,1,191.24677
1428378473,479,1,121.25081
1428378773,863,1,110.20055
1428379073,452,1,207.4548
1428379373,542,1,133.37091
1428379673,393,1,116.881775
1428379973,314,1,106.430756
1428380273,263,1,69.14966
1428380573,225,1,74.77697
1428380873,214,1,93.44073
1428381173,326,1,104.48159
1428381473,226,1,90.71592
1428381773,194,0,92.93892
1428382073,188,0,94.99364
1428382373,192,1,77.435875
1428382673,170,0,72.709366
1428382973,139,0,91.894394
1428383273,113,0,88.44592
1428383573,112,0,90.237305
1428383873,115,0,82.38301
1428384173,121,0,92.63475
1428384473,87,0,57.92846
1428384773,93,0,60.58083
1428385073,106,0,71.41755
1428385373,80,0,51.71806
1428385673,417,1,34.95118
1428385973,186,1,75.85415
1428386273,119,0,68.389114
1428386573,164,1,55.656395
1428386873,137,0,69.887726
1428387173,84,0,67.01682
1428387473,67,0,69.12904
1428387773,89,0,80.35453
1428388073,68,0,73.35332
1428388373,56,0,69.37025
1428388673,79,0,62.96816
1428388973,64,0,58.630333
1428389273,55,0,51.17418
1428389573,59,0,54.65864
1428389873,71,0,38.7425
1428390173,47,0,40.38533
1428390473,48,0,42.37913
1428390773,42,0,80.16762
1428391073,55,0,77.68744
1428391373,76,0,53.612022
1428391673,50,0,56.729725
1428391973,53,0,34.245422
1428392273,45,0,57.73341
1428392573,43,0,52.58121
1428392873,44,0,106.61832
1428393173,40,0,47.267662
1428393473,46,0,38.407005
1428393773,49,0,33.87337
1428394073,56,0,72.55942
1428394373,66,0,53.174767
1428394673,47,0,32.793236
1428394973,36,0,48.11866
1428395273,38,0,54.028954
1428395573,50,0,41.261673
1428395873,63,0,41.758755
1428396173,46,0,42.523067
1428396473,49,0,59.470955
1428396773,37,0,53.621983
1428397073,63,0,48.930534
1428397373,80,0,61.750412
1428397673,54,0,44.91285
1428397973,63,0,57.926785
1428398273,53,0,54.583683
1428398573,66,0,110.0694
1428398873,75,0,57.297
1428399173,59,0,75.418106
1428399473,43,0,70.104576
1428399773,61,0,71.929214
1428400073,76,0,95.311104
1428400373,42,0,75.33636
1428400673,59,0,73.60585
1428400973,61,0,76.64033
1428401273,60,0,69.94201
1428401573,70,0,74.974365
1428401873,51,0,74.76699
1428402173,48,0,124.47555
1428402473,68,0,70.294395
1428402773,82,0,72.877686
1428403073,66,0,111.75162
1428403373,53,0,80.302574
1428403673,72,0,64.85417
1428403973,49,0,91.940094
1428404273,64,0,76.09815
1428404573,68,0,87.594986
1428404873,72,0,83.255714
1428405173,58,0,106.5218
1428405473,65,0,98.1637
1428405773,70,0,94.41081
1428406073,76,0,96.95404
1428406373,71,0,89.79072
1428406673,83,0,78.58088
1428406973,86,0,88.50421
1428407273,70,0,101.71387
1428407573,61,0,107.517166
1428407873,73,0,89.48911
1428408173,68,0,76.88363
1428408473,58,0,109.80999
1428408773,101,0,121.63553
1428409073,63,0,138.25874
1428409373,83,0,114.66048
1428409673,60,0,82.49249
1428409973,56,0,73.97938
1428410273,60,0,98.91727
1428410573,60,0,82.53091
1428410873,74,0,77.30923
1428411173,60,0,73.053535
1428411473,78,0,75.948616
1428411773,72,0,82.395004
1428412073,82,0,52.053356
1428412373,71,0,69.65291
1428412673,87,0,89.68985
1428412973,70,0,98.324135
1428413273,104,0,93.577194
1428413573,83,0,90.55653
1428413873,78,0,84.59603
1428414173,86,0,74.589676
1428414473,97,0,88.63197
1428414773,117,0,83.4459
1428415073,137,0,89.77219
1428415373,145,0,94.60576
1428415673,122,0,97.26205
1428415973,120,0,76.9056
1428416273,90,0,142.54593
1428416573,127,0,97.26275
1428416873,112,0,107.576866
1428417173,100,0,102.35469
1428417473,101,0,94.52315
1428417773,143,0,82.507645
1428418073,124,0,83.424995
1428418373,237,1,98.34286
1428418673,173,0,124.742065
1428418973,145,0,109.87082
1428419273,139,0,164.23091
1428419573,115,0,100.96293
1428419873,102,0,130.63608
1428420173,101,0,170.90833
1428420473,164,0,167.20628
1428420773,119,0,166.86691
1428421073,134,0,185.09613
1428421373,150,0,116.39976
1428421673,169,0,92.66119
1428421973,112,0,143.10454
1428422273,150,0,143.38565
1428422573,127,0,105.65695
1428422873,126,0,113.63882
1428423173,176,0,173.44246
1428423473,141,0,128.80692
1428423773,140,0,99.76453
1428424073,124,0,159.84811
1428424373,134,0,108.20683
1428424673,146,0,113.045166
1428424973,178,0,103.27238
1428425273,228,1,114.88256
1428425573,174,0,98.55258
1428425873,187,0,113.89345
1428426173,153,0,141.2938
1428426473,145,0,119.81955
1428426773,130,0,127.00769
1428427073,151,0,110.12386
1428427373,144,0,107.59764
1428427673,117,0,136.2733
1428427973,102,0,123.59268
1428428273,108,0,110.963455
1428428573,107,0,95.57282
1428428873,111,0,86.21764
1428429173,95,0,103.921684
1428429473,125,0,93.57471
1428429773,185,1,97.24471
1428430073,205,0,91.28948
1428430373,149,0,127.30231
1428430673,137,0,130.55989
1428430973,125,0,137.73155
1428431273,104,0,92.90786
1428431573,99,0,158.29605
1428431873,135,0,214.32657
1428432173,114,0,137.228
1428432473,91,0,116.43214
1428432773,88,0,118.73525
1428433073,106,0,119.367775
1428433373,173,0,97.18547
1428433673,145,0,100.64573
1428433973,489,1,108.40332
1428434273,1280,1,282.51215
1428434573,440,0,319.34317
1428434873,343,0,284.402
1428435173,252,0,230.6841
1428435473,233,0,153.60263
1428435773,275,0,150.00334
1428436073,259,0,156.38612
1428436373,638,1,223.42049
1428436673,303,0,361.76807
1428436973,215,0,188.91278
1428437273,190,0,178.04037
1428437573,185,0,153.40102
1428437873,221,0,188.14293
1428438173,211,0,206.91579
1428438473,182,0,153.07106
1428438773,143,0,158.88116
1428439073,168,0,164.5382
1428439373,171,0,144.98347
1428439673,130,0,156.34894
1428439973,295,1,149.37453
1428440273,234,0,166.36911
1428440573,149,0,148.06107
1428440873,181,0,174.31352
1428441173,139,0,154.6045
1428441473,130,0,143.30756
1428441773,125,0,126.08226
1428442073,118,0,139.79488
1428442373,151,0,140.42201
1428442673,128,0,108.319855
1428442973,84,0,111.09608
1428443273,158,0,106.38579
1428443573,134,0,114.02624
1428443873,144,0,125.9235
1428444173,147,0,110.831215
1428444473,116,0,103.181625
1428444773,118,0,109.23809
1428445073,92,0,108.27335
1428445373,161,0,78.05208
1428445673,186,0,137.55855
1428445973,155,0,108.16871
1428446273,124,0,94.065414
1428446573,127,0,98.900085
1428446873,105,0,109.316925
1428447173,91,0,110.89109
1428447473,103,0,116.71602
1428447773,120,0,107.9396
1428448073,74,0,136.36116
1428448373,116,0,118.330284
1428448673,93,0,128.67476
1428448973,91,0,107.44636
1428449273,97,0,104.99888
1428449573,102,0,113.7467
1428449873,69,0,113.49128
1428450173,85,0,98.91516
1428450473,98,0,78.0706
1428450773,66,0,90.59719
1428451073,91,0,104.489265
1428451373,150,0,101.48503
1428451673,107,0,92.61055
1428451973,100,0,79.17152
1428452273,135,0,79.86503
1428452573,150,0,101.51202
1428452873,149,0,99.28965
1428453173,103,0,121.88454
1428453473,109,0,111.338264
1428453773,110,0,96.25035
1428454073,72,0,100.084045
1428454373,73,0,111.961784
1428454673,167,0,117.59109
1428454973,96,0,105.350174
1428455273,71,0,113.15627
1428455573,106,0,110.17907
1428455873,107,0,103.716896
1428456173,67,0,110.96965
1428456473,129,0,142.55582
1428456773,83,0,115.225975
1428457073,91,0,112.87938
1428457373,101,0,103.51198
1428457673,82,0,108.71044
1428457973,81,0,110.99194
1428458273,77,0,115.02433
1428458573,120,0,101.18399
1428458873,83,0,117.309265
1428459173,93,0,104.61766
1428459473,62,0,97.89647
1428459773,113,0,100.27163
1428460073,83,0,100.245895
1428460373,75,0,97.62298
1428460673,64,0,106.450485
1428460973,267,1,92.77408
1428461273,96,0,115.02625
1428461573,114,0,98.14276
1428461873,97,0,111.28181
1428462173,76,0,92.29584
1428462473,108,0,99.608376
1428462773,82,0,116.26382
1428463073,77,0,102.68121
1428463373,52,0,100.63115
1428463673,66,0,120.80822
1428463973,66,0,108.92543
1428464273,59,0,95.04201
1428464573,70,0,87.836136
1428464873,48,0,88.3769
1428465173,59,0,80.67548
1428465473,89,0,102.812096
1428465773,64,0,91.80981
1428466073,47,0,94.433426
1428466373,59,0,80.86766
1428466673,53,0,85.295296
1428466973,58,0,89.60196
1428467273,63,0,83.31254
1428467573,50,0,88.91861
1428467873,54,0,81.94207
1428468173,36,0,78.66857
1428468473,82,0,79.87487
1428468773,57,0,85.95873
1428469073,70,0,83.03202
1428469373,49,0,76.65084
1428469673,73,0,84.473915
1428469973,81,0,81.8406
1428470273,58,0,68.98959
1428470573,41,0,71.21679
1428470873,49,0,78.60136
1428471173,52,0,66.60425
1428471473,48,0,74.28024
1428471773,38,0,81.08453
1428472073,27,0,81.73871
1428472373,37,0,72.66378
1428472673,41,0,84.08804
1428472973,37,0,74.5177
1428473273,50,0,67.34902
1428473573,38,0,63.172333
1428473873,72,0,62.519554
1428474173,36,0,59.94855
1428474473,42,0,69.420166
1428474773,24,0,76.33059
1428475073,30,0,71.53501
1428475373,22,0,66.88405
1428475673,32,0,58.25595
1428475973,28,0,66.031944
1428476273,26,0,76.24661
1428476573,25,0,64.1173
1428476873,32,0,61.979656
1428477173,41,0,64.51702
1428477473,50,0,63.557076
1428477773,24,0,58.516148
1428478073,32,0,64.77976
1428478373,39,0,64.97019
1428478673,29,0,63.49367
1428478973,36,0,70.01646
1428479273,27,0,67.876915
1428479573,26,0,64.8317
1428479873,21,0,55.129993
1428480173,21,0,50.502823
1428480473,20,0,69.706894
1428480773,17,0,53.940895
1428481073,19,0,55.258392
1428481373,14,0,65.285706
1428481673,13,0,61.07802
1428481973,30,0,53.793163
1428482273,30,0,62.925022
1428482573,21,0,58.691807
1428482873,27,0,53.141987
1428483173,53,0,59.566795
1428483473,33,0,49.34803
1428483773,39,0,61.875805
1428484073,28,0,72.33385
1428484373,43,0,69.339714
1428484673,42,0,61.851585
1428484973,50,0,55.52197
1428485273,46,0,49.940937
1428485573,38,0,68.87673
1428485873,29,0,59.020535
1428486173,67,0,44.62079
1428486473,51,0,66.328445
1428486773,49,0,65.57278
1428487073,52,0,60.276455
1428487373,35,0,50.663
1428487673,58,0,71.57109
1428487973,49,0,57.427307
1428488273,40,0,60.057796
1428488573,26,0,55.160805
1428488873,34,0,67.58184
1428489173,61,0,50.367657
1428489473,38,0,64.159096
1428489773,39,0,55.2399
1428490073,30,0,47.08779
1428490373,46,0,59.14767
1428490673,42,0,62.63153
1428490973,39,0,60.746967
1428491273,36,0,65.645065
1428491573,36,0,48.092995
1428491873,44,0,56.608784
1428492173,50,0,54.766636
1428492473,28,0,54.696743
1428492773,47,0,60.216946
1428493073,53,0,57.186947
1428493373,48,0,64.81975
1428493673,46,0,56.01023
1428493973,42,0,56.939907
1428494273,78,0,60.596104
1428494573,80,0,57.848846
1428494873,77,0,72.064186
1428495173,87,0,62.05718
1428495473,59,0,63.49677
1428495773,58,0,64.05344
1428496073,101,0,64.67726
1428496373,49,0,69.30759
1428496673,51,0,71.68858
1428496973,57,0,69.73868
1428497273,53,0,63.983265
1428497573,31,0,58.281578
1428497873,75,0,81.452156
1428498173,67,0,74.29672
1428498473,76,0,78.93499
1428498773,76,0,69.63423
1428499073,65,0,76.700615
1428499373,83,0,64.99673
1428499673,77,0,75.79224
1428499973,78,0,61.15395
1428500273,84,0,66.605316
1428500573,82,0,67.203896
1428500873,79,0,58.385597
1428501173,77,0,75.596405
1428501473,64,0,80.6171
1428501773,71,0,68.77624
1428502073,86,0,68.67605
1428502373,79,0,68.70446
1428502673,67,0,73.98791
1428502973,81,0,71.31832
1428503273,84,0,71.61322
1428503573,94,0,72.04626
1428503873,110,0,75.72634
1428504173,102,0,78.41878
1428504473,90,0,83.00819
1428504773,69,0,84.41631
1428505073,88,0,72.97313
1428505373,89,0,75.307205
1428505673,78,0,76.60785
1428505973,84,0,71.34657
1428506273,70,0,84.78659
1428506573,103,0,72.902374
1428506873,79,0,72.879364
1428507173,77,0,76.621254
1428507473,95,0,84.17593
1428507773,87,0,87.05808
1428508073,55,0,80.72301
1428508373,53,0,77.07072
1428508673,60,0,74.525635
1428508973,43,0,78.661224
1428509273,80,0,84.48616
1428509573,66,0,77.313515
1428509873,70,0,69.3005
1428510173,71,0,77.2451
1428510473,128,1,77.099945
1428510773,210,1,79.42829
1428511073,121,0,79.12998
1428511373,114,0,102.04065
1428511673,88,0,81.01622
1428511973,66,0,76.39731
1428512273,89,0,78.17698
1428512573,118,0,78.12395
1428512873,89,0,77.10578
1428513173,89,0,92.1319
1428513473,75,0,94.268585
1428513773,82,0,84.41419
1428514073,73,0,87.79319
1428514373,62,0,80.81682
1428514673,78,0,68.702446
1428514973,78,0,75.157364
1428515273,94,0,80.61894
1428515573,94,0,79.454315
1428515873,114,0,91.197426
1428516173,88,0,98.62731
1428516473,100,0,79.76683
1428516773,74,0,83.22646
1428517073,78,0,76.18154
1428517373,80,0,86.13173
1428517673,68,0,74.94428
1428517973,49,0,73.18075
1428518273,43,0,79.960915
1428518573,61,0,79.31504
1428518873,82,0,73.63988
1428519173,90,0,76.53211
1428519473,69,0,97.570335
1428519773,49,0,59.4364
1428520073,78,0,70.609924
1428520373,91,0,73.54114
1428520673,58,0,76.70058
1428520973,69,0,73.62719
1428521273,68,0,66.59618
1428521573,89,0,68.362595
1428521873,52,0,70.60721
1428522173,67,0,73.56052
1428522473,70,0,68.86639
1428522773,62,0,73.26118
1428523073,66,0,60.121853
1428523373,59,0,59.67978
1428523673,64,0,66.670456
1428523973,78,0,92.25963
1428524273,90,0,64.481285
1428524573,110,1,66.19438
1428524873,72,0,67.0089
1428525173,212,1,68.8035
1428525473,106,0,110.18168
1428525773,202,1,79.29544
1428526073,506,1,129.87917
1428526373,170,0,150.83533
1428526673,156,0,116.55189
1428526973,109,0,138.15813
1428527273,99,0,78.81689
1428527573,84,0,101.87526
1428527873,97,0,90.418015
1428528173,87,0,92.95824
1428528473,71,0,69.47935
1428528773,85,0,70.06958
1428529073,82,0,77.618416
1428529373,77,0,79.11739
1428529673,55,0,82.04168
1428529973,61,0,74.11688
1428530273,94,0,65.855896
1428530573,92,0,80.17662
1428530873,76,0,68.86101
1428531173,60,0,67.68799
1428531473,67,0,73.03014
1428531773,55,0,71.41044
1428532073,83,0,63.971584
1428532373,80,0,63.452232
1428532673,62,0,70.28264
1428532973,74,0,72.41807
1428533273,65,0,70.91589
1428533573,73,0,69.86988
1428533873,88,0,68.10599
1428534173,67,0,65.87016
1428534473,53,0,66.06781
1428534773,48,0,64.30103
1428535073,57,0,64.51124
1428535373,61,0,58.419773
1428535673,59,0,59.158916
1428535973,55,0,56.975666
1428536273,84,1,57.059353
1428536573,61,0,61.25284
1428536873,82,0,55.529873
1428537173,48,0,59.751663
1428537473,85,0,54.947266
1428537773,61,0,54.82804
1428538073,57,0,54.95701
1428538373,116,1,63.68433
1428538673,120,0,87.1213
1428538973,74,0,69.69811
1428539273,79,0,72.947716
1428539573,128,1,66.543816
1428539873,84,0,139.29317
1428540173,84,0,76.24144
1428540473,86,0,71.75894
1428540773,40,0,75.386116
1428541073,90,0,63.180397
1428541373,106,0,74.05728
1428541673,82,0,69.45348
1428541973,110,0,69.1153
1428542273,99,0,99.97907
1428542573,86,0,79.00715
1428542873,59,0,72.70106
1428543173,110,0,68.497665
1428543473,62,0,73.39836
1428543773,47,0,69.87933
1428544073,48,0,70.25029
1428544373,377,1,65.099106
1428544673,144,0,107.66177
1428544973,113,0,106.15442
1428545273,65,0,85.008286
1428545573,90,0,77.52722
1428545873,101,0,81.8349
1428546173,59,0,80.233025
1428546473,52,0,82.96891
1428546773,68,0,91.003204
1428547073,52,0,72.446266
1428547373,66,0,60.880825
1428547673,58,0,74.43849
1428547973,66,0,68.7318
1428548273,62,0,66.293495
1428548573,42,0,64.61703
1428548873,56,0,60.569977
1428549173,49,0,50.021038
1428549473,54,0,53.678368
1428549773,66,0,57.339787
1428550073,69,0,63.528595
1428550373,33,0,55.1303
1428550673,40,0,59.379173
1428550973,25,0,51.899036
1428551273,50,0,46.990303
1428551573,68,0,47.27492
1428551873,34,0,57.001797
1428552173,41,0,53.132526
1428552473,68,0,50.572956
1428552773,54,0,50.78094
1428553073,45,0,60.06766
1428553373,46,0,44.54459
1428553673,37,0,52.89241
1428553973,35,0,43.423878
1428554273,54,0,47.49053
1428554573,45,0,39.854473
1428554873,52,0,49.150375
1428555173,30,0,44.360622
1428555473,45,0,55.6387
1428555773,22,0,51.365192
1428556073,21,1,46.226482
1428556373,33,0,38.192177
1428556673,54,0,45.423016
1428556973,31,0,36.704906
1428557273,38,0,46.128506
1428557573,35,0,44.364075
1428557873,37,0,50.98882
1428558173,44,0,37.27973
1428558473,30,0,44.79439
1428558773,33,0,42.069565
1428559073,32,0,44.543785
1428559373,31,0,43.369465
1428559673,33,0,37.772335
1428559973,44,0,35.481903
1428560273,30,0,64.275024
1428560573,21,0,32.22413
1428560873,31,0,44.980656
1428561173,20,0,39.8973
1428561473,14,1,43.20492
1428561773,22,0,39.893227
1428562073,43,0,37.50469
1428562373,33,0,31.230299
1428562673,48,0,35.605835
1428562973,22,0,53.781517
1428563273,20,0,41.273277
1428563573,19,0,36.343
1428563873,17,0,37.53193
1428564173,16,0,34.197727
1428564473,22,0,38.00916
1428564773,21,0,39.57875
1428565073,17,0,38.34555
1428565373,15,0,34.449615
1428565673,23,0,42.781013
1428565973,18,0,34.546955
1428566273,35,0,26.343872
1428566573,20,0,37.417324
1428566873,15,0,32.62047
1428567173,11,0,34.882095
1428567473,10,0,34.89777
1428567773,9,0,28.490746
1428568073,21,0,37.28245
1428568373,24,0,35.864502
1428568673,19,0,41.470074
1428568973,16,0,28.62459
1428569273,18,0,37.110256
1428569573,20,0,33.537815
1428569873,105,1,28.515675
1428570173,48,0,70.7798
1428570473,17,0,35.350235
1428570773,15,0,35.561108
1428571073,19,0,38.0282
1428571373,27,0,37.833073
1428571673,7,1,40.674084
1428571973,9,0,42.35795
1428572273,25,0,34.29435
1428572573,19,0,35.632782
1428572873,12,0,24.583174
1428573173,21,0,22.268509
1428573473,32,0,33.93855
1428573773,12,0,43.8489
1428574073,22,0,32.263435
1428574373,21,0,32.632347
1428574673,25,0,25.536785
1428574973,12,0,30.9052
1428575273,21,0,31.263758
1428575573,26,0,29.045652
1428575873,33,0,29.10027
1428576173,18,0,16.360147
1428576473,18,0,24.336792
1428576773,27,0,30.538488
1428577073,27,0,32.585644
1428577373,19,0,33.676422
1428577673,34,0,30.666283
1428577973,29,0,24.850777
1428578273,27,0,28.138376
1428578573,39,0,29.694206
1428578873,34,0,22.162218
1428579173,39,0,34.509087
1428579473,29,0,33.031258
1428579773,40,0,31.412079
1428580073,24,0,28.570475
1428580373,29,0,46.775887
1428580673,34,0,35.471855
1428580973,62,0,39.445652
1428581273,38,0,40.678417
1428581573,39,0,34.07393
1428581873,33,0,39.887463
1428582173,28,0,45.69036
1428582473,42,0,50.822884
1428582773,22,0,39.644184
1428583073,64,0,43.637787
1428583373,59,0,100.357635
1428583673,40,0,38.65621
1428583973,44,0,55.11079
1428584273,49,0,67.9544
1428584573,51,0,44.751297
1428584873,41,0,56.78515
1428585173,50,0,43.37947
1428585473,57,0,68.538605
1428585773,42,0,66.79213
1428586073,61,0,52.88082
1428586373,43,0,83.435455
1428586673,62,0,46.4902
1428586973,61,0,58.1415
1428587273,65,0,46.03306
1428587573,68,0,44.70461
1428587873,140,0,80.464096
1428588173,128,0,130.51848
1428588473,87,0,109.762474
1428588773,83,0,89.22666
1428589073,76,0,97.66067
1428589373,67,0,58.09567
1428589673,77,0,53.647747
1428589973,56,0,84.67774
1428590273,62,0,57.721516
1428590573,76,0,64.77523
1428590873,88,0,60.48657
1428591173,66,0,57.851368
1428591473,58,0,61.904766
1428591773,57,0,52.855522
1428592073,66,0,51.794064
1428592373,52,0,50.02692
1428592673,51,0,48.70039
1428592973,53,0,52.459797
1428593273,69,0,52.64151
1428593573,59,0,51.975796
1428593873,57,0,57.67718
1428594173,45,0,49.212658
1428594473,63,0,55.578873
1428594773,43,0,53.360104
1428595073,55,0,52.31727
1428595373,43,0,63.400047
1428595673,39,0,77.83873
1428595973,47,0,52.99494
1428596273,51,0,54.154404
1428596573,92,1,59.490868
1428596873,95,0,100.998924
1428597173,62,0,83.65872
1428597473,77,0,67.37248
1428597773,74,0,61.751755
1428598073,263,1,52.93495
1428598373,110,0,140.80182
1428598673,91,0,119.26788
1428598973,83,0,104.52088
1428599273,95,0,82.76228
1428599573,191,0,119.4012
1428599873,102,0,130.62727
1428600173,84,0,107.576706
1428600473,100,0,115.04865
1428600773,96,0,92.97566
1428601073,84,0,103.26368
1428601373,62,0,92.06649
1428601673,55,0,121.90753
1428601973,61,0,108.2921
1428602273,86,0,77.46811
1428602573,77,0,111.419266
1428602873,59,0,104.61836
1428603173,94,0,96.530495
1428603473,58,0,82.13578
1428603773,63,0,57.208363
1428604073,81,0,64.31851
1428604373,45,0,88.24569
1428604673,57,0,69.76205
1428604973,69,0,58.359276
1428605273,72,0,77.740036
1428605573,57,0,75.70949
1428605873,90,0,58.86639
1428606173,135,0,69.608444
1428606473,65,0,95.28769
1428606773,79,0,86.950066
1428607073,84,0,75.707794
1428607373,63,0,59.055256
1428607673,128,0,59.616276
1428607973,88,0,107.38856
1428608273,70,0,86.3225
1428608573,74,0,99.02843
1428608873,46,0,58.14064
1428609173,46,0,56.54607
1428609473,65,0,61.607838
1428609773,60,0,88.16656
1428610073,49,0,60.796806
1428610373,61,0,54.82364
1428610673,61,0,71.22393
1428610973,55,0,58.33724
1428611273,88,0,63.23539
1428611573,73,0,86.44601
1428611873,54,0,71.15968
1428612173,48,0,56.737415
1428612473,45,0,64.67049
1428612773,54,0,64.34549
1428613073,64,0,68.800766
1428613373,41,0,72.11982
1428613673,44,0,53.814438
1428613973,41,0,53.30381
1428614273,45,0,60.286026
1428614573,48,0,46.068817
1428614873,52,0,53.79784
1428615173,47,0,66.91798
1428615473,44,0,48.230385
1428615773,56,0,43.688705
1428616073,38,0,52.69143
1428616373,41,0,48.268166
1428616673,63,0,78.22523
1428616973,43,0,54.521572
1428617273,50,0,51.976456
1428617573,44,0,48.68869
1428617873,49,0,44.05244
1428618173,50,0,43.97811
1428618473,50,0,56.7849
1428618773,73,0,43.494843
1428619073,80,0,58.282997
1428619373,62,0,48.647816
1428619673,53,0,55.53903
1428619973,44,0,48.132435
1428620273,64,0,59.840073
1428620573,42,0,69.52078
1428620873,48,0,57.477276
1428621173,48,0,55.09781
1428621473,40,0,47.56546
1428621773,51,0,47.02605
1428622073,43,0,53.643116
1428622373,96,0,48.81175
1428622673,63,0,60.156208
1428622973,64,0,48.03628
1428623273,52,0,50.924202
1428623573,60,0,53.412197
1428623873,54,0,51.658745
1428624173,109,0,47.781593
1428624473,71,0,57.804955
1428624773,56,0,66.09158
1428625073,54,0,44.33233
1428625373,36,0,60.60172
1428625673,56,0,60.932735
1428625973,40,0,51.1616
1428626273,121,0,59.432453
1428626573,60,0,62.20956
1428626873,52,0,61.61378
1428627173,59,0,54.47319
1428627473,41,0,57.635765
1428627773,40,0,69.1177
1428628073,41,0,53.037334
1428628373,53,0,57.48067
1428628673,35,0,52.89924
1428628973,45,0,55.274208
1428629273,42,0,42.024803
1428629573,26,0,56.4201
1428629873,50,0,60.273994
1428630173,40,0,52.784023
1428630473,52,0,41.42628
1428630773,59,0,46.804607
1428631073,47,0,56.829754
1428631373,28,0,49.00564
1428631673,32,0,50.27064
1428631973,32,0,49.99296
1428632273,37,0,38.76062
1428632573,138,1,40.688118
1428632873,35,0,67.41765
1428633173,45,0,42.364635
1428633473,77,0,57.983547
1428633773,104,1,53.047718
1428634073,33,0,36.202045
1428634373,63,0,42.7455
1428634673,44,0,42.010487
1428634973,49,0,38.65336
1428635273,44,0,42.10815
1428635573,18,0,45.724426
1428635873,40,0,34.144226
1428636173,26,0,22.18804
1428636473,31,0,35.6658
1428636773,34,0,44.333927
1428637073,37,0,40.502808
1428637373,32,0,31.282381
1428637673,23,0,27.553993
1428637973,41,0,32.9387
1428638273,23,0,31.77227
1428638573,21,0,33.18019
1428638873,37,0,32.546913
1428639173,74,1,25.06896
1428639473,38,0,26.83725
1428639773,48,0,29.458836
1428640073,36,0,32.51073
1428640373,28,0,28.851488
1428640673,22,0,29.62575
1428640973,29,0,30.488358
1428641273,16,0,27.498623
1428641573,30,0,26.632774
1428641873,34,0,27.629896
1428642173,65,1,30.742464
1428642473,55,0,32.354046
1428642773,38,0,26.303257
1428643073,42,0,22.35847
1428643373,35,0,26.367527
1428643673,46,0,27.088474
1428643973,35,0,29.274525
1428644273,19,0,29.772108
1428644573,33,0,22.64236
1428644873,18,0,27.625727
1428645173,25,0,26.726124
1428645473,18,0,23.779495
1428645773,25,0,25.93275
1428646073,48,0,22.390816
1428646373,21,0,24.803846
1428646673,16,0,25.165148
1428646973,13,0,24.367672
1428647273,25,0,25.347828
1428647573,25,0,26.643612
1428647873,12,0,27.237095
1428648173,21,0,24.376038
1428648473,14,0,20.105764
1428648773,13,0,26.154295
1428649073,13,0,24.856035
1428649373,25,0,24.631786
1428649673,33,0,30.20645
1428649973,36,0,21.417221
1428650273,37,0,17.310215
1428650573,37,0,17.268272
1428650873,32,0,24.979206
1428651173,16,0,25.199184
1428651473,25,0,31.095991
1428651773,23,0,18.19731
1428652073,14,0,20.997349
1428652373,17,0,33.98838
1428652673,18,0,16.652933
1428652973,17,0,26.588923
1428653273,42,0,32.09898
1428653573,107,1,22.252821
1428653873,95,0,61.09747
1428654173,34,0,62.69126
1428654473,15,0,35.949993
1428654773,25,0,21.123243
1428655073,9,0,24.389702
1428655373,14,0,21.618027
1428655673,19,0,26.031626
1428655973,18,0,23.16253
1428656273,19,0,18.87804
1428656573,26,0,19.454437
1428656873,17,0,23.06529
1428657173,31,0,25.09912
1428657473,17,0,24.434278
1428657773,29,0,28.671047
1428658073,29,0,20.361155
1428658373,20,0,30.237707
1428658673,15,0,30.578922
1428658973,15,0,22.82785
1428659273,13,0,28.202782
1428659573,14,0,26.36869
1428659873,57,0,21.915836
1428660173,23,0,52.578644
1428660473,24,0,26.569117
1428660773,44,0,18.251703
1428661073,12,0,28.962408
1428661373,21,0,28.721848
1428661673,20,0,28.549442
1428661973,22,0,31.844421
1428662273,29,0,37.52988
1428662573,32,0,23.938301
1428662873,21,0,24.303497
1428663173,12,0,35.106903
1428663473,27,0,35.062035
1428663773,21,0,22.842894
1428664073,24,0,28.627937
1428664373,29,0,24.38882
1428664673,24,0,32.920364
1428664973,24,0,24.803501
1428665273,37,0,34.75651
1428665573,20,0,27.695496
1428665873,27,0,31.254906
1428666173,21,0,32.62731
1428666473,54,0,27.409212
1428666773,28,0,33.341347
1428667073,214,1,43.289875
1428667373,52,0,85.4422
1428667673,36,0,69.00042
1428667973,29,0,56.641438
1428668273,50,0,39.23205
1428668573,61,0,37.166306
1428668873,34,0,63.55286
1428669173,44,0,43.277683
1428669473,63,0,57.065617
1428669773,40,0,51.92585
1428670073,36,0,72.47542
1428670373,55,0,41.62457
1428670673,82,0,63.788334
1428670973,84,0,76.9068
1428671273,56,0,87.94188
1428671573,45,0,58.82578
1428671873,55,0,48.46183
1428672173,61,0,48.93027
1428672473,68,0,53.40754
1428672773,82,0,90.34461
1428673073,76,0,74.41906
1428673373,72,0,75.53194
1428673673,54,0,57.437687
1428673973,59,0,56.853813
1428674273,126,1,59.990936
1428674573,94,0,71.83873
1428674873,59,0,77.8153
1428675173,69,0,60.58376
1428675473,52,0,54.214973
1428675773,52,0,56.06541
1428676073,49,0,53.698273
1428676373,57,0,55.049847
1428676673,56,0,54.65114
1428676973,55,0,62.498997
1428677273,60,0,56.28864
1428677573,97,1,53.908882
1428677873,93,0,58.543068
1428678173,109,0,69.12333
1428678473,73,0,56.729492
1428678773,60,0,60.151382
1428679073,49,0,58.298763
1428679373,46,0,65.49791
1428679673,49,0,57.34224
1428679973,45,0,59.125412
1428680273,62,0,52.907394
1428680573,73,0,62.334484
1428680873,63,0,64.49411
1428681173,74,0,69.91326
1428681473,193,1,66.695015
1428681773,76,0,73.3573
1428682073,66,0,73.96245
1428682373,104,0,59.262867
1428682673,72,0,71.35468
1428682973,76,0,59.618374
1428683273,72,0,77.444275
1428683573,44,0,65.55994
1428683873,75,0,52.68944
1428684173,43,0,63.513824
1428684473,81,0,53.51528
1428684773,76,0,59.59415
1428685073,60,0,62.17931
1428685373,72,0,58.26877
1428685673,69,0,59.568092
1428685973,54,0,68.179054
1428686273,42,0,65.12267
1428686573,352,1,55.606495
1428686873,71,0,96.73239
1428687173,391,1,86.37925
1428687473,93,0,105.78739
1428687773,116,0,94.01177
1428688073,64,0,94.44699
1428688373,104,0,71.98369
1428688673,63,0,87.39407
1428688973,61,0,64.928734
1428689273,61,0,61.2987
1428689573,61,0,66.34095
1428689873,101,1,55.56318
1428690173,79,0,76.22686
1428690473,84,0,74.313705
1428690773,61,0,66.0076
1428691073,78,0,69.28001
1428691373,72,0,86.76776
1428691673,81,0,67.51852
1428691973,80,0,67.75928
1428692273,69,0,69.586
1428692573,70,0,67.59658
1428692873,86,0,70.1546
1428693173,70,0,73.162285
1428693473,68,0,60.645546
1428693773,55,0,62.2229
1428694073,61,0,64.99231
1428694373,47,0,61.30096
1428694673,53,0,80.16535
1428694973,38,0,69.1877
1428695273,46,0,56.71235
1428695573,64,0,54.75176
1428695873,72,0,85.61112
1428696173,89,0,69.923996
1428696473,72,0,97.83967
1428696773,58,0,79.84763
1428697073,48,0,90.05816
1428697373,34,0,53.485188
1428697673,51,0,70.7528
1428697973,43,0,70.272
1428698273,43,0,52.602924
1428698573,66,0,49.800533
1428698873,45,0,54.035576
1428699173,34,0,46.252472
1428699473,56,0,47.481873
1428699773,51,0,60.972054
1428700073,48,0,60.92254
1428700373,41,0,46.615883
1428700673,42,0,41.01047
1428700973,42,0,43.97701
1428701273,59,0,44.90917
1428701573,42,0,50.79144
1428701873,47,0,52.323708
1428702173,41,0,46.985893
1428702473,48,0,44.197716
1428702773,30,0,43.436813
1428703073,36,0,39.54283
1428703373,47,0,39.252106
1428703673,64,0,42.71458
1428703973,43,0,41.150818
1428704273,28,0,40.702255
1428704573,43,0,41.371513
1428704873,46,0,44.113895
1428705173,54,0,43.106636
1428705473,31,0,44.003143
1428705773,34,0,39.512627
1428706073,26,0,33.943493
1428706373,39,0,41.019894
1428706673,38,0,36.497597
1428706973,45,0,40.6476
1428707273,42,0,41.520554
1428707573,46,0,41.548294
1428707873,50,0,36.679512
1428708173,47,0,34.59205
1428708473,40,0,39.43186
1428708773,46,0,38.852375
1428709073,46,0,42.79116
1428709373,54,0,35.806038
1428709673,31,0,36.909542
1428709973,38,0,39.26936
1428710273,53,0,42.899204
1428710573,41,0,39.034214
1428710873,33,0,38.41956
1428711173,58,0,39.396057
1428711473,46,0,38.48545
1428711773,32,0,38.160015
1428712073,33,0,38.104424
1428712373,59,0,39.057823
1428712673,37,0,38.50696
1428712973,42,0,38.253906
1428713273,67,0,36.233124
1428713573,38,0,43.422813
1428713873,41,0,42.490993
1428714173,35,0,46.058563
1428714473,39,0,38.168133
1428714773,59,0,38.63986
1428715073,28,0,38.734264
1428715373,36,0,37.231037
1428715673,44,0,41.96215
1428715973,35,0,40.981506
1428716273,27,0,40.12048
1428716573,36,0,33.249332
1428716873,38,0,40.175617
1428717173,46,0,37.67699
1428717473,40,0,38.45291
1428717773,42,0,44.285805
1428718073,34,0,43.19092
1428718373,34,0,36.534527
1428718673,37,0,40.02052
1428718973,36,0,41.848835
1428719273,40,0,36.334282
1428719573,38,0,39.89745
1428719873,29,0,39.001266
1428720173,31,0,34.522766
1428720473,20,0,37.528683
1428720773,49,0,39.398655
1428721073,41,0,40.548054
1428721373,33,0,39.868702
1428721673,14,0,38.198593
1428721973,45,0,35.18195
1428722273,47,0,32.249523
1428722573,32,0,37.69635
1428722873,36,0,36.950127
1428723173,33,0,36.57121
1428723473,31,0,41.402233
1428723773,20,0,38.089054
1428724073,42,0,33.672966
1428724373,24,0,34.871128
1428724673,35,0,30.730465
1428724973,35,0,37.002846
1428725273,39,0,35.49377
1428725573,30,0,33.948425
1428725873,22,0,34.973015
1428726173,15,0,36.022537
1428726473,20,0,37.707344
1428726773,35,0,34.91238
1428727073,26,0,28.484962
1428727373,47,0,32.72534
1428727673,56,0,32.754673
1428727973,55,0,51.847233
1428728273,64,0,55.032146
1428728573,64,0,42.4731
1428728873,69,0,69.52261
1428729173,53,0,43.79503
1428729473,66,0,62.416344
1428729773,99,1,34.818718
1428730073,336,1,71.17802
1428730373,317,1,74.63089
1428730673,351,1,82.9021
1428730973,303,1,89.65283
1428731273,326,1,93.065765
1428731573,282,1,79.0527
1428731873,285,1,77.77774
1428732173,132,0,86.0302
1428732473,33,0,71.15848
1428732773,25,0,51.5472
1428733073,14,0,48.499104
1428733373,11,1,40.074886
1428733673,10,1,45.960762
1428733973,18,0,48.01818
1428734273,17,0,50.697235
1428734573,24,0,42.620094
1428734873,19,0,32.18897
1428735173,9,0,32.375805
1428735473,18,0,36.973316
1428735773,8,0,40.005543
1428736073,18,0,34.166508
1428736373,16,0,28.210024
1428736673,16,0,25.525131
1428736973,15,0,27.556099
1428737273,10,0,28.708878
1428737573,11,0,28.657875
1428737873,10,0,27.865818
1428738173,11,0,27.386518
1428738473,5,0,22.867764
1428738773,7,0,24.77869
1428739073,14,0,24.017965
1428739373,12,0,25.35726
1428739673,15,0,22.240202
1428739973,25,0,35.22256
1428740273,24,0,49.702312
1428740573,31,0,41.61596
1428740873,18,0,63.277164
1428741173,18,0,29.116516
1428741473,29,0,32.46005
1428741773,21,0,28.143114
1428742073,22,0,20.092943
1428742373,19,0,26.264534
1428742673,19,0,34.188095
1428742973,12,0,39.626945
1428743273,15,0,31.596823
1428743573,15,0,36.310017
1428743873,12,0,32.834503
1428744173,12,0,24.733458
1428744473,11,0,26.308449
1428744773,15,0,30.158363
1428745073,12,0,44.37052
1428745373,10,0,26.337368
1428745673,33,0,29.897467
1428745973,14,0,25.627594
1428746273,21,0,31.307304
1428746573,8,0,32.12757
1428746873,17,0,32.80133
1428747173,14,0,28.672913
1428747473,9,0,31.65162
1428747773,5,0,29.136232
1428748073,13,0,32.736084
1428748373,14,0,31.589409
1428748673,12,0,32.627735
1428748973,7,1,29.980738
1428749273,14,0,29.535955
1428749573,21,0,35.275375
1428749873,19,0,30.635492
1428750173,10,0,31.710966
1428750473,17,0,33.030807
1428750773,10,0,42.830566
1428751073,13,0,33.966263
1428751373,12,0,34.68273
1428751673,19,0,35.330334
1428751973,10,0,36.3948
1428752273,10,1,35.775337
1428752573,18,0,28.846163
1428752873,9,1,31.307085
1428753173,10,0,30.732386
1428753473,21,0,33.796413
1428753773,37,0,32.553307
1428754073,12,0,36.13891
1428754373,38,0,29.89909
1428754673,19,0,35.183926
1428754973,25,0,36.456806
1428755273,24,0,36.404984
1428755573,41,0,33.1588
1428755873,26,0,35.769173
1428756173,19,0,37.102886
1428756473,18,0,37.160454
1428756773,18,0,35.16831
1428757073,31,0,37.047817
1428757373,33,0,41.370083
1428757673,29,0,42.35499
1428757973,26,0,34.45284
1428758273,25,0,39.032776
1428758573,20,0,34.226837
1428758873,23,0,34.847878
1428759173,32,0,31.224823
1428759473,18,0,40.330925
1428759773,41,0,32.975098
1428760073,16,0,35.852592
1428760373,25,0,38.90591
1428760673,70,0,46.90039
1428760973,76,0,87.231155
1428761273,74,0,80.49883
1428761573,57,0,104.52404
1428761873,44,0,49.40036
1428762173,51,0,38.573914
1428762473,64,0,47.64807
1428762773,414,1,74.09556
1428763073,168,0,122.778114
1428763373,181,0,108.864296
1428763673,128,1,64.68178
1428763973,88,0,97.00169
1428764273,81,0,105.19048
1428764573,103,0,76.03782
1428764873,80,0,63.75647
1428765173,73,0,61.66831
1428765473,73,0,57.45224
1428765773,57,0,53.060158
1428766073,53,0,56.44432
1428766373,47,0,64.51307
1428766673,47,0,59.962406
1428766973,46,0,56.240616
1428767273,64,0,56.25044
1428767573,76,0,51.09013
1428767873,55,0,48.95957
1428768173,41,0,51.620926
1428768473,47,0,56.718174
1428768773,58,0,47.23307
1428769073,65,0,49.85967
1428769373,54,0,46.83314
1428769673,44,0,62.63283
1428769973,66,0,54.895187
1428770273,41,0,54.058823
1428770573,45,0,62.91815
1428770873,46,0,59.997555
1428771173,35,0,58.80531
1428771473,36,0,50.24113
1428771773,30,0,83.10536
1428772073,30,0,55.73132
1428772373,34,0,69.884186
1428772673,32,0,78.9306
1428772973,35,0,63.79439
1428773273,26,0,72.21073
1428773573,38,0,74.59706
1428773873,34,0,105.729126
1428774173,31,0,88.388824
1428774473,39,0,79.29228
1428774773,34,0,77.904854
1428775073,38,0,72.193565
1428775373,34,0,95.7571
1428775673,44,0,98.676735
1428775973,62,0,51.991047
1428776273,46,0,105.83287
1428776573,35,0,61.698452
1428776873,47,0,53.43901
1428777173,46,0,50.774456
1428777473,27,0,66.71559
1428777773,45,0,65.52989
1428778073,43,0,102.5868
1428778373,41,0,75.843155
1428778673,52,0,47.69547
1428778973,56,0,38.597523
1428779273,29,0,29.319244
1428779573,29,0,26.17903
1428779873,31,0,31.080801
1428780173,27,0,23.495758
1428780473,40,0,25.094683
1428780773,46,0,29.138647
1428781073,68,1,26.072384
1428781373,40,0,33.945454
1428781673,39,0,33.72356
1428781973,51,0,33.69785
1428782273,63,0,60.143883
1428782573,52,0,48.178467
1428782873,39,0,37.579773
1428783173,53,0,45.320034
1428783473,37,0,48.28135
1428783773,41,0,36.651615
1428784073,38,0,33.05581
1428784373,28,0,33.71446
1428784673,26,0,31.329367
1428784973,26,0,32.25586
1428785273,33,0,26.665876
1428785573,30,0,33.913338
1428785873,37,0,30.47661
1428786173,25,0,38.08525
1428786473,44,0,34.35445
1428786773,38,0,35.564686
1428787073,32,0,42.69845
1428787373,30,0,36.538815
1428787673,42,0,29.998236
1428787973,34,0,31.864397
1428788273,32,0,37.489094
1428788573,46,0,36.756447
1428788873,43,0,33.65243
1428789173,34,0,38.43727
1428789473,38,0,30.725374
1428789773,255,1,33.32144
1428790073,59,0,114.18817
1428790373,65,0,51.286148
1428790673,46,0,39.07609
1428790973,36,0,32.486813
1428791273,44,0,32.735516
1428791573,32,0,42.65502
1428791873,39,0,33.960724
1428792173,33,0,41.132885
1428792473,25,0,33.212612
1428792773,32,0,31.448942
1428793073,33,0,39.447823
1428793373,41,0,37.477863
1428793673,78,0,36.6406
1428793973,42,0,32.85171
1428794273,39,0,32.871426
1428794573,30,0,28.784933
1428794873,36,0,36.304813
1428795173,42,0,31.505493
1428795473,54,0,35.303635
1428795773,47,0,42.26827
1428796073,28,0,37.759197
1428796373,28,0,29.697414
1428796673,25,0,31.02249
1428796973,31,0,35.868885
1428797273,46,0,32.018623
1428797573,35,0,31.68603
1428797873,26,0,30.007889
1428798173,30,0,26.611881
1428798473,40,0,35.165073
1428798773,29,0,30.118826
1428799073,28,0,33.21944
1428799373,47,0,32.479507
1428799673,46,0,31.4544
1428799973,84,0,30.573357
1428800273,40,0,54.613544
1428800573,41,0,43.071766
1428800873,34,0,48.955627
1428801173,50,0,37.89157
1428801473,55,0,36.210526
1428801773,56,0,35.03307
1428802073,58,0,50.267788
1428802373,39,0,45.875156
1428802673,65,0,47.079876
1428802973,45,0,62.46906
1428803273,53,0,80.16275
1428803573,60,0,43.929943
1428803873,50,0,42.315285
1428804173,44,0,78.39663
1428804473,47,0,46.768593
1428804773,46,0,35.30701
1428805073,62,0,40.14421
1428805373,54,0,31.410275
1428805673,41,0,42.4479
1428805973,21,0,38.08905
1428806273,16,0,39.60262
1428806573,24,0,32.14556
1428806873,20,0,35.348644
1428807173,15,0,30.099585
1428807473,20,0,30.991432
1428807773,20,0,35.96743
1428808073,19,0,32.147247
1428808373,19,0,31.608387
1428808673,33,0,33.788578
1428808973,28,0,33.318287
1428809273,14,0,28.534271
1428809573,41,0,34.391376
1428809873,55,0,33.282448
1428810173,62,1,28.57714
1428810473,46,0,35.677258
1428810773,42,0,32.79387
1428811073,41,0,34.112907
1428811373,24,0,31.52623
1428811673,16,0,29.19108
1428811973,19,0,26.067574
1428812273,16,0,24.597982
1428812573,14,0,27.524817
1428812873,23,0,24.40471
1428813173,13,0,25.384676
1428813473,25,0,27.37792
1428813773,24,0,22.377066
1428814073,17,0,21.36984
1428814373,35,0,21.869144
1428814673,22,0,23.833475
1428814973,8,1,29.16521
1428815273,19,0,22.547161
1428815573,21,0,21.928743
1428815873,20,0,21.567337
1428816173,18,0,19.513714
1428816473,32,0,23.709936
1428816773,13,0,23.55348
1428817073,22,0,23.094631
1428817373,24,0,22.941607
1428817673,23,0,18.513962
1428817973,14,0,17.875458
1428818273,39,0,20.475977
1428818573,21,0,23.01799
1428818873,12,0,24.22139
1428819173,17,0,21.117134
1428819473,26,0,21.24794
1428819773,13,0,21.790741
1428820073,29,0,19.78919
1428820373,21,0,22.687437
1428820673,12,0,18.786146
1428820973,12,0,20.278307
1428821273,6,0,22.51309
1428821573,13,0,21.74411
1428821873,21,0,16.040627
1428822173,24,0,20.75369
1428822473,11,0,21.836086
1428822773,9,0,22.773539
1428823073,15,0,19.846739
1428823373,19,0,20.692015
1428823673,18,0,22.827318
1428823973,9,0,22.111103
1428824273,12,0,19.263857
1428824573,24,0,16.552973
1428824873,37,0,20.649677
1428825173,43,1,18.897419
1428825473,44,1,21.112984
1428825773,27,0,22.480621
1428826073,19,0,22.416357
1428826373,27,0,24.109238
1428826673,28,0,24.293331
1428826973,33,0,23.568695
1428827273,37,0,25.576097
1428827573,21,0,23.31653
1428827873,27,0,20.748528
1428828173,10,0,25.48723
1428828473,14,0,20.912985
1428828773,22,0,20.818695
1428829073,8,0,22.392328
1428829373,10,0,22.703577
1428829673,6,0,21.544498
1428829973,10,0,18.485281
1428830273,13,0,21.101841
1428830573,9,0,21.994034
1428830873,11,0,26.33523
1428831173,6,0,21.287886
1428831473,8,0,21.635178
1428831773,11,0,22.90821
1428832073,10,0,25.1242
1428832373,7,0,25.067461
1428832673,39,0,20.590565
1428832973,11,0,20.281176
1428833273,18,0,19.153067
1428833573,15,0,25.903542
1428833873,8,0,16.483631
1428834173,10,0,19.458773
1428834473,33,0,21.693012
1428834773,9,0,22.246353
1428835073,5,0,23.60692
1428835373,9,0,19.19367
1428835673,15,0,17.137001
1428835973,10,0,17.989054
1428836273,17,0,20.85287
1428836573,10,0,22.123652
1428836873,20,0,18.812601
1428837173,21,0,21.244802
1428837473,28,0,20.846266
1428837773,18,0,24.41252
1428838073,22,0,29.157179
1428838373,15,0,21.425533
1428838673,31,0,23.109266
1428838973,22,0,28.734846
1428839273,20,0,23.794811
1428839573,18,0,29.644072
1428839873,22,0,26.444317
1428840173,15,0,28.715433
1428840473,23,0,28.337032
1428840773,20,0,28.375277
1428841073,17,0,28.082289
1428841373,17,0,21.499022
1428841673,26,0,26.304682
1428841973,12,0,25.904104
1428842273,16,0,32.865913
1428842573,21,0,23.70708
1428842873,13,0,24.354897
1428843173,44,0,27.776201
1428843473,23,0,29.763603
1428843773,25,0,31.022186
1428844073,34,0,25.319366
1428844373,33,0,26.311779
1428844673,25,0,22.850044
1428844973,24,0,29.750807
1428845273,24,0,33.391068
1428845573,21,0,28.326847
1428845873,29,0,27.64712
1428846173,16,0,28.108461
1428846473,21,0,24.793064
1428846773,16,0,26.76987
1428847073,31,0,29.029821
1428847373,23,0,40.830173
1428847673,30,0,28.192757
1428847973,21,0,40.360348
1428848273,35,0,24.247309
1428848573,21,0,35.613976
1428848873,37,0,32.777733
1428849173,16,0,25.350986
1428849473,23,0,27.44936
1428849773,33,0,30.67376
1428850073,26,0,31.54056
1428850373,30,0,32.377934
1428850673,30,0,40.759995
1428850973,33,0,24.767492
1428851273,33,0,28.221828
1428851573,40,0,27.81629
1428851873,21,0,34.785503
1428852173,30,0,32.987408
1428852473,33,0,27.81662
1428852773,41,0,29.098934
1428853073,25,0,38.08747
1428853373,44,0,28.795876
1428853673,41,0,29.084045
1428853973,24,0,31.322348
1428854273,43,0,28.071213
1428854573,50,0,36.8513
1428854873,36,0,28.284643
1428855173,38,0,32.497772
1428855473,26,0,32.310085
1428855773,25,0,29.21385
1428856073,52,1,29.318224
1428856373,86,1,35.502254
1428856673,35,0,43.70683
1428856973,24,0,37.917595
1428857273,27,0,32.512276
1428857573,36,0,29.143673
1428857873,55,0,32.56413
1428858173,45,0,42.003628
1428858473,29,0,38.77273
1428858773,48,0,31.171965
1428859073,42,0,33.748047
1428859373,34,0,30.814365
1428859673,43,0,29.930408
1428859973,33,0,31.43392
1428860273,29,0,29.726383
1428860573,31,0,31.752789
1428860873,48,1,28.820635
1428861173,40,0,34.59897
1428861473,53,0,34.024986
1428861773,44,0,34.386173
1428862073,53,1,30.410564
1428862373,57,1,34.61076
1428862673,69,1,39.797897
1428862973,64,1,36.53165
1428863273,78,1,39.753593
1428863573,58,0,41.64297
1428863873,65,1,33.08907
1428864173,77,1,37.517498
1428864473,75,1,38.55991
1428864773,55,1,35.045284
1428865073,64,1,36.71708
1428865373,63,1,34.410686
1428865673,31,0,34.71054
1428865973,46,0,32.007366
1428866273,103,1,32.700306
1428866573,77,1,34.86569
1428866873,37,0,39.660763
1428867173,52,0,34.108517
1428867473,50,0,36.45761
1428867773,44,0,32.98406
1428868073,52,0,33.6683
1428868373,29,0,33.380005
1428868673,38,0,32.224205
1428868973,39,0,33.909035
1428869273,48,1,32.159748
1428869573,25,0,29.13332
1428869873,21,0,30.881548
1428870173,45,0,26.263796
1428870473,39,0,31.36724
1428870773,20,0,30.223295
1428871073,28,0,28.126486
1428871373,30,0,29.495407
1428871673,27,0,30.548191
1428871973,27,0,29.53061
1428872273,39,0,28.987558
1428872573,41,0,28.533434
1428872873,37,0,27.771854
1428873173,31,0,29.137726
1428873473,44,0,29.737476
1428873773,33,0,27.402143
1428874073,42,0,28.434566
1428874373,29,0,28.592106
1428874673,29,0,27.898314
1428874973,23,0,29.213593
1428875273,18,0,27.919575
1428875573,24,0,27.855309
1428875873,22,0,26.582567
1428876173,41,0,28.788717
1428876473,30,0,25.78462
1428876773,34,0,26.931822
1428877073,31,0,28.811918
1428877373,22,0,28.668282
1428877673,24,0,26.319231
1428877973,36,0,23.619188
1428878273,33,0,24.438484
1428878573,26,0,27.811356
1428878873,27,0,28.063652
1428879173,33,0,27.935944
1428879473,24,0,26.913433
1428879773,38,0,29.148525
1428880073,264,1,28.39541
1428880373,266,1,50.544235
1428880673,116,0,61.37113
1428880973,92,0,63.303146
1428881273,98,0,63.743217
1428881573,68,0,62.305058
1428881873,90,1,46.740063
1428882173,71,0,70.59323
1428882473,57,0,48.46879
1428882773,77,0,43.193817
1428883073,67,0,51.94489
1428883373,64,0,40.08808
1428883673,65,0,47.615295
1428883973,82,0,58.186066
1428884273,59,0,44.84459
1428884573,47,0,40.28107
1428884873,87,0,44.747505
1428885173,44,0,72.1659
1428885473,44,0,38.359825
1428885773,53,0,44.5848
1428886073,64,0,46.033894
1428886373,83,0,50.861916
1428886673,105,0,75.16102
1428886973,77,0,79.31732
1428887273,48,0,76.51383
1428887573,45,0,67.67613
1428887873,39,0,56.490612
1428888173,42,0,38.78438
1428888473,44,0,44.410114
1428888773,59,0,42.83925
1428889073,58,0,44.06629
1428889373,35,0,42.036278
1428889673,41,0,46.570305
1428889973,47,0,37.548172
1428890273,42,0,54.719215
1428890573,42,0,42.749096
1428890873,28,0,33.31418
1428891173,49,0,34.89888
1428891473,39,0,38.712166
1428891773,39,0,36.75387
1428892073,40,0,30.37508
1428892373,45,0,45.46514
1428892673,29,0,38.29218
1428892973,32,0,34.702084
1428893273,29,0,31.399988
1428893573,38,0,30.066559
1428893873,41,0,29.60806
1428894173,39,0,28.888798
1428894473,33,0,39.22635
1428894773,25,0,32.645416
1428895073,33,0,34.760414
1428895373,38,0,45.70553
1428895673,43,0,36.127598
1428895973,30,0,41.962524
1428896273,37,0,33.42831
1428896573,41,0,27.709187
1428896873,92,1,30.011412
1428897173,47,0,66.03809
1428897473,53,0,62.879673
1428897773,54,0,66.070656
1428898073,72,0,45.31404
1428898373,63,0,52.836456
1428898673,57,0,66.10532
1428898973,50,0,58.98056
1428899273,63,0,50.86114
1428899573,45,0,69.54504
1428899873,64,0,62.84435
1428900173,40,0,53.13159
1428900473,31,0,48.04308
1428900773,56,0,37.479668
1428901073,40,0,52.82546
1428901373,29,0,41.376823
1428901673,29,0,29.926252
1428901973,23,0,36.308582
1428902273,30,0,33.608868
1428902573,34,0,32.26321
1428902873,45,0,26.380909
1428903173,21,0,25.632748
1428903473,19,0,22.96508
1428903773,24,0,23.348652
1428904073,24,0,24.272234
1428904373,32,0,25.093994
1428904673,35,0,21.413956
1428904973,33,0,21.963226
1428905273,35,0,18.730616
1428905573,36,0,26.227905
1428905873,46,0,24.685518
1428906173,25,0,29.396585
1428906473,13,0,28.51361
1428906773,23,0,22.029701
1428907073,23,0,23.274847
1428907373,10,0,27.022877
1428907673,16,0,27.069366
1428907973,14,0,25.196917
1428908273,18,0,20.496088
1428908573,19,0,23.893648
1428908873,13,0,20.58946
1428909173,10,0,21.708784
1428909473,16,0,22.974653
1428909773,32,0,19.805723
1428910073,14,0,20.986681
1428910373,8,0,17.573877
1428910673,15,0,19.779406
1428910973,13,0,25.149296
1428911273,14,0,15.599386
1428911573,9,0,21.72533
1428911873,20,0,16.821604
1428912173,13,0,15.250682
1428912473,9,0,21.20724
1428912773,8,0,21.098845
1428913073,15,0,15.86984
1428913373,9,0,20.412317
1428913673,12,0,17.267246
1428913973,15,0,22.306217
1428914273,13,0,15.673668
1428914573,14,0,24.931057
1428914873,18,0,22.714968
1428915173,12,0,17.829082
1428915473,35,0,19.269133
1428915773,27,0,19.131811
1428916073,15,0,16.315237
1428916373,16,0,19.948402
1428916673,1068,1,21.125443
1428916973,226,1,56.998688
1428917273,165,0,83.17542
1428917573,127,0,100.606255
1428917873,115,0,65.26809
1428918173,114,0,88.440994
1428918473,99,0,73.4378
1428918773,85,0,66.872475
1428919073,145,1,57.23415
1428919373,105,0,65.71771
1428919673,86,0,55.166576
1428919973,114,0,55.202484
1428920273,94,0,61.398506
1428920573,81,0,57.065666
1428920873,105,1,36.256092
1428921173,68,0,61.38873
1428921473,79,0,54.81612
1428921773,100,0,59.502483
1428922073,63,0,59.57812
1428922373,67,0,54.325256
1428922673,103,0,49.15622
1428922973,91,0,57.61539
1428923273,70,0,34.70222
1428923573,132,1,56.31335
1428923873,84,0,66.66907
1428924173,67,0,66.56288
1428924473,105,0,43.146114
1428924773,88,0,47.959293
1428925073,81,0,56.05152
1428925373,74,0,50.577885
1428925673,76,0,53.268375
1428925973,62,0,52.588226
1428926273,85,0,48.968468
1428926573,66,0,56.186512
1428926873,100,0,51.566895
1428927173,86,0,49.183384
1428927473,75,0,51.57006
1428927773,58,0,52.7647
1428928073,51,0,58.47297
1428928373,75,0,48.804684
1428928673,61,0,47.444656
1428928973,62,0,63.747406
1428929273,61,0,38.70794
1428929573,62,0,48.476
1428929873,691,1,58.18743
1428930173,201,0,88.25405
1428930473,132,0,84.46565
1428930773,53,0,78.61499
1428931073,53,0,66.70472
1428931373,81,0,69.65415
1428931673,59,0,70.22464
1428931973,69,0,68.84347
1428932273,70,0,76.72623
1428932573,57,0,75.03164
1428932873,62,0,61.355247
1428933173,73,0,58.83805
1428933473,95,0,56.62404
1428933773,65,0,66.8651
1428934073,70,0,75.86284
1428934373,51,0,56.76697
1428934673,72,0,68.883766
1428934973,73,0,68.39642
1428935273,57,0,76.537254
1428935573,75,0,75.25255
1428935873,50,0,79.45263
1428936173,66,0,54.114975
1428936473,57,0,63.720505
1428936773,48,0,70.870056
1428937073,73,0,61.816383
1428937373,90,0,76.10148
1428937673,75,0,61.51493
1428937973,155,0,51.20154
1428938273,109,0,71.96494
1428938573,83,0,74.54364
1428938873,84,0,80.24195
1428939173,70,0,75.7638
1428939473,59,0,58.391193
1428939773,76,0,84.52778
1428940073,85,0,75.173386
1428940373,87,0,98.42063
1428940673,99,0,80.674065
1428940973,75,0,57.46785
1428941273,101,0,67.511314
1428941573,122,0,68.999916
1428941873,95,0,68.159966
1428942173,83,0,97.12917
1428942473,85,0,65.30018
1428942773,71,0,68.52459
1428943073,87,0,62.25424
1428943373,139,0,67.120705
1428943673,73,0,69.095215
1428943973,96,0,80.001816
1428944273,66,0,66.658005
1428944573,62,0,72.01569
1428944873,78,0,71.610634
1428945173,94,0,73.35475
1428945473,63,0,86.312416
1428945773,77,0,69.70366
1428946073,75,0,80.72013
1428946373,68,0,70.74542
1428946673,74,0,62.064903
1428946973,77,0,75.058304
1428947273,74,0,73.646805
1428947573,51,0,67.689896
1428947873,62,0,68.822
1428948173,66,0,69.686775
1428948473,75,0,72.08251
1428948773,88,0,72.398926
1428949073,72,0,77.83178
1428949373,51,0,79.789734
1428949673,76,0,81.36253
1428949973,85,0,71.15334
1428950273,73,0,78.85846
1428950573,69,0,71.47146
1428950873,53,0,84.19204
1428951173,69,0,82.3011
1428951473,79,0,70.348656
1428951773,54,0,72.11924
1428952073,74,0,85.856636
1428952373,67,0,110.05994
1428952673,66,0,101.57247
1428952973,56,0,72.24023
1428953273,58,0,82.21926
1428953573,56,0,80.2861
1428953873,68,0,69.84396
1428954173,57,0,70.63659
1428954473,60,0,80.59279
1428954773,23,0,68.6382
1428955073,110,0,73.28125
1428955373,54,0,75.8731
1428955673,65,0,84.88432
1428955973,63,0,70.29289
1428956273,68,0,86.19371
1428956573,62,0,84.45036
1428956873,65,0,103.18579
1428957173,57,0,71.4594
1428957473,67,0,76.10288
1428957773,78,0,83.29543
1428958073,70,0,74.00414
1428958373,125,0,59.446674
1428958673,87,0,73.07594
1428958973,108,0,75.22124
1428959273,76,0,81.106575
1428959573,68,0,77.72162
1428959873,72,0,74.76958
1428960173,66,0,83.83174
1428960473,114,0,84.17899
1428960773,87,0,72.06143
1428961073,81,0,70.72301
1428961373,64,0,82.125885
1428961673,79,0,74.89857
1428961973,49,0,69.10565
1428962273,66,0,78.378746
1428962573,60,0,70.689606
1428962873,70,0,80.74574
1428963173,48,0,73.66877
1428963473,66,0,63.33458
1428963773,57,0,59.589203
1428964073,60,0,68.83437
1428964373,65,0,69.60863
1428964673,76,0,68.70907
1428964973,48,0,61.63635
1428965273,61,0,65.16306
1428965573,69,0,64.35626
1428965873,70,0,60.691902
1428966173,40,0,54.76399
1428966473,53,0,62.233
1428966773,42,0,52.894672
1428967073,47,0,52.132988
1428967373,56,0,65.580154
1428967673,65,0,58.555206
1428967973,69,0,61.48738
1428968273,55,0,55.445656
1428968573,62,0,51.21943
1428968873,72,0,62.70172
1428969173,57,0,62.239918
1428969473,110,1,55.60745
1428969773,96,0,57.028347
1428970073,55,0,57.749237
1428970373,34,0,61.93863
1428970673,42,0,65.132034
1428970973,50,0,55.247223
1428971273,47,0,60.000893
1428971573,62,0,69.91546
1428971873,40,0,73.3811
1428972173,37,0,74.29815
1428972473,39,0,76.42483
1428972773,51,0,71.902824
1428973073,123,1,56.54
1428973373,67,0,105.81755
1428973673,104,0,102.438545
1428973973,76,0,84.57203
1428974273,44,0,90.53343
1428974573,36,0,124.66788
1428974873,49,0,71.11055
1428975173,26,0,98.96478
1428975473,57,0,84.60795
1428975773,46,0,137.69829
1428976073,42,0,76.79071
1428976373,45,0,85.11369
1428976673,42,0,58.55943
1428976973,39,0,55.862267
1428977273,71,0,66.35732
1428977573,187,0,101.23252
1428977873,151,0,142.91202
1428978173,125,0,183.52333
1428978473,156,0,156.17361
1428978773,131,0,158.91182
1428979073,99,0,112.74794
1428979373,119,0,139.65315
1428979673,122,0,84.5166
1428979973,138,0,84.95212
1428980273,71,0,89.19028
1428980573,79,0,80.24417
1428980873,63,0,81.65894
1428981173,93,0,83.71778
1428981473,74,0,82.088295
1428981773,71,0,81.21384
1428982073,79,0,61.003315
1428982373,45,0,59.96897
1428982673,51,0,54.18387
1428982973,64,0,61.269096
1428983273,54,0,56.399372
1428983573,65,0,48.659164
1428983873,263,1,54.484035
1428984173,152,0,82.33399
1428984473,88,0,61.61683
1428984773,100,0,70.34008
1428985073,138,1,59.892006
1428985373,134,0,74.63081
1428985673,84,0,67.814735
1428985973,75,0,63.45744
1428986273,69,0,56.05111
1428986573,50,0,62.26763
1428986873,79,0,53.3788
1428987173,84,0,65.29551
1428987473,63,0,62.64028
1428987773,50,0,58.200935
1428988073,41,0,49.466106
1428988373,40,0,52.351414
1428988673,28,0,65.09624
1428988973,50,0,57.68022
1428989273,48,0,46.02951
1428989573,47,0,50.920002
1428989873,35,0,45.855198
1428990173,48,0,41.400677
1428990473,37,0,53.917282
1428990773,49,0,56.430916
1428991073,66,0,56.28347
1428991373,46,0,49.41299
1428991673,61,0,50.480316
1428991973,57,0,59.9629
1428992273,30,0,52.127247
1428992573,64,0,69.897964
1428992873,50,0,109.397575
1428993173,55,0,84.754486
1428993473,35,0,69.95855
1428993773,31,0,51.579483
1428994073,24,0,50.860123
1428994373,69,0,47.85049
1428994673,26,0,62.832134
1428994973,39,0,46.053535
1428995273,42,0,41.869755
1428995573,41,0,50.729378
1428995873,50,0,43.690952
1428996173,27,0,81.84739
1428996473,28,0,49.095695
1428996773,43,0,90.36759
1428997073,19,0,95.834946
1428997373,22,0,61.0724
1428997673,36,0,70.703186
1428997973,26,0,52.028378
1428998273,18,0,58.573524
1428998573,30,0,49.547054
1428998873,11,0,44.06544
1428999173,13,0,46.61888
1428999473,23,0,38.192448
1428999773,14,0,50.313972
1429000073,19,0,52.053062
1429000373,27,0,33.566525
1429000673,33,0,33.170586
1429000973,39,0,42.510166
1429001273,24,0,52.25723
1429001573,20,0,53.280155
1429001873,21,0,53.59094
1429002173,19,0,40.358383
1429002473,21,0,71.36111
1429002773,14,0,39.91235
1429003073,34,0,39.96413
1429003373,30,0,38.786804
1429003673,21,0,34.89722
1429003973,19,0,65.656166
1429004273,15,0,35.59997
1429004573,22,0,29.95298
1429004873,17,0,39.801006
1429005173,17,0,35.407562
1429005473,33,0,41.798298
1429005773,31,0,34.331825
1429006073,32,0,34.6265
1429006373,25,0,33.81619
1429006673,29,0,31.282724
1429006973,23,0,30.348722
1429007273,21,0,29.585646
1429007573,31,0,26.923714
1429007873,32,0,22.153801
1429008173,61,0,23.12256
1429008473,23,0,37.86075
1429008773,35,0,59.325348
1429009073,37,0,64.940834
1429009373,29,0,39.893005
1429009673,24,0,56.617546
1429009973,19,0,35.310925
1429010273,22,0,24.398264
1429010573,35,0,49.992287
1429010873,26,0,47.45185
1429011173,31,0,41.72074
1429011473,54,0,35.540485
1429011773,61,0,63.395462
1429012073,38,0,66.98858
1429012373,42,0,49.74728
1429012673,50,0,38.587498
1429012973,68,0,43.91059
1429013273,53,0,69.88896
1429013573,30,0,100.265724
1429013873,50,0,71.49971
1429014173,41,0,71.07985
1429014473,35,0,78.73536
1429014773,40,0,73.905136
1429015073,41,0,34.526005
1429015373,50,0,40.97487
1429015673,47,0,36.775143
1429015973,33,0,42.230682
1429016273,58,0,43.644398
1429016573,78,0,43.589603
1429016873,52,0,67.59415
1429017173,49,0,67.42005
1429017473,52,0,78.350845
1429017773,38,0,62.117146
1429018073,39,0,41.97599
1429018373,42,0,46.316174
1429018673,48,0,58.41066
1429018973,89,0,49.41365
1429019273,61,0,60.13319
1429019573,59,0,47.006424
1429019873,83,0,51.182026
1429020173,95,0,55.82323
1429020473,109,1,58.117203
1429020773,3995,1,62.206856
1429021073,1294,1,88.129
1429021373,726,1,134.0326
1429021673,592,1,88.4054
1429021973,448,1,90.926125
1429022273,615,1,136.13928
1429022573,384,1,136.62976
1429022873,350,1,152.67264
1429023173,290,0,152.26167
1429023473,266,1,103.54837
1429023773,263,1,105.33034
1429024073,217,0,97.618385
1429024373,191,0,129.0769
1429024673,167,0,117.57026
1429024973,164,0,88.480576
1429025273,150,0,79.220566
1429025573,157,0,67.827774
1429025873,122,0,75.17566
1429026173,136,0,85.45425
1429026473,186,1,82.270676
1429026773,214,1,91.02752
1429027073,236,1,63.44976
1429027373,157,0,81.73216
1429027673,168,0,78.230225
1429027973,196,1,95.157104
1429028273,195,1,69.072784
1429028573,139,0,85.40652
1429028873,206,1,91.76957
1429029173,194,1,110.63763
1429029473,169,0,94.99499
1429029773,201,0,86.5403
1429030073,193,1,94.464455
1429030373,146,0,104.70953
1429030673,216,1,82.129585
1429030973,187,0,81.104164
1429031273,124,0,74.7217
1429031573,122,0,58.444145
1429031873,133,0,76.88969
1429032173,110,0,91.23076
1429032473,185,1,94.88113
1429032773,152,0,71.88568
1429033073,174,1,49.127888
1429033373,110,0,94.72109
1429033673,118,0,86.27952
1429033973,196,0,91.08479
1429034273,120,0,103.059265
1429034573,117,0,86.14228
1429034873,98,0,83.01428
1429035173,97,0,90.106514
1429035473,80,0,96.09874
1429035773,73,0,79.210945
1429036073,101,0,62.83693
1429036373,84,0,78.10434
1429036673,89,0,97.87524
1429036973,93,0,103.773735
1429037273,180,0,91.520195
1429037573,189,0,98.53986
1429037873,158,0,112.239075
1429038173,191,0,108.43535
1429038473,94,0,95.39607
1429038773,88,0,102.39509
1429039073,83,0,119.424416
1429039373,100,0,110.5435
1429039673,86,0,72.44195
1429039973,78,0,60.32552
1429040273,106,0,72.289085
1429040573,108,0,75.68855
1429040873,100,0,97.04684
1429041173,111,0,96.383865
1429041473,166,0,87.71257
1429041773,131,0,80.34445
1429042073,98,0,81.128174
1429042373,71,0,79.12021
1429042673,82,0,79.79492
1429042973,92,0,47.468475
1429043273,76,0,55.902954
1429043573,91,0,70.518555
1429043873,140,0,57.149834
1429044173,184,0,64.55259
1429044473,148,0,63.290024
1429044773,140,0,77.9337
1429045073,162,0,85.23168
1429045373,710,1,76.76735
1429045673,425,1,102.49408
1429045973,230,0,97.78421
1429046273,299,1,85.10369
1429046573,216,0,86.59277
1429046873,187,0,81.78885
1429047173,114,0,110.7257
1429047473,112,0,101.58289
1429047773,107,0,92.06879
1429048073,110,0,78.70134
1429048373,112,0,101.66596
1429048673,342,1,62.42536
1429048973,569,1,103.64646
1429049273,623,1,139.02963
1429049573,1871,1,110.33765
1429049873,733,0,461.87106
1429050173,624,1,228.55316
1429050473,529,0,249.62958
1429050773,568,1,187.3941
1429051073,505,1,197.6758
1429051373,493,1,230.88599
1429051673,2137,1,158.82018
1429051973,4138,1,314.5082
1429052273,3838,1,682.9909
1429052573,8795,1,819.58215
1429052873,9476,1,1260.6078
1429053173,8301,1,1694.8633
1429053473,11694,1,1845.6825
1429053773,11899,1,2227.1982
1429054073,9310,1,1684.125
1429054373,2393,0,2716.1272
1429054673,1353,0,1239.1251
1429054973,2437,1,694.21735
1429055273,1561,0,1207.849
1429055573,873,0,726.30005
1429055873,653,0,767.2388
1429056173,455,0,475.10617
1429056473,497,0,374.9118
1429056773,419,0,358.84763
1429057073,312,0,512.5282
1429057373,374,0,598.77094
1429057673,286,0,643.51086
1429057973,254,0,338.15463
1429058273,368,0,518.88727
1429058573,238,0,380.7302
1429058873,248,0,442.83282
1429059173,189,0,481.41998
1429059473,217,0,200.42625
1429059773,194,0,545.304
1429060073,134,0,387.54532
1429060373,210,0,336.38007
1429060673,169,0,297.66174
1429060973,160,0,410.16092
1429061273,169,0,167.66812
1429061573,215,0,64.53775
1429061873,140,0,150.07024
1429062173,112,0,-26.495571
1429062473,140,0,-87.15488
1429062773,127,0,159.75728
1429063073,109,0,194.23245
1429063373,137,0,73.2953
1429063673,144,0,122.8308
1429063973,167,0,156.34837
1429064273,146,0,12.622526
1429064573,175,0,1.2236433
1429064873,140,0,22.86283
1429065173,310,0,144.59566
1429065473,137,0,174.85889
1429065773,169,0,-36.976604
1429066073,177,0,19.487345
1429066373,167,0,169.4451
1429066673,139,0,7.106989
1429066973,139,0,122.619385
1429067273,106,0,228.80804
1429067573,85,0,110.11305
1429067873,97,0,-43.24933
1429068173,111,0,42.367157
1429068473,86,0,88.90577
1429068773,110,0,215.86707
1429069073,130,0,245.64453
1429069373,104,0,202.18454
1429069673,104,0,159.96718
1429069973,107,0,70.49251
1429070273,115,0,84.00633
1429070573,70,0,86.070305
1429070873,98,0,381.70734
1429071173,81,0,379.2223
1429071473,85,0,343.45294
1429071773,84,0,216.01695
1429072073,78,0,635.2262
1429072373,101,0,281.36526
1429072673,102,0,225.30815
1429072973,122,0,-8.978786
1429073273,142,0,49.540386
1429073573,124,0,-0.09915769
1429073873,140,0,45.999462
1429074173,115,0,-77.44986
1429074473,124,0,128.55418
1429074773,91,0,-73.5271
1429075073,161,0,46.85865
1429075373,125,0,141.58449
1429075673,128,0,219.94781
1429075973,197,0,28.222794
1429076273,149,0,131.65198
1429076573,103,0,48.858723
1429076873,110,0,-172.4105
1429077173,109,0,131.29823
1429077473,110,0,76.67922
1429077773,76,0,72.85293
1429078073,66,0,-44.813953
1429078373,126,0,24.822754
1429078673,119,0,337.20117
1429078973,160,0,-217.29892
1429079273,142,0,-204.00116
1429079573,125,0,216.35057
1429079873,113,0,-54.8952
1429080173,86,0,29.971136
1429080473,101,0,-153.70644
1429080773,94,0,-83.52646
1429081073,74,0,-85.1831
1429081373,89,0,-0.07966605
1429081673,54,0,96.482254
1429081973,59,0,-39.57715
1429082273,37,0,451.80536
1429082573,38,0,36.483166
1429082873,34,0,-166.57501
1429083173,24,0,-112.99659
1429083473,28,0,158.6079
1429083773,39,0,239.36572
1429084073,28,0,-234.8544
1429084373,50,0,-95.614235
1429084673,41,0,-127.03536
1429084973,33,0,-93.440834
1429085273,74,0,-237.26047
1429085573,16,0,-88.119865
1429085873,48,0,493.03455
1429086173,31,0,116.69708
1429086473,57,0,177.85017
1429086773,40,0,494.76822
1429087073,56,0,264.9945
1429087373,30,0,67.11945
1429087673,43,0,-95.88099
1429087973,18,0,127.4251
1429088273,42,0,-8.634768
1429088573,26,0,332.22397
1429088873,37,0,126.743225
1429089173,44,0,135.53258
1429089473,35,0,114.99539
1429089773,59,0,60.786682
1429090073,59,0,-16.297827
1429090373,29,0,125.67735
1429090673,29,0,112.140434
1429090973,26,0,175.73566
1429091273,25,0,143.53398
1429091573,27,0,-100.18189
1429091873,32,0,36.08165
1429092173,71,0,-23.360714
1429092473,42,0,-75.77865
1429092773,30,0,84.46993
1429093073,39,0,7.6142554
1429093373,46,0,54.92939
1429093673,35,0,88.76386
1429093973,24,0,-109.904915
1429094273,46,0,17.312687
1429094573,38,0,-140.69751
1429094873,43,0,-45.10957
1429095173,41,0,1.55957
1429095473,37,0,49.240295
1429095773,52,0,105.268684
1429096073,59,0,35.05207
1429096373,41,0,37.221252
1429096673,47,0,173.1878
1429096973,38,0,21.812944
1429097273,55,0,18.999357
1429097573,61,0,-4.4310803
1429097873,48,0,-2.6623764
1429098173,51,0,96.52494
1429098473,54,0,172.60774
1429098773,43,0,33.389294
1429099073,70,0,114.366806
1429099373,78,0,110.30974
1429099673,62,0,113.143234
1429099973,44,0,207.46022
1429100273,45,0,237.29808
1429100573,69,0,194.83833
1429100873,57,0,245.42233
1429101173,60,0,59.97654
1429101473,85,0,316.28778
1429101773,44,0,180.2955
1429102073,42,0,181.26016
1429102373,57,0,47.501713
1429102673,65,0,122.420876
1429102973,72,0,32.689854
1429103273,59,0,156.29176
1429103573,68,0,45.47206
1429103873,56,0,207.27838
1429104173,61,0,92.57675
1429104473,59,0,289.04236
1429104773,63,0,212.23169
1429105073,77,0,133.60149
1429105373,59,0,64.34596
1429105673,45,0,226.79858
1429105973,51,0,159.054
1429106273,63,0,215.50401
1429106573,59,0,158.82236
1429106873,65,0,165.45451
1429107173,73,0,47.77174
1429107473,84,0,235.15553
1429107773,120,0,211.91878
1429108073,91,0,250.4704
1429108373,88,0,108.97384
1429108673,74,0,57.07665
1429108973,81,0,-48.695892
1429109273,84,0,173.892
1429109573,63,0,196.07657
1429109873,104,0,64.61579
1429110173,86,0,10.810785
1429110473,91,0,48.344612
1429110773,83,0,143.90393
1429111073,81,0,65.011444
1429111373,119,0,90.20874
1429111673,115,0,130.53778
1429111973,108,0,239.23943
1429112273,88,0,30.572083
1429112573,79,0,101.13627
1429112873,93,0,221.04446
1429113173,100,0,96.82366
1429113473,111,0,252.41055
1429113773,106,0,207.63203
1429114073,98,0,259.78958
1429114373,62,0,92.58685
1429114673,134,0,156.1052
1429114973,83,0,86.15695
1429115273,115,0,274.65494
1429115573,149,0,153.01004
1429115873,109,0,0.96112597
1429116173,131,0,439.2461
1429116473,109,0,135.48932
1429116773,88,0,279.7784
1429117073,82,0,85.9309
1429117373,69,0,67.12562
1429117673,67,0,240.41634
1429117973,59,0,52.049217
1429118273,78,0,-27.786812
1429118573,56,0,-39.65402
1429118873,65,0,38.089016
1429119173,47,0,117.76245
1429119473,58,0,-17.47091
1429119773,85,0,340.30444
1429120073,42,0,13.541982
1429120373,50,0,-137.14954
1429120673,79,0,-14.552623
1429120973,56,0,-52.65446
1429121273,80,0,57.085953
1429121573,90,0,210.02176
1429121873,73,0,76.648415
1429122173,81,0,156.34773
1429122473,98,0,-33.655228
1429122773,61,0,152.39748
1429123073,52,0,112.99203
1429123373,98,0,223.1639
1429123673,103,0,118.90664
1429123973,92,0,115.55872
1429124273,68,0,59.149563
1429124573,69,0,62.018307
1429124873,84,0,-123.74077
1429125173,109,0,193.63663
1429125473,98,0,245.20183
1429125773,64,0,155.26186
1429126073,93,0,26.88779
1429126373,105,0,103.20857
1429126673,77,0,112.71521
1429126973,85,0,247.7011
1429127273,73,0,133.61716
1429127573,74,0,278.55307
1429127873,101,0,151.91507
1429128173,95,0,147.05954
1429128473,48,0,-41.52425
1429128773,51,0,142.3059
1429129073,87,0,97.92163
1429129373,98,0,-50.762695
1429129673,115,0,-32.595493
1429129973,99,0,233.43471
1429130273,76,0,-12.10831
1429130573,113,0,7.8822336
1429130873,89,0,47.51713
1429131173,72,0,149.30077
1429131473,129,0,-6.152216
1429131773,99,0,-10.362827
1429132073,119,0,128.3261
1429132373,90,0,-12.967173
1429132673,62,0,24.294579
1429132973,47,0,61.314083
1429133273,76,0,152.61838
1429133573,76,0,50.61086
1429133873,75,0,60.781246
1429134173,78,0,65.99261
1429134473,75,0,17.674093
1429134773,84,0,164.54816
1429135073,86,0,14.848671
1429135373,197,0,29.496199
1429135673,153,0,43.79082
1429135973,141,0,83.49726
1429136273,130,0,51.10499
1429136573,71,0,63.350582
1429136873,87,0,71.234665
1429137173,58,0,102.503914
1429137473,61,0,73.61911
1429137773,91,0,83.4908
1429138073,67,0,84.60472
1429138373,55,0,73.74185
1429138673,47,0,72.45724
1429138973,60,0,69.005936
1429139273,48,0,71.120384
1429139573,52,0,75.17874
1429139873,47,0,67.22937
1429140173,35,0,67.29506
1429140473,36,0,55.72464
1429140773,49,0,64.445244
1429141073,54,0,63.932407
1429141373,54,0,69.234665
1429141673,70,0,65.92455
1429141973,33,0,59.55296
1429142273,67,0,59.47208
1429142573,52,0,53.493248
1429142873,72,0,50.221382
1429143173,156,1,67.048294
1429143473,113,0,85.27882
1429143773,88,0,72.76632
1429144073,106,0,73.831406
1429144373,82,0,64.87836
1429144673,73,0,58.89567
1429144973,49,0,66.6627
1429145273,66,0,60.268475
1429145573,282,1,62.124638
1429145873,204,1,94.10906
1429146173,118,0,109.161026
1429146473,132,1,84.86472
1429146773,84,0,122.187225
1429147073,154,1,95.67809
1429147373,82,0,104.031525
1429147673,148,1,74.08297
1429147973,105,0,106.88355
1429148273,110,0,74.29708
1429148573,65,0,83.61015
1429148873,182,1,85.04299
1429149173,82,0,113.209206
1429149473,69,0,114.98531
1429149773,66,0,89.73766
1429150073,45,0,89.4614
1429150373,55,0,73.846436
1429150673,56,0,72.250404
1429150973,46,0,82.793495
1429151273,64,0,75.85379
1429151573,51,0,68.408226
1429151873,59,0,81.85385
1429152173,60,0,77.67727
1429152473,76,0,70.57194
1429152773,86,0,79.90171
1429153073,54,0,69.12555
1429153373,81,0,76.33468
1429153673,56,0,79.55505
1429153973,32,0,82.798416
1429154273,45,0,82.06954
1429154573,40,0,83.28669
1429154873,49,0,65.47879
1429155173,94,0,77.45725
1429155473,68,0,70.558
1429155773,425,1,75.613434
1429156073,216,0,132.07031
1429156373,156,0,142.6614
1429156673,106,0,157.5759
1429156973,104,0,148.54503
1429157273,77,0,80.06041
1429157573,81,0,91.265076
1429157873,91,0,82.30582
1429158173,97,0,74.177475
1429158473,76,0,89.80985
1429158773,56,0,89.910255
1429159073,97,0,74.58457
1429159373,106,0,96.98453
1429159673,100,0,92.62009
1429159973,75,0,82.294365
1429160273,87,0,77.485016
1429160573,99,0,89.339
1429160873,161,0,86.22205
1429161173,180,0,109.172325
1429161473,119,0,107.31792
1429161773,78,0,112.35685
1429162073,89,0,103.77326
1429162373,78,0,84.062744
1429162673,104,0,81.66234
1429162973,84,0,108.99919
1429163273,91,0,87.86833
1429163573,109,0,90.84406
1429163873,47,0,77.67531
1429164173,52,0,104.53989
1429164473,58,0,71.4754
1429164773,87,0,79.71521
1429165073,77,0,70.67609
1429165373,49,1,72.97443
1429165673,41,0,63.258614
1429165973,53,0,66.718254
1429166273,63,0,62.75582
1429166573,64,0,63.619236
1429166873,82,0,69.98486
1429167173,68,0,69.456436
1429167473,94,0,70.94566
1429167773,66,0,68.267105
1429168073,73,0,61.044437
1429168373,33,0,66.56874
1429168673,68,0,71.784164
1429168973,66,0,69.64506
1429169273,55,0,60.856438
1429169573,50,0,62.691154
1429169873,40,0,61.664967
1429170173,23,1,58.377197
1429170473,46,1,64.83239
1429170773,62,0,55.674908
1429171073,71,0,58.42789
1429171373,71,0,57.195244
1429171673,52,0,58.629673
1429171973,54,0,57.45624
1429172273,46,0,63.599995
1429172573,72,0,64.38799
1429172873,73,0,62.628403
1429173173,41,1,64.37904
1429173473,58,0,61.7238
1429173773,43,0,62.28806
1429174073,37,0,59.295326
1429174373,36,0,55.21
1429174673,47,0,56.237797
1429174973,61,0,51.8316
1429175273,44,0,58.44231
1429175573,49,0,56.05161
1429175873,39,0,62.776928
1429176173,43,1,63.496834
1429176473,26,1,55.54783
1429176773,29,1,61.579773
1429177073,26,1,57.02914
1429177373,38,0,56.566288
1429177673,20,1,54.911457
1429177973,31,0,52.67696
1429178273,44,0,54.53175
1429178573,36,0,60.65777
1429178873,25,0,53.953667
1429179173,23,1,54.576622
1429179473,30,0,52.965233
1429179773,28,0,49.79183
1429180073,38,0,52.430798
1429180373,34,0,54.469482
1429180673,20,0,51.185677
1429180973,34,0,50.312134
1429181273,22,0,57.381443
1429181573,29,0,45.5409
1429181873,24,0,46.80784
1429182173,25,0,44.32075
1429182473,34,0,48.795105
1429182773,42,0,47.992107
1429183073,45,0,51.675358
1429183373,43,0,50.35132
1429183673,34,0,44.821045
1429183973,44,0,43.612328
1429184273,53,0,53.003227
1429184573,43,0,50.632114
1429184873,33,0,45.74024
1429185173,43,0,50.440186
1429185473,46,0,49.21223
1429185773,48,0,50.09493
1429186073,49,0,47.0437
1429186373,70,1,43.258625
1429186673,55,0,55.348904
1429186973,40,0,49.00891
1429187273,58,0,57.217937
1429187573,46,0,52.26904
1429187873,61,0,48.950962
1429188173,48,0,56.878834
1429188473,43,0,47.374397
1429188773,38,0,48.69888
1429189073,40,0,53.747124
1429189373,26,0,60.110497
1429189673,41,0,51.621387
1429189973,60,0,47.12108
1429190273,27,0,48.749264
1429190573,35,0,45.575317
1429190873,44,0,51.57104
1429191173,38,0,51.57988
1429191473,52,0,48.136868
1429191773,73,0,65.84445
1429192073,38,1,66.85748
1429192373,32,0,45.870598
1429192673,57,0,53.69042
1429192973,39,0,46.4154
1429193273,40,0,50.805004
1429193573,25,0,61.229046
1429193873,57,0,60.77579
1429194173,80,0,59.96379
1429194473,60,0,58.619186
1429194773,45,0,48.06946
1429195073,73,0,49.53956
1429195373,76,0,57.87519
1429195673,54,0,55.87864
1429195973,47,0,66.22878
1429196273,64,0,53.22711
1429196573,72,0,55.31901
1429196873,81,0,59.749645
1429197173,50,0,64.73871
1429197473,37,1,70.11488
1429197773,46,0,57.01161
1429198073,66,0,55.685295
1429198373,71,0,55.960934
1429198673,51,0,63.124382
1429198973,49,0,61.84832
1429199273,60,0,55.757816
1429199573,66,0,68.289825
1429199873,111,0,67.3539
1429200173,73,0,63.0978
1429200473,50,0,59.607544
1429200773,63,0,59.432087
1429201073,51,0,67.39688
1429201373,39,0,59.279457
1429201673,79,0,56.64362
1429201973,76,0,51.46978
1429202273,71,0,56.880295
1429202573,79,0,67.83004
1429202873,55,0,59.728394
1429203173,53,0,63.572006
1429203473,61,0,64.18216
1429203773,54,0,62.30685
1429204073,62,0,56.263935
1429204373,41,0,64.5757
1429204673,60,0,58.00308
1429204973,37,0,62.74335
1429205273,79,0,56.544724
1429205573,37,0,55.567154
1429205873,48,0,53.29119
1429206173,91,0,57.76812
1429206473,65,0,96.97132
1429206773,72,0,60.289978
1429207073,63,0,59.691055
1429207373,66,0,54.890934
1429207673,68,0,56.793446
1429207973,68,0,104.117134
1429208273,77,0,64.40061
1429208573,68,0,59.085857
1429208873,56,0,55.381565
1429209173,93,1,49.619728
1429209473,68,0,51.511017
1429209773,70,0,64.46301
1429210073,58,0,63.723293
1429210373,43,0,67.495026
1429210673,46,0,67.0992
1429210973,79,0,49.159225
1429211273,44,0,48.34564
1429211573,52,0,52.96928
1429211873,46,0,54.407337
1429212173,72,0,54.244884
1429212473,55,0,50.26905
1429212773,47,0,50.371883
1429213073,47,0,49.250023
1429213373,63,0,52.984882
1429213673,312,1,55.2598
1429213973,496,1,118.30126
1429214273,226,0,125.89738
1429214573,129,0,122.972404
1429214873,108,0,142.33615
1429215173,105,0,142.51704
1429215473,92,0,86.50783
1429215773,94,0,86.598145
1429216073,88,0,75.20597
1429216373,92,0,78.653404
1429216673,77,0,58.031033
1429216973,86,0,69.25344
1429217273,71,0,77.02532
1429217573,83,0,63.97376
1429217873,95,0,71.358574
1429218173,403,1,80.59529
1429218473,410,1,141.37024
1429218773,283,1,137.7668
1429219073,162,0,138.11096
1429219373,154,0,133.81383
1429219673,158,0,117.73945
1429219973,157,0,116.51962
1429220273,166,1,80.90798
1429220573,102,0,116.95295
1429220873,117,0,80.67409
1429221173,96,0,84.66284
1429221473,93,0,78.87238
1429221773,106,0,100.496864
1429222073,68,0,71.410065
1429222373,55,0,66.355705
1429222673,75,0,63.956596
1429222973,78,0,67.91372
1429223273,55,0,53.461246
1429223573,61,0,72.53874
1429223873,50,0,64.01208
1429224173,85,0,70.46624
1429224473,108,0,54.840763
1429224773,89,0,69.04571
1429225073,112,0,55.359055
1429225373,58,0,71.116684
1429225673,63,0,63.79229
1429225973,70,0,65.13954
1429226273,82,0,92.579346
1429226573,63,0,75.173744
1429226873,61,0,48.991543
1429227173,82,0,77.44641
1429227473,129,0,91.282715
1429227773,84,0,80.13802
1429228073,61,0,59.920677
1429228373,86,0,98.92194
1429228673,66,0,78.38153
1429228973,94,0,60.874416
1429229273,69,0,72.46839
1429229573,80,0,61.04859
1429229873,90,0,69.85711
1429230173,58,0,64.16401
1429230473,57,0,70.9709
1429230773,65,0,73.62667
1429231073,60,0,84.22257
1429231373,72,0,64.840576
1429231673,60,0,66.304405
1429231973,71,0,70.63654
1429232273,89,0,68.0225
1429232573,65,0,74.94277
1429232873,74,0,67.12518
1429233173,80,0,70.79031
1429233473,49,0,82.71926
1429233773,48,0,70.192154
1429234073,84,0,61.493286
1429234373,52,0,58.861668
1429234673,47,0,52.83041
1429234973,39,0,55.386242
1429235273,54,0,60.036118
1429235573,51,0,53.979214
1429235873,58,0,51.07784
1429236173,89,0,49.227676
1429236473,70,0,60.16585
1429236773,83,0,58.023857
1429237073,56,0,66.59908
1429237373,85,0,67.68299
1429237673,59,0,67.36385
1429237973,63,0,45.40799
1429238273,80,0,71.39309
1429238573,59,0,58.097626
1429238873,61,0,51.227898
1429239173,54,0,76.632324
1429239473,81,0,61.712917
1429239773,96,0,59.121227
1429240073,78,0,52.99842
1429240373,82,0,65.22013
1429240673,73,0,58.752605
1429240973,77,0,60.521343
1429241273,66,0,67.743324
1429241573,55,0,60.8901
1429241873,51,0,60.900017
1429242173,34,0,90.08862
1429242473,46,0,59.45148
1429242773,52,0,60.367992
1429243073,34,0,45.04149
1429243373,56,0,53.03518
1429243673,49,0,90.12987
1429243973,41,0,55.50057
1429244273,35,0,54.65871
1429244573,46,0,56.065235
1429244873,48,0,51.498886
1429245173,25,0,50.84359
1429245473,29,0,50.864197
1429245773,46,0,56.992046
1429246073,29,0,60.67879
1429246373,32,0,58.830215
1429246673,39,0,50.655132
1429246973,26,0,51.75277
1429247273,33,0,51.477776
1429247573,32,0,56.845398
1429247873,35,0,62.41065
1429248173,34,0,55.08319
1429248473,55,0,37.897495
1429248773,51,0,80.13843
1429249073,34,0,63.64106
1429249373,37,0,62.817024
1429249673,54,0,54.415016
1429249973,42,0,47.137657
1429250273,48,0,46.616673
1429250573,47,0,51.984886
1429250873,38,0,79.846535
1429251173,33,0,45.133
1429251473,36,0,45.114983
1429251773,36,0,51.65987
1429252073,36,0,42.756123
1429252373,35,0,49.458706
1429252673,42,0,46.96566
1429252973,32,0,56.44886
1429253273,27,0,45.145252
1429253573,34,0,49.998985
1429253873,20,0,43.452805
1429254173,31,0,40.11501
1429254473,30,0,43.33864
1429254773,37,0,44.89978
1429255073,44,0,44.532715
1429255373,34,0,41.8783
1429255673,39,0,43.373745
1429255973,24,0,35.02167
1429256273,32,0,42.806717
1429256573,28,0,44.475273
1429256873,40,0,39.942287
1429257173,19,0,49.273624
1429257473,20,0,37.5244
1429257773,30,0,33.686924
1429258073,24,0,32.762413
1429258373,42,0,37.1079
1429258673,32,0,43.42139
1429258973,34,0,37.177277
1429259273,42,0,37.878376
1429259573,28,0,32.508373
1429259873,36,0,39.14643
1429260173,25,0,40.87344
1429260473,54,0,43.43993
1429260773,23,0,40.873234
1429261073,40,0,33.08704
1429261373,33,0,37.447506
1429261673,40,0,43.96807
1429261973,28,0,32.437916
1429262273,36,0,41.26219
1429262573,22,0,39.65687
1429262873,27,0,36.56238
1429263173,30,0,35.606987
1429263473,31,0,38.179405
1429263773,22,0,34.255585
1429264073,36,0,37.766014
1429264373,27,0,36.311615
1429264673,28,0,38.243477
1429264973,34,0,35.241783
1429265273,42,0,33.39974
1429265573,37,0,36.107586
1429265873,44,0,34.95263
1429266173,43,0,38.04047
1429266473,40,0,39.92309
1429266773,32,0,38.244728
1429267073,35,0,37.55992
1429267373,32,0,40.67643
1429267673,24,0,40.15638
1429267973,36,0,42.05878
1429268273,28,0,42.193897
1429268573,40,0,31.098795
1429268873,46,0,40.08962
1429269173,52,0,43.554306
1429269473,52,0,35.88211
1429269773,42,0,40.696114
1429270073,70,0,45.53184
1429270373,43,0,40.092266
1429270673,32,0,45.588074
1429270973,43,0,42.86887
1429271273,41,0,43.912304
1429271573,339,1,43.206356
1429271873,974,1,125.901115
1429272173,257,0,155.71175
1429272473,314,0,146.32083
1429272773,457,1,160.13454
1429273073,555,1,174.47661
1429273373,725,1,166.73192
1429273673,155,0,151.06783
1429273973,161,0,107.53562
1429274273,184,0,113.469864
1429274573,181,0,109.45986
1429274873,157,1,83.68927
1429275173,204,1,72.65738
1429275473,190,0,113.72189
1429275773,54,0,82.54587
1429276073,56,0,78.927185
1429276373,48,0,85.905846
1429276673,57,0,66.82902
1429276973,62,0,69.30605
1429277273,48,0,96.60912
1429277573,58,0,86.90038
1429277873,62,0,74.87937
1429278173,50,0,75.31892
1429278473,60,0,66.11593
1429278773,63,0,74.73935
1429279073,60,0,88.90309
1429279373,53,0,71.84599
1429279673,59,0,56.525333
1429279973,60,0,65.68123
1429280273,62,0,68.7146
1429280573,90,0,63.392876
1429280873,210,1,70.43047
1429281173,113,0,136.07681
1429281473,86,0,77.410736
1429281773,101,0,101.60399
1429282073,101,0,77.37872
1429282373,72,0,88.97447
1429282673,91,0,87.18098
1429282973,61,0,95.183525
1429283273,64,0,95.761925
1429283573,71,0,73.77858
1429283873,58,0,80.81874
1429284173,53,0,68.10676
1429284473,134,0,72.4174
1429284773,100,0,69.92772
1429285073,68,0,100.321365
1429285373,67,0,70.546265
1429285673,67,0,59.56387
1429285973,80,0,61.777275
1429286273,65,0,108.86139
1429286573,80,0,68.40848
1429286873,37,0,66.844185
1429287173,56,0,59.36216
1429287473,40,0,51.246346
1429287773,36,0,57.525536
1429288073,68,0,75.43201
1429288373,38,0,64.003784
1429288673,51,0,65.10941
1429288973,31,0,210.245
1429289273,43,0,50.06134
1429289573,44,0,53.073784
1429289873,51,0,51.44323
1429290173,214,1,54.660458
1429290473,54,0,172.34808
1429290773,49,0,68.64231
1429291073,63,0,65.50476
1429291373,62,0,62.628704
1429291673,52,0,65.523544
1429291973,39,0,81.65908
1429292273,52,0,61.510853
1429292573,50,0,58.591335
1429292873,59,0,54.171432
1429293173,79,0,60.608547
1429293473,53,0,57.64433
1429293773,37,0,59.60398
1429294073,43,0,60.247646
1429294373,60,0,53.81669
1429294673,45,0,45.626293
1429294973,37,0,58.94422
1429295273,45,0,57.93749
1429295573,45,0,52.099007
1429295873,36,0,58.373398
1429296173,45,0,47.481827
1429296473,45,0,55.764576
1429296773,34,0,45.609413
1429297073,53,0,55.171444
1429297373,42,0,70.81161
1429297673,51,0,54.005505
1429297973,57,0,51.766262
1429298273,70,0,53.766987
1429298573,49,0,49.086388
1429298873,48,0,57.548115
1429299173,62,0,48.94848
1429299473,49,0,45.409657
1429299773,47,0,44.98172
1429300073,44,0,44.121483
1429300373,62,0,49.641052
1429300673,80,0,50.65975
1429300973,66,0,48.75974
1429301273,61,0,51.653965
1429301573,53,0,53.131435
1429301873,118,1,48.26911
1429302173,113,1,46.987743
1429302473,65,0,56.950672
1429302773,62,0,54.351048
1429303073,48,0,52.852825
1429303373,49,0,48.510273
1429303673,49,0,45.182613
1429303973,41,0,55.430744
1429304273,52,0,52.550415
1429304573,91,0,55.48756
1429304873,55,0,53.43299
1429305173,51,0,47.42736
1429305473,44,0,44.402237
1429305773,44,0,45.46481
1429306073,59,0,40.249283
1429306373,43,0,43.821712
1429306673,46,0,57.127533
1429306973,45,0,39.00118
1429307273,40,0,45.725582
1429307573,43,0,46.30784
1429307873,34,0,52.705185
1429308173,41,0,41.78156
1429308473,36,0,41.296455
1429308773,81,0,41.466694
1429309073,77,0,48.22102
1429309373,61,0,96.125084
1429309673,51,0,55.86839
1429309973,96,0,59.90354
1429310273,52,0,97.84359
1429310573,54,0,51.074696
1429310873,64,0,49.702206
1429311173,59,0,54.446568
1429311473,58,0,61.03794
1429311773,107,1,55.967358
1429312073,111,0,71.872826
1429312373,54,0,124.23764
1429312673,42,0,45.918903
1429312973,58,0,51.47181
1429313273,43,0,50.37355
1429313573,33,0,58.010654
1429313873,44,0,44.937565
1429314173,27,0,50.239292
1429314473,30,0,42.663513
1429314773,37,0,45.59154
1429315073,47,0,51.226063
1429315373,32,0,49.90352
1429315673,32,0,34.67034
1429315973,30,0,42.529285
1429316273,40,0,49.551067
1429316573,42,0,43.297153
1429316873,55,0,44.274055
1429317173,39,0,38.792564
1429317473,52,0,32.53045
1429317773,58,0,45.168922
1429318073,51,0,47.68548
1429318373,43,0,42.991425
1429318673,53,0,50.02769
1429318973,30,0,42.482628
1429319273,20,0,45.850494
1429319573,15,1,44.171116
1429319873,49,0,43.446632
1429320173,35,0,50.610065
1429320473,37,0,45.846798
1429320773,44,0,43.449146
1429321073,20,0,51.14074
1429321373,24,0,36.80205
1429321673,23,0,47.27321
1429321973,27,0,41.05478
1429322273,50,0,45.57912
1429322573,34,0,55.93025
1429322873,30,0,58.254845
1429323173,32,0,50.374573
1429323473,21,0,41.228737
1429323773,37,0,37.239822
1429324073,29,0,46.52382
1429324373,21,0,49.433815
1429324673,29,0,31.220901
1429324973,22,0,34.01517
1429325273,27,0,32.80491
1429325573,22,0,31.071846
1429325873,35,0,34.641567
1429326173,51,0,36.714462
1429326473,50,0,35.780807
1429326773,43,0,34.358154
1429327073,32,0,27.576763
1429327373,25,0,37.061268
1429327673,27,0,29.82547
1429327973,32,0,27.9259
1429328273,24,0,35.52921
1429328573,38,0,32.698128
1429328873,39,0,34.512074
1429329173,28,0,28.816578
1429329473,41,0,40.34107
1429329773,43,0,42.15008
1429330073,25,0,36.29511
1429330373,25,0,61.827187
1429330673,35,0,38.049854
1429330973,39,0,50.165043
1429331273,37,0,32.921288
1429331573,34,0,39.108604
1429331873,28,0,31.2035
1429332173,18,0,51.478165
1429332473,16,0,57.94845
1429332773,17,0,36.046955
1429333073,33,0,18.373621
1429333373,12,0,36.288273
1429333673,33,0,35.772198
1429333973,11,0,36.823334
1429334273,18,0,39.979324
1429334573,16,0,42.52599
1429334873,30,0,31.639477
1429335173,28,0,42.046436
1429335473,12,0,44.200165
1429335773,11,0,45.415615
1429336073,18,0,30.924025
1429336373,12,0,30.898289
1429336673,25,0,29.864153
1429336973,13,0,36.19758
1429337273,19,0,30.464931
1429337573,34,0,20.890404
1429337873,13,0,32.365726
1429338173,14,0,17.129662
1429338473,14,0,30.408321
1429338773,9,0,32.219227
1429339073,12,0,30.66988
1429339373,13,0,20.458544
1429339673,8,0,23.142845
1429339973,15,0,22.8812
1429340273,13,0,31.004717
1429340573,19,0,21.504675
1429340873,8,0,22.789618
1429341173,19,0,34.213158
1429341473,17,0,26.00999
1429341773,15,0,27.0751
1429342073,13,0,26.718657
1429342373,17,0,25.205627
1429342673,16,0,27.315577
1429342973,14,0,37.641796
1429343273,14,0,27.305895
1429343573,11,0,21.05699
1429343873,9,0,31.70143
1429344173,16,0,20.469168
1429344473,10,0,30.027653
1429344773,14,0,25.82401
1429345073,7,0,24.382084
1429345373,17,0,34.25226
1429345673,8,0,26.802406
1429345973,14,0,18.242886
1429346273,29,0,24.063055
1429346573,13,0,26.813715
1429346873,16,0,24.230976
1429347173,12,0,17.130285
1429347473,17,0,18.742907
1429347773,11,0,21.889666
1429348073,13,0,17.795732
1429348373,25,0,18.340971
1429348673,12,0,26.296684
1429348973,16,0,23.677338
1429349273,13,0,19.311451
1429349573,11,0,21.127594
1429349873,13,0,17.291874
1429350173,111,1,19.39405
1429350473,15,0,26.579937
1429350773,13,0,17.677668
1429351073,20,0,23.458582
1429351373,12,0,21.650316
1429351673,12,0,25.747982
1429351973,23,0,23.769167
1429352273,15,0,28.634325
1429352573,25,0,19.88118
1429352873,15,0,33.09792
1429353173,17,0,31.472254
1429353473,24,0,22.414158
1429353773,19,0,24.794716
1429354073,17,0,21.383871
1429354373,19,0,20.775757
1429354673,18,0,25.283932
1429354973,12,0,29.702675
1429355273,20,0,29.624792
1429355573,19,0,43.9477
1429355873,20,0,26.433146
1429356173,19,0,24.124693
1429356473,13,0,34.05474
1429356773,21,0,24.024569
1429357073,20,0,27.526665
1429357373,14,0,23.273098
1429357673,27,0,22.719265
1429357973,15,0,27.752623
1429358273,36,0,27.424694
1429358573,47,0,27.016367
1429358873,23,0,35.556114
1429359173,15,0,28.545103
1429359473,17,0,41.41421
1429359773,14,0,24.558567
1429360073,27,0,25.530134
1429360373,16,0,28.012646
1429360673,14,0,26.26576
1429360973,19,0,29.192385
1429361273,22,0,27.279163
1429361573,24,0,26.196577
1429361873,33,0,28.150988
1429362173,26,0,35.656384
1429362473,23,0,27.941076
1429362773,30,0,24.447153
1429363073,15,0,30.683561
1429363373,19,0,25.06261
1429363673,31,0,25.534792
1429363973,22,0,34.546314
1429364273,26,0,24.913956
1429364573,20,0,22.999252
1429364873,32,0,27.737343
1429365173,30,0,28.002329
1429365473,27,0,22.847393
1429365773,21,0,45.037155
1429366073,24,0,24.455704
1429366373,28,0,22.702126
1429366673,25,0,23.067085
1429366973,17,0,23.362822
1429367273,35,0,24.294016
1429367573,25,0,25.692465
1429367873,26,0,24.578117
1429368173,39,0,24.453299
1429368473,36,0,40.85388
1429368773,42,0,27.962446
1429369073,42,0,40.691914
1429369373,47,0,52.482685
1429369673,36,0,34.011433
1429369973,34,0,37.7976
1429370273,32,0,56.686104
1429370573,27,0,27.779844
1429370873,30,0,32.82283
1429371173,37,0,29.215673
1429371473,39,0,30.46753
1429371773,36,0,36.207596
1429372073,33,0,28.812023
1429372373,66,1,29.548534
1429372673,47,0,81.99578
1429372973,61,0,70.04649
1429373273,31,0,53.883965
1429373573,29,0,49.65753
1429373873,33,0,30.366434
1429374173,27,0,66.142944
1429374473,25,0,30.479376
1429374773,46,0,31.826052
1429375073,22,0,33.969387
1429375373,28,0,27.663563
1429375673,30,0,35.37252
1429375973,15,0,26.933907
1429376273,41,1,25.10343
1429376573,47,0,37.403072
1429376873,45,0,41.338833
1429377173,34,0,41.42489
1429377473,32,0,31.887186
1429377773,49,1,31.05879
1429378073,87,1,40.12506
1429378373,164,0,79.324905
1429378673,59,0,57.881657
1429378973,49,0,62.233784
1429379273,49,0,54.05002
1429379573,42,0,58.998825
1429379873,28,0,67.58433
1429380173,21,0,43.475567
1429380473,41,0,33.56196
1429380773,48,0,38.30128
1429381073,23,0,40.28906
1429381373,32,0,30.190584
1429381673,39,0,32.565235
1429381973,48,0,40.48981
1429382273,42,0,51.189747
1429382573,21,0,46.74308
1429382873,47,0,26.854874
1429383173,62,1,33.868256
1429383473,42,0,58.022865
1429383773,57,0,52.14639
1429384073,36,0,49.282314
1429384373,36,0,38.83334
1429384673,20,0,32.398197
1429384973,23,0,31.66637
1429385273,28,0,30.879723
1429385573,33,0,35.88464
1429385873,29,0,37.06541
1429386173,41,0,30.181622
1429386473,33,0,29.35077
1429386773,18,0,30.761627
1429387073,21,0,29.845379
1429387373,24,0,27.140553
1429387673,26,0,29.699623
1429387973,37,0,27.51028
1429388273,30,0,28.45604
1429388573,16,0,27.837666
1429388873,24,0,30.73065
1429389173,23,0,27.723028
1429389473,15,0,26.900488
1429389773,64,1,25.662445
1429390073,35,0,38.894104
1429390373,34,0,30.211113
1429390673,28,0,32.40386
1429390973,17,0,35.25228
1429391273,39,0,27.908152
1429391573,29,0,30.536398
1429391873,61,1,32.293777
1429392173,40,0,33.88952
1429392473,24,0,28.065826
1429392773,30,0,32.617004
1429393073,27,0,28.622883
1429393373,41,0,25.869627
1429393673,20,0,55.20957
1429393973,25,0,24.750978
1429394273,28,0,26.785282
1429394573,27,0,24.563381
1429394873,21,0,27.251017
1429395173,18,0,23.698944
1429395473,23,0,28.003725
1429395773,25,0,23.140505
1429396073,32,0,26.30858
1429396373,39,0,21.848396
1429396673,24,0,31.603418
1429396973,36,0,25.761091
1429397273,29,0,25.468616
1429397573,26,0,26.803896
1429397873,61,1,27.994259
1429398173,36,0,34.438427
1429398473,30,0,33.988995
1429398773,50,0,33.97569
1429399073,49,0,34.906723
1429399373,24,0,31.326372
1429399673,31,0,32.298145
1429399973,24,0,30.635563
1429400273,22,0,29.619066
1429400573,24,0,24.150017
1429400873,21,0,22.152987
1429401173,29,0,23.131607
1429401473,39,0,25.96077
1429401773,23,0,34.61506
1429402073,19,0,26.38957
1429402373,21,0,23.462673
1429402673,35,0,22.831242
1429402973,20,0,33.463936
1429403273,29,0,28.394232
1429403573,38,0,29.255606
1429403873,21,0,30.186323
1429404173,27,0,25.167336
1429404473,22,0,25.966326
1429404773,29,0,23.48549
1429405073,35,0,27.078669
1429405373,25,0,33.2607
1429405673,26,0,26.56139
1429405973,26,0,25.657827
1429406273,24,0,22.967474
1429406573,21,0,19.84714
1429406873,33,0,22.438341
1429407173,21,0,25.169727
1429407473,19,0,24.004395
1429407773,39,1,21.404285
1429408073,22,0,26.249725
1429408373,13,0,22.952305
1429408673,31,0,21.345848
1429408973,31,0,27.819609
1429409273,24,0,22.016088
1429409573,19,0,22.775545
1429409873,14,0,21.129389
1429410173,21,0,19.64869
1429410473,28,0,23.974161
1429410773,26,0,23.50948
1429411073,24,0,23.72197
1429411373,10,0,22.136621
1429411673,12,0,19.414473
1429411973,16,0,18.839375
1429412273,42,0,20.059227
1429412573,28,0,23.55821
1429412873,29,0,19.31099
1429413173,23,0,19.288357
1429413473,27,0,17.818523
1429413773,33,0,18.925182
1429414073,27,0,21.437496
1429414373,19,0,23.80494
1429414673,24,0,21.278517
1429414973,27,0,19.801422
1429415273,11,0,20.798857
1429415573,11,0,17.371399
1429415873,22,0,20.49535
1429416173,12,0,20.185404
1429416473,10,0,19.944504
1429416773,32,0,20.23648
1429417073,20,0,17.194872
1429417373,21,0,17.85027
1429417673,19,0,21.849174
1429417973,16,0,19.77766
1429418273,14,0,19.872456
1429418573,16,0,23.61321
1429418873,11,0,20.872662
1429419173,14,0,18.65741
1429419473,15,0,18.2348
1429419773,17,0,16.881716
1429420073,13,0,18.634657
1429420373,23,0,15.067982
1429420673,18,0,19.304768
1429420973,14,0,15.343573
1429421273,14,0,19.064217
1429421573,22,0,18.01819
1429421873,15,0,16.7184
1429422173,16,0,13.797279
1429422473,14,0,14.939967
1429422773,9,0,15.540053
1429423073,17,0,15.580846
1429423373,12,0,16.163595
1429423673,11,0,14.716909
1429423973,8,0,17.891138
1429424273,23,0,14.388037
1429424573,12,0,15.783516
1429424873,12,0,14.398705
1429425173,8,0,17.456549
1429425473,17,0,16.84843
1429425773,19,0,14.9368725
1429426073,12,0,16.78429
1429426373,10,0,19.236807
1429426673,19,0,14.42743
1429426973,9,0,15.161799
1429427273,11,0,15.44986
1429427573,11,0,15.39108
1429427873,11,0,15.328562
1429428173,10,0,15.8827505
1429428473,21,0,14.385256
1429428773,15,0,18.217922
1429429073,11,0,14.5312195
1429429373,22,0,15.007532
1429429673,9,0,15.315628
1429429973,9,0,15.3957205
1429430273,15,0,13.057668
1429430573,4,0,15.926443
1429430873,14,0,14.231398
1429431173,14,0,13.519785
1429431473,5,0,13.110786
1429431773,15,0,16.702347
1429432073,12,0,14.331671
1429432373,6,0,14.436515
1429432673,10,0,15.94345
1429432973,17,0,15.032872
1429433273,12,0,13.378075
1429433573,15,0,14.87425
1429433873,14,0,15.996558
1429434173,17,0,17.516426
1429434473,16,0,18.214996
1429434773,14,0,16.153336
1429435073,4,0,17.86538
1429435373,16,0,14.985509
1429435673,12,0,12.003426
1429435973,10,0,13.229276
1429436273,19,0,14.762433
1429436573,15,0,19.28771
1429436873,14,0,14.307567
1429437173,19,0,18.858974
1429437473,10,0,15.673287
1429437773,10,0,14.335846
1429438073,13,0,12.614016
1429438373,15,0,18.132818
1429438673,10,0,15.415619
1429438973,11,0,12.411733
1429439273,15,0,10.927286
1429439573,8,0,12.0405855
1429439873,22,0,15.853877
1429440173,13,0,19.857037
1429440473,15,0,17.953184
1429440773,14,0,14.877076
1429441073,6,0,15.469237
1429441373,10,0,14.82917
1429441673,9,0,12.475083
1429441973,18,0,14.631231
1429442273,9,0,12.112491
1429442573,14,0,9.952802
1429442873,15,0,11.982664
1429443173,18,0,13.623748
1429443473,16,0,13.062064
1429443773,15,0,12.301549
1429444073,14,0,11.779572
1429444373,19,0,12.401718
1429444673,42,0,18.815628
1429444973,21,0,15.516699
1429445273,18,0,18.879042
1429445573,15,0,16.950388
1429445873,13,0,22.443903
1429446173,34,0,13.802627
1429446473,13,0,20.183842
1429446773,16,0,17.827673
1429447073,18,0,15.747224
1429447373,20,0,26.073132
1429447673,28,0,23.568233
1429447973,28,0,19.378689
1429448273,14,0,21.111362
1429448573,22,0,24.430384
1429448873,17,0,13.944315
1429449173,14,0,20.222336
1429449473,41,1,17.655813
1429449773,29,0,26.563116
1429450073,38,0,20.252562
1429450373,28,0,27.530144
1429450673,49,1,18.03008
1429450973,34,0,44.970215
1429451273,41,0,25.82975
1429451573,59,0,38.320457
1429451873,52,0,64.73213
1429452173,43,0,50.852238
1429452473,66,0,33.497967
1429452773,50,0,50.67156
1429453073,51,0,53.986584
1429453373,65,0,65.52572
1429453673,49,0,60.05396
1429453973,34,0,56.36742
1429454273,31,0,41.14346
1429454573,33,0,41.35241
1429454873,43,0,28.252697
1429455173,75,0,51.546387
1429455473,35,0,55.008938
1429455773,32,0,39.662037
1429456073,44,0,35.766094
1429456373,29,0,38.122684
1429456673,30,0,36.406055
1429456973,44,0,35.95944
1429457273,39,0,30.584042
1429457573,46,0,31.92863
1429457873,30,0,31.935596
1429458173,57,0,37.83378
1429458473,43,0,49.086735
1429458773,37,0,44.98817
1429459073,34,0,42.060993
1429459373,26,0,42.907566
1429459673,44,0,31.762566
1429459973,30,0,34.187614
1429460273,54,0,31.65907
1429460573,46,0,40.35151
1429460873,38,0,31.847158
1429461173,27,0,41.27184
1429461473,48,0,36.4567
1429461773,42,0,42.551376
1429462073,38,0,36.030964
1429462373,41,0,36.522816
1429462673,54,0,40.88402
1429462973,52,0,42.001835
1429463273,41,0,39.311287
1429463573,34,0,38.509026
1429463873,66,1,37.2244
1429464173,38,0,47.50741
1429464473,42,0,37.066418
1429464773,31,0,29.313374
1429465073,44,0,33.619373
1429465373,41,0,32.20108
1429465673,48,0,35.836067
1429465973,58,0,44.226036
1429466273,70,0,36.06399
1429466573,47,0,37.300026
1429466873,51,0,36.874077
1429467173,65,0,36.2182
1429467473,43,0,49.78985
1429467773,38,0,44.937454
1429468073,32,0,44.14038
1429468373,26,0,32.05596
1429468673,34,0,35.683323
1429468973,56,0,34.3813
1429469273,47,0,40.4185
1429469573,32,0,36.045578
1429469873,46,0,37.57556
1429470173,43,0,41.535576
1429470473,43,0,47.810947
1429470773,36,0,59.719055
1429471073,37,0,31.39145
1429471373,35,0,39.92545
1429471673,32,0,31.955082
1429471973,45,0,41.911407
1429472273,34,0,38.03653
1429472573,45,0,36.142773
1429472873,38,0,33.406013
1429473173,67,0,36.3883
1429473473,55,0,45.408787
1429473773,36,0,49.42799
1429474073,42,0,41.411312
1429474373,33,0,41.503967
1429474673,38,0,35.463055
1429474973,19,0,39.49153
1429475273,33,0,32.222572
1429475573,24,0,35.356537
1429475873,27,0,25.919542
1429476173,27,0,40.64656
1429476473,25,0,26.740414
1429476773,32,0,33.34153
1429477073,30,0,32.408875
1429477373,16,0,33.56324
1429477673,26,0,30.659836
1429477973,25,0,28.810116
1429478273,55,0,32.308273
1429478573,30,0,40.31992
1429478873,53,0,36.63989
1429479173,33,0,40.97893
1429479473,34,0,33.258198
1429479773,37,0,38.3301
1429480073,51,0,30.994284
1429480373,26,0,38.293587
1429480673,34,0,27.35711
1429480973,37,0,31.053457
1429481273,36,0,29.945152
1429481573,34,0,42.847378
1429481873,31,0,34.01815
1429482173,31,0,38.280983
1429482473,35,0,32.81107
1429482773,30,0,29.401096
1429483073,32,0,29.3648
1429483373,25,0,27.711193
1429483673,44,0,33.33879
1429483973,42,0,37.49925
1429484273,37,0,37.711178
1429484573,31,0,32.39468
1429484873,34,0,29.515123
1429485173,42,0,31.118301
1429485473,33,0,33.695248
1429485773,23,0,39.37406
1429486073,36,0,28.265368
1429486373,17,0,29.617054
1429486673,25,0,30.049849
1429486973,15,0,30.485249
1429487273,14,0,28.69544
1429487573,24,0,29.70892
1429487873,33,0,25.659536
1429488173,41,0,26.784573
1429488473,31,0,29.80658
1429488773,51,0,31.038887
1429489073,28,0,43.93355
1429489373,24,0,33.793144
1429489673,19,0,26.963419
1429489973,24,0,24.50366
1429490273,67,1,24.148521
1429490573,38,0,44.094666
1429490873,43,0,29.9576
1429491173,38,0,39.657772
1429491473,34,0,35.22806
1429491773,28,0,37.854195
1429492073,93,1,28.255222
1429492373,37,0,71.19765
1429492673,22,0,41.867256
1429492973,37,0,31.046783
1429493273,28,0,35.516747
1429493573,24,0,32.783993
1429493873,17,0,29.124191
1429494173,17,0,26.296627
1429494473,43,0,25.443348
1429494773,35,0,29.582949
1429495073,26,0,28.352522
1429495373,12,0,27.307787
1429495673,25,0,29.011713
1429495973,34,0,31.423592
1429496273,29,0,27.369312
1429496573,25,0,26.915632
1429496873,30,0,23.14844
1429497173,21,0,23.787937
1429497473,40,0,27.96777
1429497773,25,0,31.554205
1429498073,18,0,27.736017
1429498373,20,0,31.740084
1429498673,27,0,27.9709
1429498973,25,0,25.816376
1429499273,194,1,24.132582
1429499573,1092,1,41.857296
1429499873,548,1,77.285614
1429500173,443,1,47.809086
1429500473,303,1,70.71544
1429500773,214,1,73.57743
1429501073,202,1,78.44023
1429501373,196,1,50.286243
1429501673,124,1,55.416126
1429501973,115,0,61.59608
1429502273,139,1,55.137043
1429502573,138,1,54.73299
1429502873,133,0,70.38421
1429503173,112,0,48.01663
1429503473,57,0,52.295353
1429503773,51,0,52.348877
1429504073,43,0,30.48684
1429504373,98,0,34.678703
1429504673,31,0,38.933437
1429504973,42,0,27.988525
1429505273,46,0,28.638832
1429505573,44,0,25.950146
1429505873,42,0,21.71686
1429506173,30,0,21.574211
1429506473,14,0,31.051489
1429506773,47,0,49.544697
1429507073,28,0,35.737377
1429507373,1605,1,38.71022
1429507673,361,0,134.92874
1429507973,171,0,146.2267
1429508273,112,0,135.5073
1429508573,92,0,75.81872
1429508873,91,0,54.066074
1429509173,82,0,43.302418
1429509473,102,0,48.47039
1429509773,88,0,36.93661
1429510073,41,0,32.521908
1429510373,72,0,61.289917
1429510673,57,0,26.851698
1429510973,41,0,42.981106
1429511273,40,0,31.774069
1429511573,43,0,21.50254
1429511873,49,0,14.137378
1429512173,42,0,23.333622
1429512473,40,0,19.692087
1429512773,37,0,22.285786
1429513073,43,0,41.866684
1429513373,30,0,14.279136
1429513673,33,0,15.34358
1429513973,22,0,20.744781
1429514273,15,0,19.183947
1429514573,27,0,23.724766
1429514873,35,0,51.603016
1429515173,35,0,16.123932
1429515473,39,0,13.740107
1429515773,27,0,36.089897
1429516073,26,0,25.578753
1429516373,22,0,25.444977
1429516673,34,0,15.287521
1429516973,23,0,9.056101
1429517273,29,0,14.0771055
1429517573,17,0,29.538343
1429517873,25,0,21.295773
1429518173,17,0,30.380999
1429518473,22,0,24.783575
1429518773,24,0,16.85829
1429519073,28,0,34.167496
1429519373,32,0,25.71669
1429519673,12,0,35.35837
1429519973,693,1,25.852951
1429520273,197,0,146.8294
1429520573,132,0,93.06557
1429520873,118,0,105.80922
1429521173,90,0,98.67537
1429521473,85,0,99.573944
1429521773,178,1,68.75001
1429522073,206,0,94.89526
1429522373,183,0,82.3837
1429522673,61,0,94.20333
1429522973,101,0,43.369446
1429523273,138,0,55.517914
1429523573,153,0,91.560196
1429523873,148,0,58.699203
1429524173,134,0,93.183464
1429524473,134,0,78.92921
1429524773,159,0,101.269226
1429525073,189,0,152.25337
1429525373,116,0,120.290535
1429525673,154,0,87.14921
1429525973,126,0,137.93594
1429526273,140,0,113.25256
1429526573,131,0,108.060524
1429526873,127,0,116.54148
1429527173,147,0,109.75883
1429527473,179,0,111.26739
1429527773,189,0,106.24674
1429528073,123,0,115.89922
1429528373,177,0,136.57552
1429528673,248,0,114.63666
1429528973,76,0,164.68275
1429529273,96,0,103.69017
1429529573,79,0,123.37576
1429529873,83,0,117.542305
1429530173,64,0,92.31829
1429530473,66,0,105.446434
1429530773,73,0,105.82471
1429531073,90,0,73.37144
1429531373,73,0,105.84806
1429531673,104,0,114.46351
1429531973,95,0,102.6902
1429532273,105,0,91.25527
1429532573,78,0,105.74702
1429532873,67,0,115.77315
1429533173,63,0,104.77124
1429533473,50,0,105.97027
1429533773,62,0,115.03592
1429534073,62,0,116.26094
1429534373,50,0,62.188637
1429534673,63,0,83.01022
1429534973,70,0,87.490166
1429535273,66,0,99.70819
1429535573,48,0,92.48533
1429535873,70,0,129.35638
1429536173,83,0,123.669525
1429536473,60,0,100.84626
1429536773,56,0,59.25256
1429537073,71,0,76.179
1429537373,61,0,51.92049
1429537673,89,0,50.706097
1429537973,74,0,61.785934
1429538273,65,0,45.001537
1429538573,442,1,44.655956
1429538873,198,0,129.64285
1429539173,165,0,127.23269
1429539473,153,0,82.12398
1429539773,142,0,141.53938
1429540073,139,0,68.90291
1429540373,118,0,78.08779
1429540673,95,0,71.94545
1429540973,96,0,76.51592
1429541273,99,0,82.27367
1429541573,99,0,81.33458
1429541873,140,0,60.433243
1429542173,128,0,68.91047
1429542473,97,0,79.62631
1429542773,127,0,82.4971
1429543073,102,0,93.54447
1429543373,80,0,63.828568
1429543673,93,0,39.326588
1429543973,112,1,39.552876
1429544273,81,0,50.32515
1429544573,74,0,61.781033
1429544873,72,0,52.547638
1429545173,60,0,52.83255
1429545473,73,0,43.44556
1429545773,73,0,43.81834
1429546073,91,0,38.421783
1429546373,83,0,56.22807
1429546673,90,0,81.6344
1429546973,91,0,45.88551
1429547273,100,0,46.55925
1429547573,111,1,45.502777
1429547873,75,0,42.7455
1429548173,68,0,47.8276
1429548473,58,0,61.980976
1429548773,265,1,59.33323
1429549073,165,0,89.95004
1429549373,110,0,66.68881
1429549673,92,0,64.45172
1429549973,88,0,77.947014
1429550273,98,0,86.35381
1429550573,121,0,83.89929
1429550873,115,0,70.62339
1429551173,100,0,52.864098
1429551473,139,1,54.16635
1429551773,812,1,88.2151
1429552073,292,0,141.49786
1429552373,189,0,170.74405
1429552673,152,0,89.31545
1429552973,163,0,82.63029
1429553273,379,1,110.15736
1429553573,462,1,136.02895
1429553873,256,0,174.93625
1429554173,210,0,151.95177
1429554473,176,0,129.49309
1429554773,138,0,126.188614
1429555073,156,0,87.49705
1429555373,122,0,125.72589
1429555673,105,0,128.7922
1429555973,72,0,90.207825
1429556273,117,0,88.11327
1429556573,115,0,61.654373
1429556873,80,0,66.297195
1429557173,93,0,77.81451
1429557473,96,0,85.13308
1429557773,114,0,57.452835
1429558073,109,0,70.53108
1429558373,85,0,55.611782
1429558673,66,0,50.15556
1429558973,73,0,75.00821
1429559273,78,0,116.61516
1429559573,418,1,74.738
1429559873,272,0,186.67897
1429560173,138,0,148.50745
1429560473,117,0,77.20109
1429560773,106,0,120.527725
1429561073,95,0,127.69653
1429561373,97,0,75.238174
1429561673,99,0,62.283295
1429561973,84,0,65.345604
1429562273,72,0,74.08141
1429562573,75,0,73.65431
1429562873,85,0,86.70651
1429563173,81,0,83.90497
1429563473,92,0,60.640045
1429563773,66,0,47.815155
1429564073,83,0,57.440445
1429564373,1403,1,68.11454
1429564673,844,1,175.65425
1429564973,692,1,189.22922
1429565273,384,1,161.75432
1429565573,460,1,132.83429
1429565873,1441,1,153.91399
1429566173,449,0,210.62509
1429566473,339,0,223.29324
1429566773,223,0,205.36447
1429567073,187,0,135.84447
1429567373,138,0,117.83968
1429567673,153,0,107.58646
1429567973,120,0,110.38356
1429568273,148,0,103.97831
1429568573,107,0,87.745674
1429568873,118,0,70.52654
1429569173,94,0,57.62958
1429569473,75,0,46.821915
1429569773,110,0,76.362274
1429570073,159,0,82.55093
1429570373,179,0,100.02589
1429570673,204,1,75.56329
1429570973,362,1,66.7027
1429571273,470,1,78.58312
1429571573,262,0,194.07533
1429571873,188,0,166.20586
1429572173,161,0,223.49425
1429572473,114,0,138.08443
1429572773,105,0,132.1962
1429573073,116,0,96.06534
1429573373,96,0,89.919556
1429573673,224,0,76.1652
1429573973,1678,1,84.52991
1429574273,679,1,251.3274
1429574573,368,0,226.96243
1429574873,221,0,197.03252
1429575173,136,0,85.791115
1429575473,196,0,82.05125
1429575773,197,0,111.98177
1429576073,165,0,132.20839
1429576373,210,0,129.40367
1429576673,171,0,108.794136
1429576973,161,0,87.280655
1429577273,292,1,95.05637
1429577573,384,0,110.064995
1429577873,307,0,196.17223
1429578173,177,0,171.51627
1429578473,111,0,142.93483
1429578773,120,0,82.4692
1429579073,89,0,105.27896
1429579373,96,0,92.61017
1429579673,82,0,87.64703
1429579973,63,0,87.04329
1429580273,91,0,93.20857
1429580573,98,0,67.71644
1429580873,78,0,80.62837
1429581173,153,0,55.53252
1429581473,174,0,86.161446
1429581773,142,0,82.55808
1429582073,119,0,125.90092
1429582373,81,0,96.67261
1429582673,95,0,58.952732
1429582973,151,0,64.00152
1429583273,93,0,77.08839
1429583573,66,0,63.07145
1429583873,82,0,65.98594
1429584173,82,0,59.633762
1429584473,92,0,67.796036
1429584773,62,0,67.71319
1429585073,70,0,74.4188
1429585373,75,0,57.99187
1429585673,52,0,58.141132
1429585973,138,0,59.334084
1429586273,106,0,68.49218
1429586573,56,0,86.66271
1429586873,73,0,45.344955
1429587173,45,0,48.75371
1429587473,87,0,50.86144
1429587773,91,0,69.72457
1429588073,200,1,70.45037
1429588373,190,0,157.90698
1429588673,221,1,70.4471
1429588973,124,0,69.69664
1429589273,109,0,76.30037
1429589573,96,0,58.76346
1429589873,90,0,79.96427
1429590173,71,0,69.36221
1429590473,53,0,59.10431
1429590773,48,0,73.56852
1429591073,60,0,85.06172
1429591373,56,0,82.15878
1429591673,49,0,66.117836
1429591973,48,0,78.44271
1429592273,43,0,58.032066
1429592573,91,0,52.555294
1429592873,91,0,44.865486
1429593173,47,0,62.023006
1429593473,79,0,52.542736
1429593773,85,0,78.096436
1429594073,43,0,52.857563
1429594373,39,0,54.30156
1429594673,35,0,58.602833
1429594973,47,0,63.592876
1429595273,33,0,53.797134
1429595573,34,0,55.518486
1429595873,51,0,47.905807
1429596173,42,0,45.910263
1429596473,39,0,50.310863
1429596773,42,0,58.76851
1429597073,49,0,54.695366
1429597373,53,0,74.68191
1429597673,34,0,71.61775
1429597973,43,0,38.862957
1429598273,47,0,32.467747
1429598573,43,0,46.940224
1429598873,42,0,56.68172
1429599173,34,0,56.585342
1429599473,34,0,40.019764
1429599773,39,0,49.335773
1429600073,25,0,31.836864
1429600373,33,0,49.458794
1429600673,25,0,44.583565
1429600973,21,0,46.286064
1429601273,29,0,30.511314
1429601573,28,0,-7.618598
1429601873,27,0,16.031693
1429602173,23,0,39.175697
1429602473,32,0,46.949127
1429602773,31,0,45.70764
1429603073,76,0,31.121422
1429603373,28,0,38.988586
1429603673,37,0,21.873756
1429603973,32,0,47.88013
1429604273,31,0,48.80209
1429604573,27,0,52.34746
1429604873,23,0,35.00946
1429605173,20,0,38.046158
1429605473,22,0,32.09645
1429605773,45,0,51.984703
1429606073,35,0,39.897934
1429606373,40,0,46.476265
1429606673,41,0,31.906042
1429606973,29,0,34.319366
1429607273,22,0,34.595375
1429607573,29,0,43.54781
1429607873,29,0,59.646503
1429608173,25,0,57.391026
1429608473,32,0,22.684563
1429608773,37,0,17.009663
1429609073,23,0,29.459267
1429609373,37,0,49.9466
1429609673,25,0,44.825268
1429609973,31,0,59.489082
1429610273,48,0,44.10245
1429610573,38,0,51.770565
1429610873,23,0,47.340885
1429611173,32,0,41.272408
1429611473,29,0,62.02326
1429611773,27,0,51.387726
1429612073,30,0,49.517128
1429612373,16,0,35.612465
1429612673,23,0,31.86058
1429612973,27,0,44.115326
1429613273,36,0,44.178833
1429613573,34,0,49.82201
1429613873,35,0,42.12695
1429614173,31,0,42.532364
1429614473,44,0,34.642475
1429614773,38,0,46.888775
1429615073,35,0,58.77112
1429615373,39,0,27.860756
1429615673,40,0,46.95783
1429615973,39,0,36.516376
1429616273,44,0,25.889135
1429616573,34,0,45.248653
1429616873,35,0,70.967064
1429617173,29,0,50.76886
1429617473,51,0,34.347507
1429617773,54,0,32.22638
1429618073,50,0,29.206768
1429618373,40,0,42.56393
1429618673,37,0,44.15174
1429618973,48,0,62.254257
1429619273,40,0,42.711994
1429619573,50,0,37.199467
1429619873,58,0,39.626934
1429620173,45,0,46.825237
1429620473,63,0,47.242558
1429620773,42,0,182.14784
1429621073,53,0,48.701298
1429621373,73,0,40.64513
1429621673,57,0,67.98699
1429621973,74,0,52.369106
1429622273,57,0,184.73398
1429622573,38,0,124.70176
1429622873,62,0,59.9358
1429623173,45,0,47.934593
1429623473,39,0,56.461452
1429623773,57,0,64.99588
1429624073,89,0,116.4698
1429624373,65,0,207.17043
1429624673,175,0,184.46986
1429624973,108,0,144.76857
1429625273,127,0,117.7136
1429625573,108,0,117.545105
1429625873,148,0,110.31096
1429626173,213,0,212.82323
1429626473,136,0,186.2051
1429626773,208,0,104.33052
1429627073,231,0,170.37749
1429627373,159,0,181.7804
1429627673,162,0,148.39056
1429627973,239,0,192.48485
1429628273,171,0,148.96252
1429628573,208,0,176.44592
1429628873,301,0,147.13042
1429629173,203,0,198.68916
1429629473,197,0,177.09592
1429629773,161,0,155.77153
1429630073,136,0,136.18498
1429630373,285,1,126.58696
1429630673,256,1,117.05679
1429630973,193,0,160.79987
1429631273,154,0,120.615746
1429631573,146,0,125.21002
1429631873,161,0,142.95589
1429632173,175,0,166.11961
1429632473,153,0,133.36685
1429632773,1050,1,109.97417
1429633073,1059,1,344.00766
1429633373,543,0,280.74216
1429633673,396,0,229.82869
1429633973,291,0,190.45117
1429634273,213,0,160.31389
1429634573,402,0,208.33641
1429634873,186,0,190.51385
1429635173,161,0,205.47247
1429635473,146,0,164.99658
1429635773,162,0,164.20277
1429636073,99,0,211.92114
1429636373,131,0,140.5854
1429636673,221,0,121.256996
1429636973,152,0,165.3269
1429637273,223,0,175.66066
1429637573,136,0,159.07774
1429637873,115,0,183.69203
1429638173,128,0,131.58168
1429638473,104,0,114.09926
1429638773,268,0,169.90533
1429639073,315,0,173.3603
1429639373,217,0,195.6273
1429639673,292,0,189.89948
1429639973,152,0,177.26901
1429640273,117,0,135.43716
1429640573,90,0,143.40094
1429640873,121,0,107.000374
1429641173,146,0,135.68121
1429641473,391,1,88.702805
1429641773,298,0,191.88107
1429642073,190,0,176.95279
1429642373,136,0,164.76749
1429642673,141,0,165.13184
1429642973,175,0,175.57823
1429643273,146,0,114.80179
1429643573,122,0,186.55487
1429643873,156,0,159.67447
1429644173,180,0,171.5152
1429644473,276,1,134.54979
1429644773,242,0,128.52875
1429645073,182,0,205.98735
1429645373,171,0,197.71555
1429645673,244,0,155.5781
1429645973,368,1,112.74598
1429646273,330,0,178.79813
1429646573,1360,1,181.57768
1429646873,2526,1,302.56372
1429647173,3414,1,323.64984
1429647473,2826,1,382.82983
1429647773,2510,1,407.38986
1429648073,1299,1,388.84045
1429648373,714,0,456.41663
1429648673,576,0,323.3193
1429648973,490,0,348.96802
1429649273,350,0,296.16595
1429649573,249,0,234.89127
1429649873,220,0,234.88571
1429650173,166,0,182.92036
1429650473,165,0,230.1985
1429650773,183,0,188.24063
1429651073,127,0,215.9613
1429651373,120,0,246.06804
1429651673,107,0,143.10628
1429651973,127,0,199.35242
1429652273,154,0,182.22131
1429652573,297,0,191.65245
1429652873,202,0,345.80942
1429653173,159,0,312.787
1429653473,110,0,212.53162
1429653773,105,0,247.29065
1429654073,105,0,250.33652
1429654373,90,0,164.07951
1429654673,79,0,177.58348
1429654973,79,0,186.82498
1429655273,99,0,201.93623
1429655573,95,0,235.08421
1429655873,116,0,258.1117
1429656173,96,0,167.90657
1429656473,96,0,168.10567
1429656773,83,0,160.79544
1429657073,117,0,146.60255
1429657373,142,0,121.966965
1429657673,95,0,149.23401
1429657973,73,0,135.3596
1429658273,89,0,148.72726
1429658573,59,0,182.3615
1429658873,76,0,118.90252
1429659173,83,0,130.57843
1429659473,85,0,119.748604
1429659773,63,0,121.04997
1429660073,55,0,127.38114
1429660373,93,0,153.0885
1429660673,59,0,96.64838
1429660973,72,0,104.413
1429661273,52,0,94.39143
1429661573,69,0,89.98926
1429661873,59,0,92.10884
1429662173,55,0,91.137566
1429662473,61,0,89.51905
1429662773,75,0,105.287544
1429663073,55,0,95.15974
1429663373,51,0,93.64932
1429663673,57,0,87.2827
1429663973,53,0,91.62947
1429664273,54,0,83.268715
1429664573,44,0,79.34295
1429664873,36,0,79.97965
1429665173,44,0,68.781395
1429665473,64,0,92.81298
1429665773,46,0,75.8777
1429666073,80,0,64.73871
1429666373,96,0,86.090996
1429666673,49,0,63.061317
1429666973,80,0,48.28515
1429667273,117,0,58.689354
1429667573,67,0,60.44315
1429667873,132,0,61.833755
1429668173,72,0,45.599216
1429668473,49,0,80.18897
1429668773,47,0,69.55044
1429669073,42,0,68.23761
1429669373,47,0,74.08978
1429669673,50,0,62.916798
1429669973,52,0,66.226
1429670273,47,0,72.54888
1429670573,42,0,64.93585
1429670873,64,0,62.9004
1429671173,49,0,74.55438
1429671473,36,0,59.80629
1429671773,43,0,66.64948
1429672073,77,0,62.63743
1429672373,39,0,73.31515
1429672673,41,0,66.15454
1429672973,42,0,61.9277
1429673273,42,0,57.741867
1429673573,47,0,52.82624
1429673873,28,0,54.879757
1429674173,25,0,61.730755
1429674473,37,0,55.904552
1429674773,37,0,42.623817
1429675073,48,0,63.119022
1429675373,40,0,45.798916
1429675673,30,0,35.46255
1429675973,38,0,55.063812
1429676273,36,0,60.85825
1429676573,31,0,41.627605
1429676873,50,0,43.737617
1429677173,38,0,48.555958
1429677473,33,0,59.345474
1429677773,41,0,73.52553
1429678073,36,0,56.680454
1429678373,37,0,76.13983
1429678673,35,0,51.172375
1429678973,32,0,41.998768
1429679273,29,0,36.48855
1429679573,40,0,38.325447
1429679873,27,0,61.868607
1429680173,24,0,44.28653
1429680473,36,0,45.53725
1429680773,23,0,50.552185
1429681073,25,0,45.21942
1429681373,16,0,46.57495
1429681673,22,0,59.097244
1429681973,47,0,38.789295
1429682273,52,0,46.602352
1429682573,47,0,46.7751
1429682873,42,0,51.563984
1429683173,52,0,47.778477
1429683473,31,0,39.529026
1429683773,56,0,51.139767
1429684073,64,0,48.124397
1429684373,42,0,45.822353
1429684673,25,0,43.335793
1429684973,42,0,54.541878
1429685273,61,0,45.10915
1429685573,65,0,54.530666
1429685873,57,0,41.76455
1429686173,41,0,44.89502
1429686473,34,0,56.77409
1429686773,29,0,53.29257
1429687073,22,0,57.113003
1429687373,19,0,60.71591
1429687673,28,0,53.585304
1429687973,18,0,41.86775
1429688273,20,0,52.112877
1429688573,14,0,44.86533
1429688873,15,0,52.771793
1429689173,16,0,52.235794
1429689473,16,0,49.872635
1429689773,15,0,49.999832
1429690073,32,0,43.805676
1429690373,17,0,55.090885
1429690673,17,0,66.27943
1429690973,14,0,59.06936
1429691273,15,0,56.653698
1429691573,19,0,46.844402
1429691873,8,0,47.30136
1429692173,13,0,63.122272
1429692473,25,0,55.16119
1429692773,12,0,65.83546
1429693073,18,0,48.850952
1429693373,8,0,40.332237
1429693673,14,0,51.865376
1429693973,8,0,51.291206
1429694273,9,0,54.02454
1429694573,11,0,53.330303
1429694873,32,0,44.260376
1429695173,26,0,42.00659
1429695473,31,0,44.65972
1429695773,34,0,57.34494
1429696073,31,0,47.507507
1429696373,30,0,47.41987
1429696673,33,0,50.17349
1429696973,33,0,64.540344
1429697273,44,0,53.349392
1429697573,32,0,64.334496
1429697873,26,0,61.583675
1429698173,37,0,58.138103
1429698473,30,0,56.79358
1429698773,24,0,51.80681
1429699073,27,0,38.44129
1429699373,28,0,56.710247
1429699673,38,0,48.82574
1429699973,32,0,57.467957
1429700273,42,0,55.660553
1429700573,29,0,44.69691
1429700873,22,0,53.112823
1429701173,33,0,56.573105
1429701473,27,0,66.58734
1429701773,43,0,59.709446
1429702073,46,0,62.606667
1429702373,50,0,41.393402
1429702673,77,0,52.934196
1429702973,73,0,52.551308
1429703273,39,0,87.6828
1429703573,50,0,78.32791
1429703873,65,0,61.63095
1429704173,50,0,64.96705
1429704473,44,0,64.196655
1429704773,47,0,69.57008
1429705073,41,0,75.79175
1429705373,61,0,83.838554
1429705673,40,0,70.45743
1429705973,45,0,62.95149
1429706273,36,0,80.345634
1429706573,40,0,85.775734
1429706873,38,0,82.70202
1429707173,33,0,84.23233
1429707473,62,0,90.44201
1429707773,59,0,99.57362
1429708073,34,0,86.60369
1429708373,45,0,84.96818
1429708673,35,0,76.14738
1429708973,33,0,86.08677
1429709273,44,0,67.25039
1429709573,45,0,78.11586
1429709873,48,0,75.266945
1429710173,34,0,81.75758
1429710473,27,0,95.903786
1429710773,60,0,86.0847
1429711073,65,0,74.83765
1429711373,36,0,72.444046
1429711673,43,0,81.30134
1429711973,63,0,105.269325
1429712273,42,0,86.472115
1429712573,40,0,82.22078
1429712873,66,0,78.71486
1429713173,32,0,84.51398
1429713473,47,0,70.57807
1429713773,103,0,83.70371
1429714073,60,0,74.31844
1429714373,54,0,101.78689
1429714673,71,0,77.90688
1429714973,59,0,76.44358
1429715273,81,0,114.10085
1429715573,77,0,87.060776
1429715873,89,0,76.95843
1429716173,60,0,97.377106
1429716473,78,0,73.3983
1429716773,60,0,83.88038
1429717073,82,0,71.18049
1429717373,51,0,84.62285
1429717673,57,0,87.770004
1429717973,54,0,98.70664
1429718273,54,0,80.29943
1429718573,76,0,76.476715
1429718873,68,0,95.14084
1429719173,67,0,82.00678
1429719473,67,0,73.644714
1429719773,56,0,118.45181
1429720073,80,0,86.38844
1429720373,93,0,98.20017
1429720673,86,0,85.162346
1429720973,65,0,102.19755
1429721273,62,0,97.39869
1429721573,76,0,86.612434
1429721873,191,0,93.12943
1429722173,117,0,87.62216
1429722473,81,0,87.13714
1429722773,102,0,108.64276
1429723073,85,0,83.00594
1429723373,71,0,94.97116
1429723673,103,0,86.1914
1429723973,68,0,95.269905
1429724273,73,0,73.15808
1429724573,50,0,84.3224
1429724873,56,0,77.68358
1429725173,53,0,85.715965
1429725473,61,0,84.724045
1429725773,105,0,97.63337
1429726073,93,0,85.74657
1429726373,81,0,86.524414
1429726673,96,0,100.72426
1429726973,68,0,92.22511
1429727273,55,0,78.812
1429727573,64,0,76.588135
1429727873,59,0,77.842674
1429728173,71,0,92.85044
1429728473,45,0,92.497765
1429728773,59,0,78.31428
1429729073,158,0,89.06378
1429729373,81,0,100.58901
1429729673,93,0,97.29392
1429729973,67,0,77.69527
1429730273,74,0,93.83977
1429730573,67,0,90.63431
1429730873,55,0,75.71917
1429731173,83,0,85.66068
1429731473,67,0,100.62252
1429731773,72,0,93.88541
1429732073,72,0,95.00583
1429732373,44,0,81.67665
1429732673,94,0,76.71873
1429732973,257,1,78.772026
1429733273,838,1,74.22103
1429733573,177,0,254.22289
1429733873,38,0,99.034355
1429734173,317,1,90.18131
1429734473,116,0,132.43918
1429734773,67,0,90.83046
1429735073,77,0,95.1216
1429735373,57,0,92.249565
1429735673,116,0,90.53647
1429735973,121,0,90.143364
1429736273,120,0,87.56021
1429736573,109,0,70.333145
1429736873,44,0,82.32109
1429737173,74,0,80.93514
1429737473,60,0,84.63474
1429737773,83,0,76.13317
1429738073,64,0,57.01733
1429738373,45,0,92.77311
1429738673,70,0,66.26865
1429738973,106,0,66.04365
1429739273,66,0,114.093185
1429739573,50,0,98.33357
1429739873,76,0,65.51404
1429740173,65,0,71.094635
1429740473,71,0,56.224136
1429740773,81,0,70.555244
1429741073,58,0,64.661835
1429741373,47,0,65.970245
1429741673,75,0,65.04505
1429741973,91,0,67.86498
1429742273,53,0,85.813324
1429742573,123,0,58.666924
1429742873,72,0,59.261497
1429743173,58,0,62.972233
1429743473,49,0,46.940605
1429743773,60,0,47.839005
1429744073,52,0,60.363163
1429744373,38,0,66.57902
1429744673,53,0,61.75253
1429744973,42,0,73.233665
1429745273,32,0,71.50712
1429745573,31,0,64.60687
1429745873,44,0,66.194565
1429746173,39,0,72.059265
1429746473,44,0,68.886375
1429746773,187,1,84.02334
1429747073,48,0,60.41224
1429747373,41,0,71.50987
1429747673,52,0,67.742714
1429747973,83,0,66.09339
1429748273,56,0,65.41443
1429748573,42,0,66.63026
1429748873,85,0,60.66367
1429749173,38,0,59.35856
1429749473,41,0,77.202995
1429749773,63,0,109.682304
1429750073,65,0,66.664276
1429750373,83,0,114.91838
1429750673,69,0,59.032547
1429750973,60,0,68.66392
1429751273,93,0,62.826447
1429751573,48,0,67.43697
1429751873,42,0,66.301125
1429752173,77,0,73.01836
1429752473,71,0,57.333534
1429752773,56,0,60.329704
1429753073,61,0,53.688522
1429753373,42,0,73.88132
1429753673,46,0,65.81234
1429753973,48,0,70.39602
1429754273,73,0,60.341198
1429754573,78,0,53.25415
1429754873,48,0,62.225006
1429755173,28,0,66.15545
1429755473,42,0,68.42028
1429755773,48,0,53.451565
1429756073,44,0,53.624115
1429756373,45,0,59.752296
1429756673,48,0,52.14763
1429756973,26,0,58.007545
1429757273,38,0,59.1447
